text,label
Büyük büyük düğünler sadece gelinin hizmetçinin elbiseleri ve benim tanıdığım insanlar için böyle şeyler,0
"Lid won’t close in my Keurig with this item being used. Throwing it away, waste of money.",1
Ve okul ne zaman izin verirse sadece yok ne yapacağım hakkında hiçbir fikrim yok çünkü geçen yıl yaptığımız şeyi kesinlikle karşılayamam,0
Christmas gift for grand daughter. She loves them.,1
"2002 mali yılı için vba , organizasyon performans hedefleri ve gerçek performansı anlamlı ve ölçülebilir performans unsurları ile bağlayan performans unsurları için bireysel sorumluluk geliştirmek için bölgesel ofisleri üst düzey yöneticiler için performans planlarını revize etti .",0
"I put the silver one on my phone last night. It was great! Worked well, swiveled, everything I expected...until it came off 3 hrs later and I dropped my phone on my face! I had been using a different brand for awhile but the design was childish so I tried these. Never again! Just not sure what I'm going to do with the extras because I'm too embarrassed to give them to friends.",1
UM-hum oh hayır bence evet oğlum sadece gündüz bakım yapıyor ama hatta ders dışı aktiviteleri var ve yaşlandıkça daha da al bu işin içine çok,0
"Very nice, but came with a broken slat. It’s still functional",1
"I highly recommend buying this; it is so great! I have gotten so many compliments on it. I love the bright red color. It has wheels and an extendable handle like a suitcase, which makes it so easy to transport. It has three different compartments, which are roomy. It does not have any dividers, which I personally like because there’s more room. It came with two sets of keys to lock it. This is such a great product, especially if you are a makeup artist, nail tech, cosmetology student. Etc.",1
Her biri sessizlik içinde yedi .,0
Aykırı uygun ilgi var mı ?,0
Smelled like it was rancid. Not sure if it was stored correctly.,1
"We loved this movie! Good action, sci-fi, and very enjoyable. If you like action packed sci-fi movies, this movie is an entertainer from the word go.",1
They are easy to work with,1
"Tam 1966 ' de yaratılan kwanzaa , birçok siyah Amerikalı ' yı Afrika mirasına geri getirdi , bu yüzden hanuka yahudileri mirasına bağ yardım etti ve bazı durumlarda onları geri getirdi .",0
"Blacks out light, the only light is the light the leaks in from the edges.",1
The product came fast and I have no problem installing it. The material looks high quality and fit nicely in the back seat. I highly recommended this and it at a great price.,1
My case was broken when I got it in the mail,1
It comes with five!! I can put every bedroom and the living room with one and take the short one to school. And the charging speed is quick.,1
Very bad quality and looks cartoonish...not what I was looking for but for the price I figured I could try it.,1
I really like this set and now having wedding rings I can wear when doing yard work or at the beach.,1
Ne de olsa sadece bir film,0
When I started wearing this product my skin got rash and itched it the area that caused me and irritated spending and getting worst. I don't know why this product has this problem it costs me other money to my the medicine for itching and getting a rash. My skin got pilled when I itched the area and it causing me a lot of problem with this product.,1
"12 yüzyılda inşa edilen bu sert , sağlam yapı , şehrin en iyi haçlı kilisesi .",0
"Bu ek tedbirler , bireysel hane neden daha az tasarruf etmeyi tercih ettiğini açıklayabilir olsa da , nipa kişisel tasarruf oranı insanların mevcut gelirini hemen hemen alıcı ve gelecek için az tasarruf ettiğini gösterir .",0
This product was okay but had to air it out for weeks to get rid of the smell,1
1990 ' de Sovyetler Birliği ' nin çöküşü sırasında nepalliler bir kez daha mücadele sistemine son vermek için sokaklara çıktı .,0
Az adı altında daha az detaylı modeller satılır .,0
I just love Pamela’s work. She truly knows how to get the reader invested in the story. She makes you in love with almost everyone you meet. She has a gift of story telling but also giving you a message. There really are good people in the world. At least we can hope!,1
The characters and storyline I liked.,1
"Bir an sonra iyiki memnun oldu , çünkü giren conrad değil , bir kız .",0
"Milliyetçilik hiçbir zaman tamamen yok olmadı , ve yüzyılın son bölümünde , iskoçya için kendine kararlılık elde etmek için bir uyumlu ( yine de huzurlu ) bir çaba olmuştur .",0
"Rastgele kalpler . ' bilimsel süreci anlayan herkes gibi , buradaki sorun sydney pollack ile yatıyor , ' Dr. Ostroff dikkat çekti .",0
Temple Bar Galerisi ( Temple bar ) 40 ' e kadar ikamet eden sanatçının çalışmalarını sergiler .,0
Tamam çünkü bir bardak su kaynat için sonsuza kadar süren o küçük mikrodalgalar aldım .,0
Couldn’t even try it. Came crushed.,1
"Ve iyi avukatlar , bizim zamanında mevcut tüm araçları kullanarak bunu bir .",0
Never received the item and did not realize it until it was to late to report the item not delivered,1
Gift for husband - knew he would love it,1
Bu durumda çocuklar varken sanırım biri kendi storly biliyor ve ben de biliyorum ki çocuklarımın davası bir bir. iki kişi kadar kadar . Daha genç sınıftayken eşim iş gücüne yeniden tekrar,0
I cannot leave review on the product because I never rec'd it. Tried to find how to let Amazon know. Will have to call them,1
this jag puzzle is still too hard for 2 year old kid to play. My kid lost his interest fast :(,1
It worked good for 2 months. After that it would only worked while connected to the charger. And then 6 months later it stopped working. Wasted money.,1
"Kind of annoying to use. Doesnt sync properly in the morning and I was too grumpy and tired to make it work. When it did sync upon starting, it worked well. If you have patience, it would be good buy.",1
"Poirot , az bir törenle her şeyi yere php .",0
"Okudu organizasyonlar , Federal Ajansları karşı karşıya gelen aynı tür riskleri yönetmeye olduğunu .",0
Paul Bu manzarayı küçülür .,0
The adhesive wears off over time and the bottom part of the heel pad just made my foot height uneven as I walked. I ended up cutting that part out and using super glue to stick the ankle part of it back to my shoe. Wish I would have just bought the ones that just covered the ankle part of the shoe.,1
Can’t review an item I NEVER RECEIVED. ups marked it as delivered and amazon said that it will be delivered the following day....still nothing.,1
Bir özgüven olarak sosyal olarak kabul edilebilir gibi görünüyor . Bina inşa etmek kişinin güvenini ve sende var,0
I loved the dress but I clearly ordered a medium but I received and Extra Large dress. would like to return and exchange,1
It was used but didn't have any damage. All the other auto parts store are selling it for $50 to $60 dollars.,1
Ben de her zaman özel ya da erkeksi görünmek fikrine karşı mücadele ediyordum ve insanlar benim beden eğitimi olduğumu asla tahmin etmezler ve bu beni memnun etti,0
I like how these are flexible and affordable. Would recommend.,1
I enjoy a light book every now and then. This filled the bill. The story moved along with several twists.,1
No good you have to recharge every time and it does not clean the blackheads of your nose. I will take your suggestion to have teh refund of $15.00 because it doe snot work well but I do not want to expense in return courier expense,1
"Oğulları sezaryen her iki ülkeye de hükmetti , böylece mısır kan hattına devam etti .",0
"Newsweek ' in Michael İsikoff , sonra Washington Post ' ta , Hale ' in Kasım ' da hikayesini bildirdi . 2 , 1993 -- Spectator ' ın , Hale ' e yapılan sözde ödemeleri yaptı aylar önce .",0
Bir cd de sipariş edebilirsiniz .,0
"Out of the package I was pleasantly surprised at what I saw; several different light source settings, three different magnifications, and all in a compact case in design. However after multiple uses, I’m highly disappointed in this product it is met none of my expectations as the lights are Fairly ineffective and the higher. Magnification settings are too small to get cleared good visuals. I would not recommend this product to anyone and I was disappointed enough to try and return within 30 days and I was told it is in eligible for return so I wasted money for absolutely worthless product .",1
"Diğer yandan Microsoft , Netscape ' in % 60 ' i ile karşılaştırıldığında tarayıcı pazarının % 40 ' den az olduğunu işaret ediyor .",0
Askeri Akademi mezunları da garip bir şey . Yani itiraf etmek zorundayım .,0
Bir insanın temel insanlığı bu dünyaya nasıl geldiği ya da başka birinin aynı DNA ' ya sahip olup olmadığı ile yönetilen .,0
Göçmen işçi kampları aman allahım karton kutularda yaşıyorlar,0
The print is so small that you can’t read it and the stones are cloudy. Very disappointed.,1
A friend had sunburn on her back after the first day of being out in the Hawaiian sun. Applied this at night and she felt immediate relief and minimal pain the next morning. I recommend putting it in the fridge to add an extra relief when it is applied.,1
They fog tooooo much! Waste of money. Also they leak a lot. Made so many adjustments to the strap but after some time the leak is back. Very very annoying.,1
"This had such promise but there's just something strange with the writing. Things happen but they're not fully explained, it doesn't draw you into the story - it just tells you what has occurred. It's rote and unfulfilling. What should be pivotal scenes just pop out of nowhere with no lead in or explanation and it's just so mechanical in its story telling. I don't care when characters die or are tortured because there's no actual emotion written into the experiences. As I continued reading, I wanted to be more interested in the characters but Charles' presence is pointless and his character has no actual reason for existing, and the main character just falls flat. There's no single interesting character that stands out in the entire book which is sad because the author has built a flush and diverse world to build off of. It held such promise.. Oh well.",1
I ordered small and they gave me extra large,1
Gülmek için çocuklara bağırıp bağırıyor ya da çok gürültülü oynuyor .,0
"Nsiad , ikili girişimler üzerinde devam eden çalışmaları kapsamında bulguları bu şekilde kullanıyor .",0
Mildly amusing boring quickly no point,1
My cat grew bored very quickly. Not enough of a challenge.,1
Seems just fine- not the bunnies favorite treat but hey were all different right?,1
The quirk is strong in this one!,1
My 2 month old slept well last night as the blanket is soft and large. The only issue is that the blanket either arrived damaged or after one day easily snags. There is a thread that is coming undone.,1
Ah valla şu an monterey California ' dayım,0
I liked that they didn’t skip but they were A LOT smaller than I anticipated.,1
Great to have a nail kits around the house. The nippers are dull and doesn’t grab. I thought I was getting items that the store didn’t sell.,1
"I love these, but 3 out of the 6 arrived with dead batteries. I don't want to return them. Is there a way to just get new batteries?",1
"Merkezin karşısında ve restore edilmiş şeker değirmeni , dükkanlar , atölye ve birinci kat restoran olan kule el sanatları Tasarım Merkezi ' dir .",0
"Bu tür ek bilgilerin raporu , mali raporu artıracak şekilde teşvik ediliyor .",0
Sol ve biz de iki çocuk aldık ve kimse bu koltuklara iki çocuk getirmez çünkü,0
"did not feel comfortable, my foot slid off",1
"My first nice projector. 2800 lumens makes the projection work pretty well even in the daytime. Speaker is good enough thus not necessary to connect with external speakers. Very beautiful pure white color. We use it for home entertainment, perfect for kids to have a party or a home movie to pretend in the theater. Easy to connect with my phone, ipad, laptop and portable DVD player, very compatible. Worth buy.",1
Ah ah ah oyunları ve el sanatları üzerinde çalışma ve projeler üzerinde çalışma ve içecekler ve sen hint isimleri al ve saç bandı tak ve gibi hareket et ve biraz hint hakkında bilgi al,0
Um benim istediğim bu işte yapmak istediğim şey sadece gerçek sek şeyler ama,0
Yüksek sesle onun avantajını takip etti : ve ben neden bu kadar güveniyorum ?,0
Kâr paylaşım hisse senedi seçenekleri var . Para tasarruf etmek için bir sürü yol teklif ediyorlar . Eğer fazladan bir şey varsa .,0
This worked great until a few days after the return window closed. Had to charge it about every other day but then it just stopped working. Lights up like it’s supposed to but doesn’t actually pump any water. Waste of money!,1
"Onlar olmadan , senin de söylediğin gibi , hiçbir şey bir .",0
Ate them all and they were ok......bring back my Maple Leaf franks............PLEASE!,1
"Love this!!! It’s a super soft, sexy and very comfortable robe. It looks exactly what shows on pictures. Most surprising is price, it’s not expensive compare to others.",1
"Ama İtalya ' nın en büyük ve Doğu-en büyük gölü aslında daha çok bir banjo gibi , 52 km ( 32 km ) boyundaki sert romantik kayalıklardan geniş ses kutusuna kadar , 18 km ( 11 km ) acrose yeşil tepeler ve bahçeler ile çevrili .",0
"Londra Guardian ' ın joanna coles , varlığı o kadar belli ki , normalde hakaret eden Ozan ' ı görmek için rahatsız olmayan çizmek için bir hile .",0
"Ca ' daan , köyü için endişeli , şimdi geçmek istedi ama kal ' ı çok gergin görmek , Jon ' u bunun iyi bir fikir olduğuna ikna etmedi .",0
"If you have sensitive, infection-prone cartilage piercings, do not get these. I have had my cartilage piercing for years and haven't had an infection in quite some time, but these gold-plated studs irritated my piercings to the point that I could not sleep on my side anymore.",1
Yakındaki ' in yakın şehirleri ( brunello şarapları için bilinir ) ve pienza ( Rönesans Kentsel Planlama ' nın ilk örneği ) küçük kasaba dikkat ve mutfak keyifler söz verir .,0
Vurgu cennetten dünya ' ya değişti .,0
Ben bilim adamı değilim .,0
Nadiren tam ücreti ödemiş .,0
"Web parmak ve televizyon onunla giderse , parmak izi takip etmeli .",0
"Don’t buy this product if you’ll be driving you car in any kind of wet weather. For starters, the keychain remote NEVER worked from day one. They sent me a replacement, it worked for a week or so, but you had to be within at most 10ft of the control box for the keychain to work the lights. Than, with the expansion kit I bought for my grill, one of the splitters didn’t work. Ended up having a replacement sent out to me, worked well for a month or so, now I’m having trouble with the splitter again. Now,(yes, there’s more) the main light under the driver side just suddenly went out. After not driving the car for almost a week. Not sure how that happens. Personally, I feel as if the connectors aren’t water proof. Even if you do tape them up. Not truly plug & play. Take your money elsewhere. I wouldn’t be so upset if I cheaped out and got a cheap underglow kit. But this was supposed to be top of the line, turns out, it’s not. Save your money.",1
I didn’t read the description. The packaging looks too similar to the monk fruit packets I have. I wanted a larger quantity of pure monk fruit.,1
"I use this brush for dust control, works great on cameras and organ keyboard.",1
"1962 ' de bağımsızlık bu yana , Turizm Jamaika ' nın ana sanayi oldu ve ada karayipler ' deki en önemli yerler biri olarak ünlü oldu .",0
Ve hangileri snowbird,0
All you can ask for!,1
this product does not hold a charge at all. i have only used it couple of times. I have left it to charge for 24 hrs. when i decided to use it a day later the light would not come on and there is no indication on the iphone 7 that its being charged I tried different cables with the same result,1
"We have used Frontline for years for flea and tick prevention. However, this summer it has not worked on fleas. I have made 2 applications, followed instructions, and our cats still have fleas. Not sure if their formula has changed or if it's the weather, but I have purchased a different brand of drops formulated only for fleas. We'll see if we have better luck with that.",1
Writing is a bit small on the unit and color fades in the sun after a few months.,1
"Son iki yıl içinde bitki aşırı büyüme , İpoh ' den 12 km ( 7 KM ) ' nin kalesi , sahibi William Kellie Smith ' in , lastik saksı , bir lastik saksı ile öldü , 1920 ' li yaşlarda iskoçya ' yı ziyaret ediyor .",0
Valla benim gerçek hislerim lisans eğitimi amacı ile ilgili gerçekten zamanı evet sen eğitim alırsın bazı şeyler öğrenirsin ama en sonunda çoğunu unutursun,0
I love chai tea. My husband just got a Keurig and I figured it would be easier if I could just make the chai tea in it. I ordered this we made it on Sunday morning I took one sip and dumped it. It was absolutely horrible. All you could taste was the sucralose.,1
"İncil ' in 1260 oyma , Fransız gotik heykeline net bağlantıları var , roman ve etrüsk lahitler ' dan modeller çizerken , bir herkül daniel ve juno ve phaedra ' in kafa ilham aldığı bir mary .",0
"Rolling Hills ve yaprak döken ağaçlar , minik hamlet ve yeşil meadows ' un bir ülkesi , Güneydoğu , en dramatik görsel olmasa da göl bölgesinin en popüler bölgesi .",0
"2 of the 4 frames I ordered arrived broken. This didn't happen the last time I ordered them, so not sure if it was the packing this time, or if the overall manufacturing quality has gone down. Terribly disappointed though, and will never order from them again.",1
"Great case, but the rubber has already started coming off.",1
"1763 yılında , eski kasabadan erişim sağlayacak olan Kuzey Köprüsü ' nde 1763 inşaat başladı .",0
"Ancak , denizaşırı büyük oldukça kapasitesi , çoğu sınıf için fiyat artışı sınırlamak üzere olan potansiyel ithalat hazır hale getirecek .",0
"I've used a few of these in the past and they have worked well,however I ordered one recently and there were no ""male"" ends on any of the connectors, only female ends so there was no way to connect LED light to the power supply. Amazon sent a replacement but it had the same problem. Must have been a bad batch sent out. Hopefully they can get this straightened out, I would still like to order one.",1
"5 Örneğin , hazine güvenlik gibi ilgi çekici güvenlik piyasa fiyatları piyasa faiz oranları ile ters dalgalanma .",0
Returned as it was too small,1
It was a pretty easy read. Not really predictable.,1
Excellent Works Great with My Elecom Trackball Mouse..,1
I love this comforter! The ties inside is perfect in keeping the comforter in place and the material is fabulous! I thought it would be too hot at first being that it’s cotton but it adjusts to whatever temperature the room is. So when we have the fan on to keep the room cool it automatically absorbs the cold breezes and insulated it so then we stay chilled under the cover. Color was perfect and material is extremely soft!,1
The material is a little stiff but I probably just have to break them in.,1
90 ' ler için kesinlikle bir sorun tespit ettiniz .,0
"Nisan 2001 ' de , raporlama döneminin hemen ötesinde , lsc , müşteri , Pensilvanya ' da üç günlük bir konferans düzenledi , müşteri odaklı devlet toplulukları oluşturmaya hakkı vardı .",0
"Kombine bölgesinde yasal yardım hizmetleri için uygun olan 700,000 ila 1 milyon kişi arasında , dudovitz her yıl 30,000 ' den fazla hizmet edeceğini tahmin ediyor .",0
"Bugün , Rusya ' nın Aziz ' i tarafından sadece boyut ve büyüklük ile rekabet ediyor . Petersburg .",0
My dog just went right underneath it and he’s medium sized. Not for smart animals.,1
"Purchased one which was defective. They replaced quickly, but I wasn't able to get the new one, which was also defective, installed within the 30 return window had expired. Bought original OEM from Volvo, worked fine. Unfortunately I'm out the cost of the first pump. Lesson learned, DON""T BUT AFTERMARKET, you may pay in the end.",1
"Kasabalarda , o dönemdeki kiliseler ve diğer odak noktaları , gözcü gönderileri ve erken uyarı sistemleri sağlamak için yüksek bir sitede inşa edilmiştir .",0
"Yel ' dikkat edin , çoğunlukla harabe , bir kere toprak cane .",0
2010 ve 2020. için temel dava altındaki emisyon değişiklikleri ile ilgili değişiklikler projelendirme için emisyon tahminleri yaptık .,0
Amcam David Arnold Hanson ' ı istiyordun .,0
Looks cheap and plastic. Not happy.,1
"I'm not sure why they went with the diagonal corners, but the result is that everything is more cramped than it should be for the size of the rig. Construction? Materials? I think it's just okay. Major concerns? The bottom mount is a bit less secure than it needs to be to carry any amount of weight. Am I rating it three stars for the poor layout or for the fiddly base connector that doesn't like to be snug? Mentally, I'd detract two stars for either of these issues - but it didn't seem fair to score it any lower - and frankly - my problem that I find the anchors poorly spaced. I'm only mentioning this so anyone interested in this takes the time to measure down to the quarter inch. In the end, I'm only critiquing it being too wobbly and not wanting to stay tightened. The ""bonus gifts"" were a nice touch, but the clamp is too weak to use for anything serious. Maybe 3x5 cards or a small paper notebook? Only exaggerating slightly. Don't trust the free clamp. Just don't.",1
Sean Penn gets weirder and weirder. The book is at first hard to follow and there is way too detail and foot notes but if you get thru that it is pretty interesting reading,1
FAULTY - All stopped functioning within 1 week,1
I really really wanted to like this but the side zipper pockets are practically unusable if you use the side water bottle pockets. It’s either or but not both.,1
"Açıklama , potansiyel emeklilik , sakatlık ve survivor faydaları tahminleri sağlıyor .",0
"Haziran ayında beklenen iktidar , Saray ' ın beyaz saray avukatının görev süresinin yorumu dön. hiçbir yasal emsal kararı presages .",0
Um valla her zaman bitki ilk şey domates yani her sene hiç bir şeyimiz yok başka bir şeyimiz yok domates olacak sonra salatalık bitki ve uh,0
-- 10 watt ampul daha sönük,0
My husband says he smells like a pine tree.,1
It’s pretty good but it keeps disconnecting and reconnecting while charging,1
O zaman yapılacak bir şey yoktu .,0
"Shirt fit my granddaughter perfectly through the torso, but a could be a little longer in arms.",1
Adil bir manzara .,0
Valla ben en büyük yol şu an gidiyor uh çoğu market mağazaları,0
Yaaa olsun valla çok geçmiş olsun hey hey kendi ülkem baştan başlıyor olsaydım,0
Bölüm her bir bilgi toplama isteği omb ' a var ve giriş göre hazine ve işçi bölüm omb tarafından acil onay talep etti .,0
"Fits very well and looks very amazing! The power button on the case broke, so I ordered another one",1
Gerilim filmlerini sever misin yoksa sadece aksiyon mu seversin yoksa,0
"Sessizlik 30 saniye boyunca devam ediyor , köşeyi dönüp , kapalı bir arka koridorda kayboluyor , Yasal ekibi tarafından takip ediliyor .",0
Works well for our restaurant. Not as heavy duty but does its job. Also includes the attachment to keep it from sliding on the table.,1
"Rekabetçi teklif , bağış önerilerini geri almak için bir itibar ile de daha kolay hale geldi ve dudovitz yakında ustaca tanıtım malzemeleri geliştirmek ve sağlık bakım , politika savunma , evsizlik , yerli ilgili işbirliğini çimento için diğer kamu ilgi ilgi fon paylaş için yeterince yetiştirmek şiddet yardımı , kendine yardım ve teknoloji gelişimi .",0
"2001 Mart ' tan itibaren beş sanayi sektöründe altı ısaacs rağmen , 2000 . Aralık 2000 . ' den beri varlığını .",0
Ama alt katta küçük bir şarküteri var ama sabahları bunlar gerçekten iyi kekler yapıyorlar,0
"Bir ajansı yaz , bir ajans resmi belirler , tüm uygun koleksiyon araçları sonra sonra , bir borç toplanabilir .",0
It nice and all but it not strong. I did have for the long and it all ready broke and I had to buy different table. I would never buy this again,1
"Yeni Ahit sahneleri ile ilgili fantastik detayları arasında , son hüküm canlı canlı canlı yemiş dikkat edin .",0
"I've tried nearly a dozen or so different preworkout supplements, and Koala Freak is definitely the best of them all. Plenty of caffeine to get you energized, but the best part is the extra pump ingredients; Koala Freak is the only preworkout I've tried that ALWAYS enhances my workouts. Even if you aren't feeling the energy due to having a long day, the amazing pump you get will ensure a great lifting session. It's a little pricier than others, but it is worth every cent.",1
Mcphilips ' daki toplantı çok daha kötü gitti .,0
"Daha fazla delil emri , kongre gerekli güvenilirliği kaybetmiş olabilir .",0
Merak etme her sözü kaydediyor,0
Hard to put the stretch in the places where you really want them. Also no real instructions. They are ok.,1
I read that it would help with eyelash and eyebrow growth but it didn’t do much for me. Doesn’t have a smell of anything which was nice.,1
"I ordered these because the picture and description specifically indicated that they were for the Fusion Proglide (NOT Fusion 5 Proglide). The Fusion 5 Proglide cartridges do not fit the older Fusion Proglide handle. The service was good in terms of shipping (which is why I bumped the rating up from one star), but please update your product picture and description so that it is not misleading to others, as it was to me.",1
Excellent quality. Exactly as described.,1
"These horns look to be well constructed, and I'm hopeful they will perform as advertised, but it might take me a while to find out because no instructions of any sort are included with these horns. You get the high-pitch horn, the low-pitch horn, and a relay. Wiring instructions are listed as included, but they are nowhere to be found. Moreover, the Hella website is useless in this regard: it has dozens of pages of marketing hype on their products, but no wiring diagrams--and no contact link to ask whether it's possible to have one sent. Even when I figure out how to install them, this will be the last product I buy from Hella. Life is too short to deal with products from companies that do not support their customers.",1
"Beautiful earrings, color is great! Love these",1
My 6 month jar lasted just 2 months! That was with just one person brushing twice a day. That is absolutely ridiculous for the price.,1
Arrived on time. Buttons are well placed do not have to use excessive pressure.,1
perfect fit and works well.,1
Has a nice sound especially for it's small size. But the battery only lasts for a few hours.,1
"Hikayesi olmadan bu bölgenin hiçbir hesabı tam ( 1222 1282 ) , Budizm ' in tek yerli japon mezhebi kuran keşiş .",0
These work very well especially like the feature where you can push a button on the battery and it tells you how much of a charge it has,1
"Doktor Edward , asistan öğretim görevlisi ' nin nahoş davranışlarını bu kadar ama asistan profesör - bayan m ceracz ' in nahoş davranışlarını mi .",0
Bunu sen bilirsin van ve sonra lustbader b a d e r,0
I found it difficult to remove and replace the dust cup and nearly impossible to attach either the tube or vacuum head to the power unit. It was lightweight and easy to handle but the struggles switching between the floor mode and furniture was unbearable and increased the time to complete my work.,1
Very engaging with numerous plots. Dry hard to put down once you start! I hope there is a sequel to Mr. Rudd. I would like to know if he calls it quits.,1
"Judith , bu iş parçasını yapmak harika oldu ( düğme erkeklerin dediği gibi ) seninle .",0
"Örneğin , genesis yaratılış hikayesi ' nin yazarı 20 yüzyıl okuyucu için beste yapmış olsaydı , o veya o , incil ' deki daha büyülü yaradılış hikayesine karşı , evrimsel süreçte Tanrı ' nın elini açıkladı .",0
"Posta servisi , bilgisayar direk oraya giderken postayı 5 haneli seviyeye getirmek için iki sortations ihtiyaç gerektiriyorsa böyle olur .",0
Love it! Me and my grandkids did this together for my birthday. Quality is good,1
"Nice product, loved it",1
Excellent product would buy again,1
"I enjoyed the form function of my new Samsung Note 9 so much that I refused to get a protective case. However, that phone is so slippery that I had dropped it about a dozen times. Well, the shocks finally took their toll when my Samsung gave up the ghost. Thankfully, I had purchased protection from Asurion at the Verizon store. This zeal for enjoying the form function of my new Samsung cost me a $199 deductible. I got my new phone but now determined not to throw away another $200 bucks, I researched the market for a suitable protective cover. Enter Zizo and their line of protective covers. I found the color scheme that best suited me and within a couple of days it was on my phone providing me with the protection in need. Gone is the slippery form function I enjoyed. I now have a rugged textured protective case. The case came along with the cover the front glass, too. That cover has an alligator clip for your jeans pocket so you just hang it there for a while. One annoying issue - there is a piece of plastic on the back of the case that can open up and act like a stand. Unfortunately, it ONLY operates in landscape mode. Nice for videos but totally inoperable for portrait while reading. All in all, the Zizo case is one heck of a rugged product. My son bought one for his phone, too. The apple does not fall from the tree as drops his phones, too. But he is a tad wiser than me because he's never been without a case for his Samsung phones. Two years now with dozens of dropped instances and his phone still rocks. Good case Zizo !",1
I'm not an expert on UV so I hesitate to give it a 5 rating. I have seen enough stuff in test labs to know that is works. It's a lot of fun to use it around the house and find surprises.,1
Item was not unlocked as stated. The item had been purchased by the vendor at a Target but not activated at the register. The phone was blocked by AT&T shortly after SIM was placed in the card. Possibly stolen? Now it has to be sent back. It was a birthday present for my daughter. I'm very disappointed.,1
Şişman Adam bana dik dik baktı .,0
"Box arrived in awful shape, no sure why it was shipped in a bag instead of a box. Product is fine but I will have to transfer into another container",1
"Bayım , hiç satmak isterseniz , lütfen bir Luis Oliveri ' yi hatırlayın !",0
Hayır bu kesinlikle doğru aslında ben evimde çalışıyorum um ben bir muhasebeci ve vergi ve muhasebe yapıyorum ve,0
Makes my front door pop!,1
Ancak Girit ' in ağrıları henüz bitmedi .,0
"I used this two times on one spot and it didn't turn the hair blonde. It stayed half dark, half coppery brown. For the price, it's not really worth it. It works about as well as any of the less expensive products.",1
"Roma Galya ' da önemli bir kasaba , Lyon ' u imparatorluğun sonuna doğru yerine , arles çok iyi korunmuş bir amfi övünüyor ? Tiyatro ( Arynes ) , gladyatörler günlerinde 20,000 ' ün üzerinde oturma .",0
Ve işte bu yüzden Ruslar şu an ona çok kızgın çünkü onlar bunun bir dümen olduğunu biliyorlar ve o yüzden ben de öyle hissediyorum ne hissettiğini bilmiyorum benimle aynı fikirde misin yoksa katılmıyorum,0
"These were supposed to be 29"" in length and they were actually longer than the 30"". We used the exact # off the label of the jeans we purchased in Tractor Supply and these were not it even though your site said they are. They are NOT as heavy duty as the other jeans we purchased and they were NOT 29"" like they were supposed to be. This was very disappointing. My husband xrays on pipeline and needs the more rugged jeans. We will continue to purchase from Tractor Supply and know what we get.",1
"Amerikan Böreği ' nin tek gerçekten ilham verici kısımları muhteşem eugene Levy ' yi bigg ' in babası olarak , her zaman bir yaratıcı ya ortasında çocuğun üzerine yürüyen .",0
Açık Gökyüzü yasası için tahmini yıllık inşaat ve boilermaker emek gerekiyor .,0
REPLACED PART IN FAN EXACTLY,1
"This item arrived today. It appeared sturdy and well made. It was very easy install. However when I tried to work it, it would not release the latches on the tailgate. The arms that pull the latches were not pulled. Upon closer inspection and comparison to the original unit I noted that a plastic pin that should go through the locking arm and and top activating arm did not go through the later, hence no unlatching. I mulled over weather to return the item or try to fix a rather minor manufacturing error. I chose the later and filed the pin a little so I could snap it to the activating arm. Once done the unit appears to work. I will reinstall on my pickup and keep a close eye on it to see if it continues to work properly.",1
A rubbish I bought this time. Absobuly hate this product.,1
"Evet , yeniden boyamıştır için geri getir herhangi bir kağıt torbası için sent alırız .",0
Hmm-hmm valla sanırım daha önce konuştuğumuz tek insanlar Teksas ' tan geldi yani ben,0
Valla çok iyi oldu bu konuyu bir kaç dakika konuştuk ve ah inşallah başka bir güzel konu daha olur belki bir gün başka bir ara ama ben gerçekten bu konuda söyleyecek fazla bir şeyim yok sanırım,0
"Bu hafta ona ve muhafazakar dostlarına yapılan şey , kariyer liberaller için yaptıkları kadar haksızlık .",0
Vatanseverlik ve sonra anarşizm ' e itiraz ediyorlar .,0
"Catchments ' deki yeraltı sularının asitleşme modeli ( Magic ) , yüzey ' deki asit nötralize kapasitesi ( Anc ) ile belirtti olarak yüzey tatlısu kimya değişiklikleri incelemek için kullanılır .",0
"The emblems washed off on the very first wash. I also got the Super Girl t-shirt from a different manufacturer/vendor and that one is still perfect, so this is just poor quality.",1
Er ya da geç kayıp kesin .,0
Orada oldukça güzel ve dost canlısı olduğunu biliyorsun ve bunu tüm sporda bulamazsın,0
Son üç ay içinde ve hastanın ömür boyu yaşadığı sorunları değerlendiriyor .,0
"Gelecekte , gerçek bir bilgisayar ' dan gerçek bir bilgisayar ' a , gerçek bir bilgisayara ne yapacağını ve ne zaman yapacağını söyleyeceksin . Oysa bir ben sana ne yapacağını ve ne zaman yapacağını söyler .",0
"-- senin alçakgönüllülükle ,",0
Everything about this light shows good design. The diameter of the light is less than some other lights I've tried which is good. The on/off switch are fool proof to keep you from mistakenly changing the lights brightness.,1
"Umarım bir makale yazarken , yeni Cumhuriyet ' e , bu konuda ilgi duyan neredeyse herkese ulaşmak düşünmek beni egoist değildir .",0
"640 metre ( 2,100 metre ) bir yükseklikte , Avrupa ' nın en yüksek başkenti olan kastilya yaylası ' nda bu şehir , soluyor sakinleri sahil veya daha serin kuzey göçerler için kaçarken , kışın da dondurucu bir şekilde kavurucu . , Sierra Nevada için bir kaç madrilellos bolt , sadece birkaç saat güney , kayak yapmak için .",0
Bazı Rahatsızlık Styles ' a ayak izlerini takip ettim .,0
"Bir noktada federal birleşik açıkları azaltmak veya federal ar-Ge ve eğitim harcamaları pahasına birleşik fazlaları devam , gelecekteki işçilerin becerileri , teknolojik ilerleme ve bu nedenle ekonomik büyüme konusunda endişelere yol ..",0
"Rüya , gerçekten dindar görünen bir şekilde filmin görsel ilham kaynağı olan ilkel sanatı yüceltir .",0
"This is big! I was able to load this bag up with all kinds of stuff for myself and four friends while on vacation. We had a couple rooms that were without a safe and were able to attach this to bed frames to keep our goods locked up while away. We were able to put passports, currency, phones, Apple Watch, full sized camera, a sentimental plush Clifford (gotta bring your lifelong homie of vacation), and tablets all at the same time. I did replace the lock with a different one though, but only bc TSA locks have that universal key lock and I didn’t feel that was a good idea for a portable safe. It is a bit rigid though and will need to be stored and transported flat.",1
I havent receive my book even now.,1
"Ancak , eğitim aldığımız kuruluşlar , Federal Teşkilat ' ta olduğu gibi , güvenlik genellikle tam bir iş yerine ek bir görev , ve sık sık atanan bireyler sınırlı teknik uzmanlık sahiptir .",0
Dünya üç yıl önce olduğundan çok daha güvenli bir yer .,0
It’s okay. I wanted something comfy and cute to wear after a shower and while putting my makeup on. I have a pretty large chest and unfortunately didn’t allow me to tie up and be completely covered :( Cute but not for me,1
The color is not accurate! It is purple! Of course I have no purple so I hung this in my garage. Not worth it!,1
"She loves it. The fit is perfect and the color is true to the photo. AND, she's sleeping in it, as we speak!",1
Completely fell apart after about 3 weeks of use. Not sure what happened; never experienced a cable failing like this before.,1
"After purchasing a cheap plastic covet that ripped bringing the tree up from the basement, I bought this and it's perfect. Very well constructed and easily fits over my 6.5/7 ft tree. The handles made it super easy for my husband and I to put the tree back in the basement. Best purchase!!!",1
"I have a large water flosser at home but this small one is a must for traveling. This is my second one, the one I just bought I bought for guests. A new toothbrush and a clean water flosser and your guests will thank you. Cleaning and sterilizing the attachments is easy with hot water and a little disinfectant of your choice. I love these things.",1
Would prefer solid stoppers...too flexible,1
Excellent product. is a power full supplement when the racing for the long distances,1
"Avrupa , istemeyerek de olsa Hırvatistan ' ı Avrupa Konseyi ' ne kabul etti .",0
Evet Hocam Albert ' in botları yukarıda yarış duydum .,0
"I am very disappointed with this product, some os the decals stick to the windows but most do not",1
Dont buy product wasted my money on this cheap ass bed..cheap ass wood box spring broke already from changing bed around..queen size that,1
"Shipping took longer than I expected, but i dont blame the seller. I havent tested it in the field so i dont know how it will last but it is SUPER comfy and really easy to put on. I will report back after a few days in the woods;)",1
Shirt and pants fit great bought 3 pairs of the pants but my son got a hole on the knee the first night but didn't fall,1
This product does not work good at all. It doesn't cut close and even with batteries it runs very slow..,1
"Nixon ' ın ofisi , parayı harcamak için Brown ' ın otoritesini zorluyor .",0
Pentagon CNN & Amfi ' e anlattı,0
"Feels very heavy duty but the bearing mounting plate doesn't extend far enough get it even close enough to center on the shaft to bolt it on.Also, the packaging is horrible. The box had come open by the time it got to me. Fortunately all the hardware was still in it.",1
"Bir otobüs bulup , cumartesi gecesi filmini izlemek için zamanında eve dönmek için yeterince şanslı olduklarını söyledi .",0
Espri anlayışı varmış gibi görünüyordu .,0
These were great till I cut a chicken. UGH Trash....,1
"These are a really great pear of buds, they sound great and the microphone works very well. However I did buy a much more expensive pair of earbuds that have ambient noise microphone so when I have the earbuds in I am able to hear my surroundings too. When I walk around with them in my ear, they don't allow enough (per myself) ambient sound through. But it's hard to compare considering these are only $40 bucks. I think they make a great pair of earbuds for intermittent use, but I can't see myself wearing these for 5-9 hours a day. The sound quality is good that focuses on Bass wich I like so there's no issues with the sound Hope this helps Update: I’ve regularly have used these buds and now the right bud will not connect to the case as it should. When it does connect to the case it will only connect for a little while but if the case is moved in any kind of way, the connection will break and auto connect to my phone which is really annoying. Hopefully there is a solution but I have to lower my rating if this keeps up",1
"Onları bir kırpmaya koy , bir kırpmaya değil , uh izin ver",0
"Atıyorsun gerçek inşaat çalışmaları , cm ile sözleşme kapsamındaki ticaret müteahhitler tarafından icra edilir , o zaman inşaat , zaman ve kalite için sahibinin çalışma kapsamı dahilinde tamamlanan tesisin inşaat anlamı ve yöntemleri ve teslimi için sahibinden sorumlu olur .",0
The case is beautiful and it's a good deal for the price. I ordered the gold and the color is definitely not gold. It's more of a rose gold or light pink. It's very pretty so I'm keeping it but just be aware the color in the listing is not accurate.,1
"Amazing superfood gives me energy I need to maintain without jitters or crashing. Plus so many benefits, I highly recommend as part of daily regimen. This is one of best kept secrets that people need to know about.",1
"Resimleri Saskia Van Uylenburgh ' in rembrandt portresi ile birlikte , evli oldukları yıl tarihli ; Hieronymus Bosch en şeytani ; goya resmi portre zengin bir deposu , gerçek hayatın renkli çizimleri ve cadılar ve dehşet sahneleri ; El Greco ' nun duyarlı st . Francis ' li francis ve Venedik döneminden erken ( 1562 ) resim ve ingiliz ressamlar reynolds , gainsborough ve polis memuru .",0
"Konsey , evsiz insanların yemek ve kıyafet alması , uyuşturucu ve alkol tedavisi ve istihdam programları ve konut bulmak için yardım ediyor .",0
"These pens are horrible, the ink tube in many of the pens have air bubbles in them stopping the ink flow. The tips clog up and the ink almost seems dried up.",1
"Diğer tarafı da biliyorsun , diğer şey de , bir de iyi bir alışkanlık . Sadece kaynakları korumak için . Bildiğin gibi . Benzin tasarrufu gibi şeyler",0
"The cats are big water drinkers, so now I don't have to refill their bowls several times a day. I like having a filter to make their drinks a little safer. The waterer is easy to refill and clean.",1
Ca ' Daan ' ın amcası önceki günden beri on yaş daha büyük görünüyordu .,0
' den ' e kadar neredeyse hiç bir şey mal ve sonra yavaş yavaş ama kesinlikle ders almaya başlayınca sürüngen başlıyor ama buna değer ve her şey,0
Onun bir görüntüsü oh hayalet gibi,0
"for your down days, good! lol",1
Not even close to being as good as the first one. Too many cheesy lines and most of the fight scenes were crappy. Wasn't a total waste of time watching.,1
"Mitchell ne oldu burda muller , uzaktaki adama döndü .",0
Herkes Kudupi ' in hikayelerini beğendi .,0
Hiç bir zaman bir lippmann olmayı ve hükümet fikrini reddetti . Gazeteciler tarafından büyütülmüş rüzgar ani patlamış bir ülkede yaşamak istemiyorum .,0
Kolay varsayımlar güven gerektiğine karar verdi ama bunun yerine onları deneysel sorular olarak tedavi .,0
"Kart evleri yedi kat yüksek yapabilirim , ama güm güm Güm i bul seninle konuştum son link . 152 ne desem tam olarak söyleyemem , ben de huzuru tuttum , o da yavaş yavaş kartları yeniden inşa etmeye başladı , onun gibi pislik konuşuyor .",0
Uh Halk Okul Sistemi Sistemi Son zamanlarda çok eleştiri alıyor galiba yıllar boyunca her zaman daha kötü görünüyordu orada çocuklar var orada olduğu zaman olduğundan çok şey bilmiyorum ne kadar bir çok şey hak ediyor ama o zaman pek çok şey değil demek istediğim çocuklar ortaya çıkıyor daha hızlı öğreniyor ya da değil gerçekten de var mı diye öğreniyorlar en azından bizim çocuklar durumunda onlar hala içinde ama ah ben biliyorum ki bir şeyler öğreniyorlar,0
Bought this as a gift and my husband loves it!! Very cute and affordable,1
Doğru ve tabii ki biliyorsun onlar özellikle tek tek tek biz başladığımızda onların hepsini yapacağını biliyorsun,0
"200 beygir gücünde dizel motorlar ' da dünya satış lideri olan cummins , bir tasarımın istikrarlı olduğunu ve ürün gelişimi boyunca prototipleme değerine inandığı için prototip etkili bir şekilde kullanıyor .",0
Oh biliyorum dediğim gibi herkes Teksas ' tan geldi tamam iyi bak tamam güle güle,0
Lovely dress. Material is amazing! Fits like a glove.,1
"Love this guitar. Sound quality, action, and aesthetics are all great. I could use this at a gig, no problem. All knobs and electronics work perfectly. Glad I took the plunge and ordered online.",1
it did not look good in the room but worked in another place,1
"İtalya ' nın Batı yaklaşıyor , Akdeniz ' in en büyük adaları , sardunya ve Sicilya ' nın ikisi de , hem haşin , hem gizemli , hem de tarihte ( .",0
"Gaddi ' in cevabı , tabii ki , truman ve Stalin ' in varisleri tarafından , soğuk savaş kuralları ile oynamaya mahkum edildi .",0
Huge size for price),1
Ama çoğu zaman bu şekilde yerli olanlar büyür çünkü suyu elde değil ' elde değil kötü şartlar altında büyüyorlar,0
"O ZAMAN TAM 9 devre , devletin lehine kendi yargıçlar reddetti , devletin , çünkü faiz başka türlü hak .",0
"Kule , büyükelçilikleri ve hükümet binalarının ev sahibi olduğu sessiz bir yerleşim bölgesine hükmediyor .",0
"These are attractive watch bands. I like the style. I do NOT like the clasping mechanism. This is my first experience with these kinds of band clasps (on my second Fitbit device), and I simply do not like it. I prefer the kind with the belt-type mechanism, where a prong fits securely into a hole and the residual band flap goes under strap and then a peg also plugs into the band holes. The Charge 2 bands are AWESOME. Much better than these. Attractive YES / functional NO.",1
"Simply not highly pigmented. Cakes in some areas, low coverage in others.",1
"Eğer burada beslenme , Tommy hemen sipariş ver .",0
"Daha hızlı , kedicikler !",0
"Her ikisi için de son çok güzel gün bayan , muhasebeci , Ad Günü Partisi ' nde harcandı .",0
Item received as described.,1
It seems that the holster faces the opposite direction of what you want for a right handed draw. This is of no use to me and I wish I had returned sooner.,1
"I hung this on the magnet board in our play room to help my son with knowing when transitions are coming. It's great for that purpose for them to see time counting down. We had been using dollar store timers that beep, they last about a year for $1. I switched because the kid needs a visual reminder of the timer. After a month it would not ring when the time was up some of the time. Now at the 3 month mark it does not work at all. I would say average use for a kitchen timing, once a day, so we definitely aren't beating it up. So good features, poor quality for the price.",1
Ca ' daan neredeyse bir ay içinde ilk gece deliksiz uyudu .,0
Only a three star rating on this machine. My doctor isn't sure I should be using it.,1
Jane ' in odasında bir kayıt cihazı olduğunu düşünüyor musunuz ?,0
"Şehrin Güneyinde 3 KM ( 3 KM ) , sadece bir kaç kavaklik ve kasvetli kentsel gelişim , Sant ' Apollinare ' in güzel ' deki sevimli kilisesi ( 549 ) .",0
Orada oturduk kardeşim pişmiş tavuk korusun ve bunu nasıl başardığını bilmiyor ama orada durup bunu pişirdi ve sıcak bir şeyler yedik,0
Kurt yaptı,0
"We've been working on assembling this sewing machine table for three hours. It came without an allen wrench so that was my first problem. Next problem: very few of the screws line up with holes. May need re-drilling. UGH! To quote my husband ""it's a piece of junk"". Purchased it because it had a sale price but the hassle to put it together is not worth the low price . First really bad review I have every given you guys. Sorry.",1
Thought my boxer would love to chew on this tire but he was so uninterested.,1
Tepelerde Yüksek 27 km ( 17 km ) Güney Körfezi ' nin güneyinde belvedere arazisi bulunmaktadır .,0
"Great case. Seems a lot more expensive than it actually is. Very practicle and light. I was apprehensive as I am very demanding, but happy to say it does not disappoint :)",1
"It was good while it lasted, 6 months into using it mostly weekends and it has stopped working now. Led its on but ligth is really dim now, i have other 3 more and are doing ok for now but will see if they dont stop as well.",1
"Aslında , yüksek mahkeme bir zamanlar denetçi generalin ofisi ile ilgili bir anlaşmazlık içine girdi . Denetçi , devlet hesabında olmadığı için iolta fonlarını inceleyebilir mi diye .",0
This item is used as a fridge water filter was easily installed and water taste great,1
As events kept unfolding in this story I couldn't help but think there were too many things that went on in this ladies life to the point that it was ridiculous.,1
Does not catch on to chihuahua hair to well,1
Boş boş baktım .,0
"Her ne kadar lsc programı rosenberger ' deki konu ' daki programdan farklı olsa da , amacı bir çeşitliliği teşvik etmek değil , dikkat çekici nokta , Rosenberger ' deki program gibi , lsc programı özel konuşmayı kolaylaştırmak için tasarlanmış , tanıtımını yapmak için değil bir devlet mesajı .",0
"Work great, I would buy a size larger.",1
Yani o her türlü kitap okuyor bu yüzden keşke daha fazlasını bilseydim neden ama,0
"Application was fairly easy and was, indeed, bubble-free. However, the shaded border of the screen protector ends up covering parts of all sides of the screen, especially the corners of the screen, which are not actually rounded on the device (like on the 3), but are on the screen protector for some reason. This isn't simply a matter of having misaligned the screen protector, all 4 corners and all 4 sides appear to be partially covered/obscured.",1
"Not that the top of her head is cut off for this image, which doesn't look very good.",1
"These sheets are not soft, silky or sateen as they seemed to be when removed from the packaging. After being washed in cold water and dryed on low heat they are extremely disappointing. They were purchased as an Amazon deal of the day. I would not purchase again, I guess I got what I paid for...",1
"Worked fine, easy to install, price was good",1
"Pek çok akademik tartışma , Truva Savaşı ' nın tam tarihini çevreler , eğer gerçekten aldı .",0
"Potansiyel katılımcıları tespit ettiğimiz zaman , internet sitelerinden geniş internet searche ' leri inceledik ve potansiyel en iyi uygulama çabaları için arka plan ve diğer bilgiler elde etmek için varlık ve gao denetim raporları ve diğer belgeleri inceledik .",0
"the purple was missing, and 2 pinks added, NOT AS ORDERED",1
I liked the fit and style but it is not the one i ordered so it is going back,1
"Bu danışmanlık , sözleşme kapsamında özel bir iş yerleştirme hizmeti tarafından sağlanmaktadır .",0
"My end table is metal, so the magnet works great, especially when my wife goes to sleep and I have to turn off my bedside lamp. Yet to be used for work projects.",1
HORRIBLE SCREEN COVER. It won't read fingerprint at all and you have to press on screen very hard for most things to register.,1
I love that these bottles were just the right size to travel with. This is my new daily cleaner. I'm not sure if it is possible but my glasses seem to stay cleaner longer. Easy to use and works very well. I think this is a great value for the money as well,1
"Eğer çoğu insan üniversiteden sonra bir elli yıl daha canlı ve üniversite 100,000 $ ' dan fazla olursa , üniversite öğrencilerinin lise öğrencilerinin üzerinden aldığı ek seks , Heidi Fleiss ' de 1,000 TL ' ye kadar satın alınır .",0
"Starling ve meslektaşları , en azından biyografisini kaleme alana kadar dillerini düzenlenen .",0
"En iyi strateji , Nil boyunca tapınaklar ve diğer tarihi sitelere önce ve sonra iki ziyaret programına programı .",0
"Örneğin , avlunun merkezinde pachisi mahkemesi , Ekber oyunu için büyük bir satranç tahtası , akbar ve arkadaşlarının her oyuncu , farklı kostümler içinde dört köle-Kız takımı kullanarak her oyuncunun insan parçalarını kullandığını söylediği yer .",0
"Yakup Weisberg oranları , ' ve ' oy kutu .",0
Bu duygular nasıl oluşturulur ben izah edemiyorum .,0
' belki de değildir ' natalia dedi .,0
It says this can hold up to 300 lbs so i bought it. Didnt float at all when used in saltwater.,1
"1 of the hubcaps was shipped defected, cost $23 just to ship it back",1
Dördüncü madde hakları konusunda clinton daha iyi olmadı .,0
"I purchased this for my son traveling to Europe to work there for a year. It is absolute perfect, it has everything in one place for all the places in Europe. He can travel and not worry about using his laptop or charging his phone, etc. For anybody traveling a lot, this is the adapter to get, the one that does it all.",1
"Lsc , Senato ' nun tavsiyesi ve rızası ile ABD başkanı tarafından atanan kişilik bir iki yönetim kurulu tarafından yönetilir .",0
"ABD ' nin aktif karbon talep etmesi , bir multipollutant stratejisi sonucu küçük bir miktar ile artması bekleniyor , aktif karbon küresel bir temel ile takas ediliyor ve şu anda bu artış için bu artışı kolayca sağlayacak ciddi bir fazlalık kapasitesi var .",0
"Hong Kong Turizm Derneği , Hong Kong Jokey Kulübü Ziyaretçi Kutusu ve üye yaşam giriş ve açık büfe bir yemek dahil olmak üzere bir at yarışı turu yürütüyor .",0
Bütün gözler ona döndü .,0
Evet çok kötü bir yaz ve sıcak yaz için sabırsızlanıyorum,0
"Yönetim Kurulu , doğal kaynaklar için standartlara hitap edecek aktif bir projesi var .",0
"Overpayments ' in büyüklüğü ve sosyal güvenlik yönetimi ' nin ( ajan ) ödenmemiş ssı borcunu için , programın gao ' nun highrisk listesine dahil olmasına yol açtı .",0
"Elbette daha önce belirtildiği gibi , bu prensip etkinliği , diğer ilkeleri uygulandığı ölçüde seçimli .",0
Waste of money. Doesn't control my radar detector as described.,1
Çok rekabetçi ben bile bilmiyorum çok para bile bilmiyorum ablam onun için harcadı ama ben sadece düşündüm ki bu bir israf olacak o bunu yapacak değil,0
Good for cute puppy art that we are making but some of them were flatten. I need to puff it out.,1
"Ve Öyle ki , Bu ' du ve hiçbirimiz bir futbol maçı görmedik . O zaman biz de dışarı çıkıp izleriz ve o da zevk alır . Sonbahar sezonu ve bahar sezonu oynar . Birinci sınıf ve",0
Tüm seçenekler iyi olunca devlet adamı olmak kolay .,0
"Bugüne kadar sahip olduğu form çoğunlukla Haçlı Times ' dan çıkıyor , ancak ardışık değişiklikler , tarihin gelgitler tek bir mimar tarafından daha fazla çizilmiş ve kilise içindeki hakları üzerine çeşitli mezhepler din adamları arasında atışma sık sık karışıklığa ilave edildi .",0
Sen büyüyünce anlarsın .,0
"Well made and seems sturdy, but my very full 7 foot tree wouldn't fit in one. I ended up buying a second one to hold all the pieces. I have it stored in the basement and it takes a good bit of room. I'd like to hang it from the ceiling, but I'm not convinced the handles would take the weight. Afraid to try and risk tearing the bag.",1
"Lily and her sister grew up in a mansion with all the worldly possessions anyone could want. What they wanted most they never got...love. Lily has made it her mission to help young runaways. When she meets Jameson, a teen counselor, she knows that she has made the right choice. Together they fight to save some of Lily's girls from possible harm. But being with Jameson may cost what little connection she still has with her haughty parents. This book addresses serious issues of child physical and sexual abuse and how hard it often is to both protect the children and abide by current laws. It is done in a sensitive (but at times, somewhat unrealistic) way. Although though the books in this series are connected, each book is a stand-alone with no cliffhangers. There are also no sexual situations to offend any readers.",1
"Tüccarlar bankalara doğru gidiyor , denizciler geneleve .",0
"Plaza ' nın güney tarafında , diğer tarafta girişi olan iglesia de san andre ? ? S ( ST . Anthony ' s kilisesi ) , yıllık çalışma sonrasında muhteşem bir şekilde restore edildi .",0
Şimdi zengin bir kızla olabilir .,0
"The diffuser works, but the overall quality of the product is poor. It’s a 10 dollar product. Would not recommended.",1
"Önümüzdeki ay başlayacak olan avukatlar , her yıl 50 saat bir amaç ile fakir ve hayır kurumları için ne kadar ücretsiz veya düşük ücret yasal iş yaptıklarını mahkemeye olmalı .",0
Fit perfectly and does everything as advertised.,1
Caused some kind of error when I needed to use it so did not go off but went off the next day when I didn't want it to.,1
Sarkık şapkasını kafasına takmış ve yola çıkmış .,0
Issues with volume and set up. Just a fluke as others from Samsung were A+.,1
"Ancak , yaranın alkol ile ilişkili olup olmadığına bakılmaksızın , hastalar takip ederek eşit derecede iyi mi .",0
"Belfast ' ın irlanda haberi , Cumhurbaşkanı Clinton ' ın önümüzdeki perşembe günü yeni Kuzey İrlanda Meclisi ' nin 100 ' den fazla üyesi ile buluş haberi ile perşembe günü ön sayfasını açtı .",0
Bugün Amerika ' da üretilen Yahudilerin kalitesi ile ilgili bir sorunu mu var ?,0
"I bought this for my sister as a gift however I also have one. It's a great pan and worth the $. I have had trouble cooking certain things on it but probably my lack of knowledge. Also only use brush to clean it and water, then season with oil after.",1
Etrafına bak ; kendin gör .,0
UM-hum gerçekten öyle,0
Jon Uzun süre thorn ve Remix ' a baktı ve sonra susan ' a döndü .,0
"Büyük viktorya dönemi sera , yeni palmiye evi , sıcak , nemli ortamda başarılı olan eğreltiotu ve palms ile dolu .",0
Thompson ' ın yazısı dış dünyadan geri çekildi .,0
"Clinton ' ın eleştirmenleri , Adalet Bakanlığı ' nın yozlaşmış bir siyasileşme olarak böyle bir toplantı tasvir , bize ve filegate ' daki fbı ' ın kötüye kullanım ' tekrar hatırlattı ve bir kez daha bağımsız bir avukat için çağrıda bulundu .",0
The mask fits well. However they sent the wrong prescription for the right side. I have sent 3 messages inquiring how to get a higher prescription for it and have yet to get a response. Not impressed with their customer service,1
Battery compartment was missing the screw and would not completely shut causing it to pop open. I returned this item and ordered something else instead.,1
Different packaging. Product leaves halo on both sides of screen which ruins the appearance.,1
Alpler ve Himalayalar ' a seti olan pek çok kişi bu bölgedeki peaks trene gel .,0
"Ayrıcalıklı bir kaç kişi , tören carracci tarafından törensel yemek odasının muhteşem freskleri görmek için içeri girer .",0
Büyük ihtimalle en sevdiğim tv programı cinayet . Ben de perry mason ve ıronside ve cinayet gibi bir gizem hayranı ve uh . Onun yazdığı ve columbo ' nun hepsi benim en sevdiğim programlar .,0
"Not as good of quality as they used to be. Beveled for use with drawing lines but near the apex of the triangle the line is not true. For the 5 bucks I'll not return them but am disappointed. I dug out other triangles I had bought from Alvin and the old ones were made in USA, the new ones I am not happy with made in INDIA.",1
Our co uses these all the time but first time ordering from Flora Guard. First 3 plastic rings broke when inserting into bags very cheap and brittle plastic. Hope the bags hold up better (2 stars for hoping). Will go back to the other supplier,1
color are fading from the sun since we used to block sunlight for our windows..,1
"Iowa , ohio , virginia , Arizona ve kentucky ' deki Hukuk Hizmetleri ' ndeki arkadaşlarım gibi insanlar hayatlarını yasal hizmetler hareketine adamış .",0
"I bought these to assist with cable management and they are well designed. The issue has been that the adhesive doesn’t not seem strong enough, especially if the cables are moved very mich",1
I love the color and the hair! It comes with 4 packs...but you need at least 6 packs for a full head.,1
"Batı maui okyanus kıyısındaki tatil merkezlerinin en kuzeyinde olan ritz-Carlton , engebeli koy ve dağlar arasında seti tropikal çiftlik günleri ipuçları ile büyük bir oteldir .",0
Nunchuck plug doesn't fit well.. and falls apart upon removal. Also loses sync with wii frequently.,1
"I LOVED this case. Its durable, stylish. I love that i can actually see my phone while its protected. However, it has one Major flaw. with the case on, I am barely able to hear any phone calls, and thats with the volume on high. Once i remove tge case, i have to turn the volume down. So, to make calls i dan only use ear buds, or speaker option. ive tried other cases, and have had this issue.. So, pretty much makes case useless.",1
"Şeker diş ipi ( pamuk şeker ) , blackpool kaya ( sert bir şeker şekerleme ) , ve bir çok dükkan ' da ucuz hediyelik eşyalar , bir öpücük giy için kendini cesaret !",0
Bence çok şey var Amerika Birleşik Devletleri ' nde o kadar çok inşa ettik ki bürokrasi içinde devlet içinde ve siyaset içinde ve güç gereken güç oynar aşağı ve yeniden başladı ve bunun imkanı yok,0
"This is not a powerful adapter-you can't use it to run anything that needs a lot of power. But I bought it to power a satellite radio and an automobile music player that only have car adapters. For those, this works great!",1
Great Price. Great Quality!,1
"55 Windows Sarayı ' nın yanında bulunan sanat müzesi , ahşap ve taş içinde antik thangkas ve heykel koleksiyonu içerir .",0
"Great concept. Entertaining. But I'm sick to death of food and diet documentaries NOT EVER TELLING YOU ""HOW"". It's like, well awesome....but I still don't know what to eat.",1
I did not receive it . Big mistake ordering it,1
Could've ordered a size or 2 smaller... fits very big but extra comfy. Probably gift this one to my friend and order a smaller one. Overall it's a very nice robe and I like it a lot!,1
"Beyaz Mermer Köşkü ' nün zarif silüet , bir kubbe ve dört sekizgen taretler ve kubbeli büfeler ile üstünde kırılgan bir zerafet vardır .",0
Seni en çok o kadar çok kadına ikna edebilir,0
"Şu anki 126 dilekçe ve nox yudum ara ile seyahat etmek , eninde sonunda bizi çevre gol götürecek , ve hala -- Sanayi , çevreciler , devletler , çevre koruma için çok kayalık bir yol ve diğer paydaşlar .",0
Her yerde hizmet verme yükümlülüğü kendi kendine zahmetli .,0
"Excellent case. Literally had my phone run over by a steam roller, and it just cracked the screen.",1
"Kendimi onlara teslim etmeden yardım için itiraz ettiğim kimse yoktu , ve eğer riske girip başarısız olsaydım ve bayan vandemeyer çok zengin ve çok güzel giyinmiş , onun sözünü benimkine karşı al ikna oldum , ve düşün kendimi ' Zulüm ' olarak düşünmek akıl sorun bir parçası oldu . Benim için mağaza korkunç bir şey olduğunu bir kez bile olsa , benim için çok kötü olacağını hissettim. sir james başını salladı .",0
"Ran a little big on me, but I would rather it be loose than tight. I may put it in the dryer and try to shrink it a little if it bothers me while wearing it. In fairness, I bought a 2x and I probably needed the lx. I thought it might run small because of the price.",1
Bilmiyorum Sadece Sting ' in içinde olduğunu hatırlıyorum,0
"This series is full of wizards (light and dark), magic and hope, and has a satisfying conclusion, although not a HEA. The characters will still be with you long after you turn the last page. I found myself looking for (and finding) the rest of the story.",1
It worked pretty well. I didn't see a ton of difference at first but in combination with a tablet featuring bleach it finally got rid of most of the disgusting gunk in my toilet. It still isn't clean enough to eat out of but it's much better.,1
Ca ' Daan ' ın gözleri küçük adama düştü stark .,0
The handles break off very easily.,1
"Ben de derim ki , dünyanın tüm milletler her sabah kahvaltı masama simit ve mango , bu da etkileyici bir miktar olur .",0
"1975 ' de Kuzey Decatur Lisesi ' nden mezun olduğunda bile , bir gün bankta oturmak , bir kariyer daha çok sakin bir aktivite gibiydi .",0
"Aynı zamanda , anayasa için titiz gibi şeyler söyleme konusunda da aşırı derecede meyilli .",0
"Geç kürtajı rahatsız eden şey , fetüs artık büyük -- tam bir çocuk gibi .",0
"I got this when I got my Vitamix 5200 to get into heathy smoothies. It does have lots of options for you. Some of the recipes seem to call for a greater number of ingredients than I want to chase down, but overall it will provide every kind of smoothie you are looking for. Solid purchase.",1
A sturdy board book with bright illustrations - a definite toddler pleaser!,1
Product as described,1
"I was happy when I first received the new charger. It was the desired length and charged like it should. A few days of having it and using it as I should, it started going out. You would have to move it a certain way to get it to charge. One morning I woke up before work and my phone wasn’t charged because of the charger. I thought it was my phone but I plugged up my phone in my truck and it charged perfectly fine before work. When I got home I cleaned the charging hole with a paper clip because I thought it could be that. Still didn’t help. I think this charger is just bad.",1
"Harika filmler en az bu yazarın görüşüne göre daha az ve daha uzak -- en azından şu an için , ve bu günlerde eleştirmenleri işe alan medya bile bir filmin başarısını , Eleştirmenler ' in tepkisi değil , açarak ölçü hafta sonu iğrenç .",0
They don't hold an edge like they use to. I don't think they use good steel anymore. It's the old cheapen the product to keep the cost down.,1
Gri sayfa çatısı altında göz kamaştıran beyaz taş duvarları ile Azay ' daki Pitoresk Chateau Nehri ' nin waters yansıtıyor nehir 30 km ( 19 km ) Güneybatı .,0
"Evet , kesinlikle öyle hissediyoruz",0
"Ne yazık ki frank sinatra ve şirket artık kassit ' i hüküm , ama hala en iyi caf biri ? ? - Dizengoff Caddesi ' nde bulunan restoranlar .",0
"These are not especially sturdy, they would be perfect for kids. They are designed to not inflate completely and they do not, so they are ideal for balancing work. They just seem a bit smaller and thinner than the ones at the studio and gym. The purple and pink colors are vibrant and fun.",1
The size is great except the parts are such brittle plastic that one of the parts broke instantly. Wondering if a replacement part could be sent out?,1
Sağ-El merdivenleri platformdan yere kadar indirin .,0
love the smell and heat is locked in for a good while,1
"Very hard to push the liquid into the tire. Could not tell how much that was put in. Bottle not clearly marked and with the thick liquid, cannot tell at all where one is at in the process. Would not do it again. Turned out I only put 4 oz in the tire when it was calling for 16.",1
"Bugün , qait bey ' in 15 yüzyıl kalesi liman girişini izliyor .",0
Derry ' s ön kapıdan on dakika yürüyüş yaptı .,0
"Hannah Lynn takes us on a thoroughly enjoyable romp through the afterlife in this fun read about what happens when we shuffle off this mortal coil. Be warned, though: it may shatter some of your illusions about what happens after death! This was an easy, feel-good read. It was great fun, although I found it a little long in places. I became hugely fond of Walter, who departed this life at least a century ago, and the wonderful Lettie, still alive, who innocently becomes embroiled in a series of baffling events quite beyond her control. Do yourself a favour and make sure you beg or borrow this book so you can - at the very least - read the first paragraph about why the afterlife smells as it does – it’s simply glorious!",1
"Story was well written. Didn't take long to get to the point. Enjoyed the reading, beautiful holiday story about forgiveness. 😊",1
Şu anda bir zaman gecikmesi olup olmadığı bilinmiyor -- PM POZLAMA ' de değişiklikler arasında bir gecikme ve ölüm oranları ile ilgili değişiklikler -- KRONİK PM / ölüm ilişkisi .,0
"Flimsy, doesn’t look anything like the picture, and definitely doesn’t protect this $700 phone, so I guess I’ll have to be inconvenienced and send it back 😑",1
"they send me a scale in envelope ,unbelievable! and of course after two weeks the scale it doesn't anymore you are so stupid!!!",1
Din konu hakkında ne için şaşırdım .,0
"Bir anneye aşık olan bir annenin bu ürpertici hikayesi , teslim töreninin detaylarını de uzun zaman sonra bana musallat olacak .",0
Received damaged box see pictures,1
"3 of the screen protectors did not even have a middle layer, 2 would not stick and 1 was my mistake by an air bubble unfortunately the onky good one was my first attempt and i thought I had 5 more.",1
"Love the product. I bought this certified refurbished, but I did not expect to receive the charging cords in disarray and dirty.",1
Ama bu ne anlama geliyor ?,0
"I enjoyed this run as a whole, but the last volume is special because it takes place *after* The Last Jedi, acting as a cap on that story and the first hint of where the galaxy will be in Rise of Skywalker.",1
"I slouch at work sitting at a desk all day. Was trying to find a good solution to help alleviate the slouching and back pain. This posture corrector has definitely helped! I am sitting straighter and the pain has lessened.This posture corrector has given me strong support for my back, without restricting my movements.",1
The strap continues to slide so while I am working out the hat loosens. It’s very annoying so I do not gravitate towards this hat often. :(,1
"Birçok lezzet ve bütçeye uygun odaları ve evleri var , savurgan için kadar .",0
"Hanson , çok gelişmiş bir mantık olduğunu görünce şaşırdı .",0
"My dog liked it but chewed a hole in the stomach within 5 minutes, not sturdy at all. And he is a 10 pound papillon mix, so not a huge dog.",1
These binder clips are the smallest available. They are tiny. Perfect for holding 5 to 6 sheets of paper together. I much prefer these to paperclips.,1
Evin turları ve joycean Kuzey Dublin ' de yürüyüş turu yapılmaktadır .,0
Not very comfortable. Tossed it after about a week,1
It’s already broke after about 20 days. Volume button and power button covers have cracked. All because I simple removed the case to clean it.,1
Enquirer ' in dolaşımı durgun .,0
"Onlar barbar bir ırk ve bölgenin vesayeti , yazılı kelime olduğunu ve sanat ortadan kaybolduğu için karanlık bir dönem getirdi .",0
Waste of money. These are not microwaveable. The lids are very difficult to put on! They barely fit.,1
Strap too thin. Returned. Babies would ya k it down.,1
"It was working amazing before I washed it. Unfortunately after the first wash it no longer works nearly as good as before. Even if I put it on the highest setting, it barely heats up. It really is a disappointment. Honestly I’m really scared to wash it a second time because it doesn’t really heat up as it is.",1
"Would have given a better review, but package came without two hook parts that are needed for assembly.",1
"Iyi olduğumuz için zengin olduğumuzu söylemek güzel olurdu , ama piyasanın rastgelelik ve gizli el ' in gündelik etiği böyle bir teokratik sonuca izin vermiyor .",0
Açık gökyüzü girişimi getirmeye devam edecek,0
"Bu tür simülasyonları ima , hükümet tasarrufu eşi benzeri görülmemiş seviyelerde sürekli bile , gelecek nesiller , daha önceki nesillerin bu keyf ile eşdeğer yaşam standartlarını .",0
Yaklaşık beş yıl daha belki ama um bilmiyorum gerçekten bilmiyorum,0
"Bu yüzyılın başlarında , ünlü ekonomist Alfred Marshall , ekonomik bir sorunla karşılaştığında , önce matematiğe tercüme , sonra sorunu çözmek , sonra da ingilizce ' ye geri çevirmek ve matematiği yakmak için bu tavsiyeyi sundu .",0
"Amaç , sahada değişiklik yapacak konumda olan insanları etkilemek .",0
"( ve aynı , çeşitli ilgi alanları olan herhangi bir şirket için çalışan her gazeteci için de geçerlidir . ) ) )",0
"Katmandu ' dan , vadi rim ' e kısa geziler , sınırlı veya gün batımında yüksek dağları görmek için sınırlı zaman ile mümkün kılar .",0
Ama set üstü kutu cevap olmasa bile malone bir sonraki görünüyor kadar bekleyecek .,0
"Şimdi , senin hikayen ne ? Edebiliyorlar , adama sordu .",0
"Ama Wolf ' un siyaseti alay konusu oluyor , özellikle de kızların , törensel seks ayinleri yapmak için yaşlı kadınlarla vahşi doğaya geri çekilmesi gerektiği fikri .",0
Ofis Hediye harçlık hepsi gitti .,0
I found that I could double the time in which my dog inhales his food to two mins by simply putting an upturned small cup in his feeding bowl. This flower design extends that feeding time to 3 mins. Not the wondrous change I was hoping for but certainly an improvement upon my 'hack'. Will keep it but I wish it was a greater challenge for the food seeking heat missile that is my dog.,1
Not accurate. Measures 10 degrees low at 170 degrees.,1
Bought one as gift. Was so impressed I ordered two more -- one for me and another for a gift. I love it when I find something that is well made. I have no doubt this will be the last ice cream scoop I will ever have to buy. It is boxed for easy wrapping. What a wonderful gift for ice cream lovers and anyone who appreciates fine things in the kitchen. Thank you!,1
"I might order more shirts like this from this company. I like what came to me and hope, when it becomes a bit warmer, to wear it often.",1
The bottles are small and good size for my purse which is what I bought them for however several of the bottles or shattered when I open the package and I reached out to the company through message and have not heard anything back regarding replacements.,1
"Pico do facho ' dan sadece bir kaç yüz metre uzakta ve 437 m ( 1,433 FT ) yükseklikten , araba ile erişilebilir , oldukça komuta bir görünüm sağlar .",0
Never received the product.,1
Ne muhteşem bir tarla ne sınırsız olasılıklar !,0
Working Perfectly with Alexa and Google. Almost complete wifi home coverage for most of the appliances. easy to setup and operate.,1
Iki nokta bir anahtar ve sen kayıp,0
Light didn’t last but 7 months. They won’t replace it. I won’t buy from them again unless they make good on their defective product.,1
Went bad after a few years. WHY? This should last a long time!,1
Inanılmaz az,0
"Uyuşturucu karşıtı reklamların etkinliği üzerine yapılan bir tartışmada carlson ( Capital Gang ) , o tava reklamını gördükten sonra hiç uyuşturucu kullanılan söylüyor .",0
Oraya gidip dört saat bahçede geçirecek,0
Cable works great! Connected a Lenovo laptop to a DVI input monitor without any difficulties.,1
Daha sonra ikisi de güvenli barınak kurulunda görev yaptı .,0
Cuny ' e kayıt yaptı - ülkenin en çeşitli hukuk okulu - ve beş yıl önce hayallerini elde etti .,0
"An interesting, easy read. Beautifully written.",1
I loved this speaker so so much it was amazing but the charger port just stopped working.,1
Bu sınavlar sonunda beyaz evdeki özel çeyreklik dön .,0
"Sanal alemde telif hakkı yasası , fiziksel uzayda neler ben sınırları için rencide ediyor .",0
Too small for Lexus RX,1
Açık Ofis,0
"Meraklıları için , bir noh performansı eklektik bir Nirvana ' dır .",0
It is quite effective.,1
These are not very fluffy or soft. They are definitely huge towels but I was hoping for soft definitely. These are a Christmas present. Next time I get something like this I’ll probably go look at a store to make sure I get exactly what I want.,1
"Good fit, only time will tell if they last as long (18 years)as the original insert",1
"Great concept, fits the imac perfectly and avoids having to turn the unit around to access the ports on the rear. However in my case the sd card does not connect. Had to put the card into the unit’s rear slot in order to connect. Otherwise a great looking unit",1
"Kongre ' nin , teşkilat süreçleri ve faaliyetlerine saygı ile geniş denetim güçleri olduğuna dair hiçbir soru yok .",0
Like the steamer. Would have given 5 stars if it had come without a dent. It's still usable but wasn't worth returning it as dent probably occurred during manufacturing. But it's a great fit for my 8 quart Instant Pot and worked quite well with steaming vegetables and holds a lot of hard boil eggs. Stores well in the IP.,1
"Oda 17 : Canaletto ' nin son derece popüler 18 yüzyıl vedute ( manzaralar ) modern kartpostal aristokrat öncülleri ; San Giorgio Maggiore Adası ' nda , francesco guardi hem şiir hem de melankoli elde etti .",0
"Tokugawa Klanı ' nın bu en sadık teğmeni , Cedar Ormanı ' nı nikko ' da shogun ' un türbeler etrafına yerleştirerek kendini seçkin etti .",0
Meryem ' in mezarının yanındaki yolun yanındaki küçük müslüman türbesi 15 yüzyıl müslüman hakim ve tarihçi mujr el-Din ' in mezarı .,0
"I initially purchased this mug as a gift. However, once it arrived, I decided to keep it for myself and purchase a second one for the gift. A pet peeve of mine is when a mug sweats. This mug does not sweat!!!! It also fits securly in my car's cup holder. I really like the color too. The stainless steel is accented with a smokey tint colored lid.",1
' bunu git . ' ',0
Did not like quality,1
This order of bleach never came. I do love the Pure bright brand,1
"It is good for the price, but not the best quality. you get what you pay for",1
Tubing at pillow immediately popped off under pressure ... 7 days past return policy!,1
I bought this as a gift for my dad and he loved it because it was easy to use and a vertical case so easy to slip in. I would have rated higher but it’s already coming apart after 2 months to the extent he will probably have to get a new one already.,1
"It looks great and is reasonably well made. But I'm sending it back for three reasons. It smells like mold. The zipper is sewn in a way that the edge of zipper gets caught in the teeth as you zip it up. Super annoying. Strap is sadly too short. I guess I fall into the ""particularly burly"" category, as the product description cautions. I'm 5ft 9in and 185 lbs. Worn across the body the bag is at the level of my stomach.",1
Did not live up to its claims. Not even close.,1
"I love the mascara, but the primer did not work for me. It gave me raccoon eyes shortly after application.",1
It is a good product but doesn’t fit all wine glasses.,1
Posta servisi muhtemelen posta değişiklikler yapar .,0
The item was received with a cracked lid and chip in the glass on the side of the jar.,1
"Shalit , sokakta yürürken , bakire taze , sağlıklı parıltı tarafından söyler .",0
"Burada küçük bir arka plan var ama bu konu bizim kilise ' nin uzun uzun bir tartışma grubu olduğunu ve temel olarak , Hindistan ' da açlıktan ölen insanların olduğu o zamanda ,",0
"Gao / aimd00295 , 6 Eylül 2000 ) 24 Teşkilat ' ta , fiziksel ve mantıklı erişim kontrolleri , sistem izinsiz veya kötüye kullanımı önleme veya tespit etme konusunda etkili olmadığını gösterdi .",0
"Aşağıda , jal binayak tapınağı , kadınların çamaşır ve çocukların dalış yaptığı kayaların yanında duruyor , bir cenaze ghat bu faaliyetlerin kabul kabul .",0
Erken çalışıyor birkaç örnek bana tamamen değersiz olmadığını hatırlattı .,0
O mal pahalı,0
glitches out occasionally and I'm not sure why. Most of the time it seems to be working however. Using in my aquarium submerged near the surface. The screen is angled a bit from the suction cup though and this makes it difficult to read when stuck on the tank wall b/c it is angled back toward the water some and away from the glass.,1
"Sacre-Cåur ' in mimarı Paul Abadie , ST-Pierre ' i yıkmak istedi ama reddedildi ve sacre-Cåur ' a karşııık olarak geri döndü .",0
"Wood is much more friendly, don't forget to lightly sand the edges, because it comes sharp. I used a green scratch pad.",1
"Ajans güvenilirliği ile ilgili bu artan odaklanma da , 1990. yılında oluşturulan mali mali işler cfo pozisyonlar , daha stratejik , yönetici , seviye ve daha fazla stratejik , yönetici , seviye ve karşılaştırılabilir .",0
"I’m trying to quit smoking and this seemed like a good aid to help me do it. Flavor is great and I will probably buy more in the future. However, my pen only lasted about two days. I got it Friday and by Sunday afternoon it ran out of battery. I’ll be on the search of something similar but longer lasting.",1
What a handy way to froth milk for lattes. It is a handsome tool - compact and easy to use. I bought mine for matcha tea lattes but will enjoy using it for company to make a quick but fancy drink.,1
Makes weak tea - I put herbal tea in this and I couldn't even taste it.,1
"Başkan ' a izin ver , ofisten çıkarken , 10,000 ABD ' li vatandaşlık ' i kendi seçimine sat .",0
Ve sonra sen sar ve tekrar yap,0
This product fits nice real nice And the experience was nice.,1
"Dalış ve şnorkelle dalma burada yapılacak şeyler ve parıldayan sular , harika deniz hayatı .",0
"This product just straight up does not work. I added this to boost the Bissell 2x pet stain & odor formula. Like a mentioned in my review of that product, unless my 3 month old pup has super enhanced super powerful urine, these products do not work. I used a black light to discover my sneaky pup's hidden urine spots and after 2/3 treatments using these products, the spots are still there and still are very noticeable under the black light.",1
"Doğulu ' da doğu , deri ürünleri , pirinç ve bakır , nargilas ( Hubble-baloncuk boruları ) ve tabii ki halılar ve kilim gibi orta Doğu ' nun tüm favori ürünlerini bulabilirsiniz .",0
Well I can write a review on the product because it was broke when it arrived. I had one in the past that had a metal spout. This one had a plastic spout that was broke off. It was shipped in a padded bag and just getting thrown around in a delivery truck would damage it easily. I would suggesting this item be packed in a box or a larger bag that the item is wrapped very good,1
Sometimes you just want a pleasant read without having to overly think about the plot. This is well written and was a pleasant journey with the right amount of villains and dashing heroes.,1
"These sunglasses are cute for fake Ray Bans, but after less than 30 minutes the inflexible hard nose piece digs into one's nose.",1
Başarıları Hakiki ve ülkeleri gelişiyor .,0
O zamana kadar bunun gerçek para mı yoksa komik para mı olduğunu biliyoruz -- Bir Continental ' a değer mi ?,0
"Kamu hukuk kariyerinde , Güney Brooklyn Hukuk Hizmetleri ' nin personel danışmanı olarak , bay rothenberg , Musa ve şarkıcı Dudullu ' in ortağı olan babası stanley rothenberg ile işbirliği yaptı .",0
"My order came very fast. Which was great. However I lost my Fitbit the day before, so I haven’t been able to try out the wristbands yet till I get another Fitbit",1
"Not at all his best book. It bordered on the absurd at times. Sorry, I’m typically a big fan.",1
This headband slips all over the place. Junk headbands are better made and worth the few extra dollars.,1
"1980 ' ların ortalarında başlatılan minato mirai 21 projesi , sakuragi-Cho ' nun kuzey ve doğusunda-Cho ' nun , iş , sergi ve eğlence entegre büyük bir yol niyet. imkanlar .",0
Yerden bir sürü anahtar aldı ve onları parmaklarında fırıl fırıl fırıl fırıl fırıl fırıl fırıl fırıl fırıl fırıl fırıl döndü .,0
"Bir veri güvenilirlik değerlendirmesi yapmak için , değerlendirme-ne zaman ve nasıl belge karar vermek gerekir .",0
"Eğitimli uygulayıcıları danışmanlık alkolikler , aşırı sarhoş hastaların sadece % 50 ' sini teşhis edebilir .",0
Bükülüyor her zaman faaliyetler arasında gerçekleşir -- bazı küçük görevlerin hitap ettiği ve belirsizlikler karşı karşıya olduğu bir tampon dönemi olarak faaliyetler arasındaki o zamanı tedavi etmeye alışığız .,0
"Ilıman ve spontane eğlence , bir iş kampında yapılacak bir şey gibi geliyor .",0
can't believe how reasonable priced this was works great exactly as described,1
Does not stay up or support my sons head. It feels like it would be comfortable if it worked correctly.,1
"Samson ' ın burada meşhur saç kesimi vardı , ama bugünün modern kasabası ' nı tanımak zor olurdu .",0
Looked nice but didn't work as well as I thought it would,1
"Bugün , piramitlerin kökeni ve amacı ile ilgili sahte-bilimsel teoriler , kitapçı ve belgesel kanalları üzerindeki ilanları dolduruyor .",0
"I'm 5'9"" and 140 and bought a medium. The jacket fits ok and the pull strings help give it shape, but to make it fit it has way too much bunched up fabric. It is very also very short in the body and the sleeves are about 2 inches too short. If I roll the sleeves and leave it unzipped it looks alright, but definitely not great.",1
Too small than expected and it was smelling,1
Kızlara nasıl çarptığı gördün mü ?,0
This product was not similar to the one I obtained from my dentist. The 35 percent was the same but the consistency was different. It burned my gums and made my teeth super sensitive,1
"Olağanüstü bir kadındı , genç tutmosis ıı ' nin üvey oğlu için vekil olarak güç kazanıyordu , ilahi ilahi hak iddia ederek kendi kendine gasp önce .",0
"I like these sandals but my foot is narrow, the only resin I can wear them is because of the vecro straps, I can only wear the ones that have a toe strap, if you gave me a little more room on the Velcro it would help.",1
' beklenmedik bir şey olmuş olmalı . ' ',0
Its cute but the stitching on the left side is a bit messed up,1
Yaaa oh sen üniversitede,0
Use carefully as longer hair can get tangled around the brush.,1
"Their design is cute and the outside organic fabric is nice but the inside is bad, too fake and unfortunately it always flips out so the polyester is touching the cheeks. Also the color faded on them after washes",1
I like the organization part of this product however the suctions do not suction and they do include sticky backing but not enough for all the pieces . I’d go a different route next time .,1
"Sonra da şapkasını cynthia ' ya yükseltti , biz de arabayla gittik .",0
"Posta servisinin maliyet çalışmalarına daha fazla para harcaması gerektiği önerilen , bu alandaki özel sektör harcamaları hakkında sorular ortaya çıkıyor .",0
"Seller delivered very timely and the product was packaged with the utmost care, thank you!!",1
Such a comfy mattress for the price! Great value and no noticeable smells detected. I live in an apartment with little ventilation and never detected typical unboxing mattress smells.,1
"Not really the best option for gaming. I was using them on an iPhone X. They would slide around too easily on the screen. iPhones have an oleophobic coating to repel fingerprints, so I’m guessing this made it too slick and they would slide around. They may work better on an android phone that doesn’t have this coating.",1
"I tried the shirt on. The fit was excellent and I decided to keep it. But, the hem of the shirt failed when we washed it prior to wearing the shirt for even the first time. We’re sending the shirt back.",1
"Ama Yasal yardım grupları , işinin olumlu faydaları hakkında nasıl yayıldı bilmiyor .",0
It is exactly what I ordered and what I needed at a good price,1
I’m absolutely amazed by this! My family and I travel all over for work and none of us speak anything but English so this is a great tool to translate for us.,1
"if i could rate this higher i would. i read all the reviews and had to try, i was like what the hell. I'm so glad i did it took about 3 days to notice the effects, i take upon waking and at noon and some days i forget to eat in two weeks i have lost 15 pounds and loving it will continue to use this product",1
"I liked the look and concept of this product, that, along with a lovely evening with a bottle of bourbon encouraged me to purchase three of these.. Upon receiving them, I feel it is poorly and cheaply constructed relative to it's cost of $16.95 (I believe). Mostly concerning is the length of the extension tube; it is entirely too long: I believe that the first time a guest presses on the tube and not the top of the plunger/depressor assembly that it will catastrophically fail. I hope I am wrong, but it doesn't feel that way.",1
"Kaliteli uyuşturucu teklifi , iktidarsızlık , kellik , kararmış ayak tırnakları ile ilgili bir şeyler bir sadece hoş bir ihtimal değil .",0
"Belki de , insanlık tarihinde , atalarımız hala kılıç dişli kaplanlar ' dan kaçarken , atletik kahramanlığıyla doğal seçilim oyuna geldi .",0
"Aziz ' in yerel nüfusu . Elizabeth Parish hala balık tutmaya devam ediyor ve ahşap tekneleri karanlık , volkanik kum üzerinde rahmet .",0
"Program , sistem hatalarını düzeltmek için tasarım değişiklikleri içeren 2002 ve 2003 yıllarında altı ek kalkınma birimi inşa etmeyi , geliştirmek ve test etmeyi planlıyor .",0
"1 BÖLÜM ' de konuştuğumuz gibi , mali denetimler kamu kaynaklarının kullanımı ve hizmet teslimi için hükümetleri daha fazla sorumlu hale getirdi .",0
"It was bought for my 14 years old phone, he loves the color and the case in general. I am a little disappointed that there is not more screen protection, just don't make them anymore.",1
Ve bunu sevdim,0
"Ve bu iş , insan klonlama kapısını açan ıan wilmut ' dı , geçen bahar senato duruşmaları bu olasılığı en ağır şekilde kınadı .",0
It needs one or two more extensions to be a good height.,1
Product came undone within weeks.,1
Tercih edersem çok sert olabilirim .,0
"Adalet Bakanlığı ' nda dava olamaz , bana söyledi .",0
"O son sadece bir tahmin , tabii ki ama bir şekilde doğru olacağını hissediyorum .",0
Very good product. I brought this belt for my mom. She is an active runner and this belt works greatly with her. She was amazed by being able to use TouchID to unlock her phone through the belt.,1
This item is hard as a rock and not comfy at all. We are ditching it in favor of something more pillow like.,1
"Payı , biz doktorlar kendimizi mide bulantısı yapan şeyler yapmak için istedi bulduk .",0
"This is a great game up to a point, sometimes a bit difficult.",1
The hard black rubber had a sharp edge all around where it meets the pink plastic. Not comfortable to hold because of this.,1
The fit on this is extremely nice. It fits true to size. I like the way it holds everything in place while making you feel sexy. Extremely comfortable to sleep in as well.,1
Not strong enough to say attached. Sending back.,1
I love my Nexus 5x I have had it now for almost 8 months or so now and it still going strong. I had purchased some glass protectors and they saved my butt a few times. This phone is very light screen color is vivid and bright touch screen works great as it should. I am accustomed to using this phone over my other because how much lighter this one is than any competitors out there. I would buy again and I would definitely recommend to friend or family for a reliable good phone for a great price.,1
The rubber string inside the 4 legs are so tight that my dog looks so uncomfortable wearing it so I cut all the rubber strings out and sew it back on and now it is perfect rain coat for my dog,1
This item was never shipped to me.,1
"After initial test product works great, picture quality is excellent. Once plugged in my Macbook Pro defaulted to screen mirroring, I changed display to multiple screens and had no issues. Great product after initial test!",1
Only had it for 3 weeks and it’s not working I’m 4 days past the time I can return it I’m so pissed will not be buying again,1
"Oldukça en , devam ediyor poirot .",0
"Super cute but can't be messed with a lot or they fall apart quite easily, so if you are not using them in a scrapbook and want to do something a bit more extensive they don't hold up well with being used and reused. Several of them broke after opening them up multiple times.",1
"overdone, relentless lecturing on leftist identity politics. puke. would love to get my money back on this one.",1
Amazing. I had a strapless that I wore 4years ago and 3 babies ago...needless to say it didn't fit anymore but I had a wedding I was in and needed it to fit. These worked PERFECT!,1
Hayır o bile değil çuval bile al bu gelmiş geçmiş en tembel köpek,0
Bundan bir gün sonra ortadan kayboldu ya da daha doğrusu görünür olmayı bıraktı .,0
The kids are hard to get on,1
Has a bad oder to it and the product was seeping out and all over the bottle.,1
They were very thin and the corners of the runners were curled up when we rolled them out!,1
"Bu rol tarih tarafından zorunlu ( erime-Pot geleneğin doğal bir uzantısı ) , ekonomi ( Amerika Küreselleşme ' den en çok kazanç elde eder ) ve ihtiyaç ( başka kimse bir ) .",0
Had to use the old back plate as the new one would not allow the battery to make good contact. Other than that works fine.,1
Sistemin kritik rolünün tanınması için yönetici sorumlulukları,0
"A white duvet cover with a black zipper? Who thought that was a good idea. A black zipper? Really? But for that, it’s fine.",1
"while very easy to inflate,the valve leaks air. I inflated 5he item when I set up camp and within two hours without even lying on it yet the mat was half flat. very disappointed with the product. However the pillow performed excellent.",1
I like the back of the case and it gives my phone a good accent. The edges of the case are really flimsy and have torn/ripped in some areas.,1
"I have a tendency to not drink enough water pretty much ever. Lately I've been trying to remedy that, but I've come across a few problems: one, that bottled water is expensive and harmful to the environment; and two, that city water in my area tastes downright horrible. These little packets are a lifesaver for sure! Great taste and significantly less waste, plus the added electrolytes are a great bonus.",1
"Ama bunun dışında , zamanımı tamamen boşa harcamak oldu .",0
"I am not a gymnast nor have I never seen gymnastic rings before. That being said, to me these rings and straps seem to be of high quality. These wooden rings are well milled, large and feel good in my hands. The straps are good quality and the buckles are large, sturdy and seem like they will last a long time. The only point I'd like to make is these wooden rings are unfinished. Meaning the rings are smooth sanded, unfinished, naked, bare wood. I'm not sure if that is the way Gymnast Rings are supposed to be, I was expecting them to be finished.",1
"Denver Bronco ' nun sırtları , bu yaz sezon öncesi oyunları ' nda selam verdi .",0
I bought it to mod. Good specs for a cheap watch. No complaints.,1
had to return as it didn't fit my gun,1
' gizli ' malzemeler için çağrı yok .,0
Sürücüyü her zaman gerçek bir acil durumda uyanık . ' ',0
Not as easy to remove as I'd hoped for.,1
"How this was packaged, I know for sure it wasn't taped, product was loose in box not happy..very careless for amazon.",1
Bir projede geç personel eklemek aslında daha fazla kayma neden olabilir .,0
Just what the doctor ordered. Love the flexibility and range of temperatures.,1
"This device helps with my tinnitus , but it is not the whole answer.",1
Akdeniz ' in en sessiz köşeleri birinde rahatlatıcı bir süre kalmak için baştan .,0
Bahse girerim babam eski şeye bile olabilir .,0
"Bir restoranda resmi bir yemeğe oturmak yerine bir tapas bar ' a dalıp , sevdiğin eşyalara işaret edip , tezgahın aşağı doğru ye , açık büfe gibi .",0
"Replace drum, but it is brand new and just arrived",1
"Genel Başkan Yardımcısı Gao ' nun bu değerlendirmeyi yapma yetkisi olmadığını iddia ederken , genel başkan yardımcısı bir bölgede gaoas otorite kabul etti , 712 . Bölüm altındaki nepdg doğrudan ve dolaylı harcamalarını bak kabul etti .",0
Kapıyı kırıp kırmak zorundayız sanırım .,0
It broke very easily,1
Beautiful set but does not seal well at all!!,1
Bir tek sebebi okul aracılığıyla eğitim satın alma planı üzerinden aldığım ve kırk sekiz yüzde biriktirdim o yüzden evet dedim eğer ıbm ' e kırk sekiz % indirim olursa alırım,0
"Rakamıyla ıı , ortalama gelir ve teslim etme yoğunluğu nispeten ekonomik olarak .",0
They are bent and misshapen and don’t stick great bc of that,1
"Eğer bizim savaş tüm öğleden sonra kasıp , sonuçlar aynı olurdu .",0
"Napoli Körfezi ' nin Güney Kolu Boyunca Yarımadası ' na uzanan sahil kıvrılan , Avrupa ' nın en romantik ve dramatik kullanıyor biridir .",0
Price was great and shipped instantly,1
I like the fact it has a little more stretch than the one that came with the watch. Can come off if it hooks on something.,1
"Bu kadar çok başka haber kaynağı olduğu için ( internet , kablolu tv ) gazeteler daha çok dergi tarzı hikayeler yapıyor olabilir mi ?",0
Ah senden öndeyim orada üç tane ve bir tane yolda,0
My product was supposed to be here on October 1st and it is now the 10th and I still have no recieved it!,1
"Salinger , ve biyografi yazarı yayınlanmış işten birçok alıntı çıkarmak için zorladı .",0
Evet tamamen bambaşka bir kültür um orası garip aşağıda çünkü,0
Not worth it. Battery door wouldn't even stay on. It's junk,1
"Şüphesiz ev alıcıları , hareket kabiliyetini feda ettiklerini iyi biliyorlar .",0
the fluffy stuff cannot be removed and wore out pretty fast,1
"Bu durum öncelikle , yeni yazılımın güvenlik özellikleri gibi konularda teknik konferanslar ve özel kurslar ile , diğer güvenlik profesyonel ağ ağ ve en son teknik edebiyat ve bültenleri gözden geçirmek üzere başarılı .",0
"Cheap Quality will break, had them for maybe a month before they snapped",1
Lsc-finanse edilen yasal hizmetler için uygun olan uzaylıların kategorileri,0
"Üç ders , kanyonlar , güney dağlık ve ana kurs , Summerlin ' de tpc split .",0
"Filtreler ve şu anda sahip oldukları tüm o şeyler , yani neredeyse bakım bedava",0
"Love this solar lamp. It has three modes, but the flickering is my favorite. This goes very well with my flickering tiki torches and flickering speaker.",1
"Mali yıl 2000 ' de vergi dairesi , çalışanların performans beklentilerini , personel memnuniyeti , müşteri memnuniyeti ve iş sonuçlarından oluşan bir dizi dengeli beklentiler ile uyumlu ve sorumluluk-Liderlik ile iki ek alanı ile uyumlu , eşit istihdam fırsatı .",0
"Yüzyıllar boyunca tanca , fez ve Amsterdam ' dan Selanik ' e , istanbul ' a ve Halep ' e , ' dan Yahudi mahalleler , 15 yüzyıl kastilya lehçesi ( ibranice sözlerle serpiştirilmiş ) , ispanyol sürgün tarafından konuştun her yerde konuştun .",0
"Disappointed by the sizing, usually get a medium but bought a large for extra room and it was very tight. Disappointed by Amazon, apparently one cannot exchange for another size at the same price paid if there is an increase. Merry Christmas, will be returning and buying from Lands End",1
New at this. Need more time to review.,1
Quality good not what I expected not for everyday wear,1
This floatie is nice but it definitely is NOT compatible with a 20 lb child. Disappointed because we’ve been searching all summer for a floatie for our 22 lb toddler.,1
"Sana söylememe gerek yok sevgili cavendish , bu en trajik ilişki için ne kadar sıkıntılı olduğumu .",0
"2 BÖLÜM ' den itibaren , fgd inşa edilen mwe başına yaklaşık 760 saat emek gerektirir .",0
"Elektronik yorumlar için açıkça temin 93 nokta kurallarından 39 ' te , nokta , kural hakkında daha fazla bilgi için okuyucu yönetimi yönetim sistemine .",0
Item was send without the blue sticks to build.,1
Restoranlarda ekmek sepetini temizler ve her şeyi çantasına aktarır .,0
Great cords I would like to see my cat chew through this one,1
"Cheap junk, the picture is what it looked like when it arrived and several items are broken, may be alright for beginners but still, broken pieces, spend a little extra money and get something worth while.",1
"I love the idea of them, they look nice, pretty colors but many were broken right out of the box.",1
Evet bir ölçüde sanırım öyle,0
One box of milk was leaking. Never happened before. This product is expensive.,1
Oh evet bu doğru um-hum evet bence bu günlerde büyük bir gelişme yapılıyor bu günlerde çok sayıda alanda bildiğiniz yaşlılara değer veriyor çünkü insanlar tabiki nüfus yaşlandıkça,0
Great piece for the cost. It's a nice sturdy camo but also light enough to wear in the summer/fall with quarter sleeves. I plan on spicing it up with pins and patches maybe a little sequin.,1
Mısır tarihinin en üretken inşaatçılar biri 60 yılı aşkın süredir karar ve luxor ve karnak tapınakları ' nı genişleten ve muhteşem abu simbel ' i yaratan muhteşem projeler .,0
"I was absolutely engrossed in the first two, this one, I couldn’t,stay engaged. It became very repetitive, lacked the action one expects from Don Winslow and I was tremendously disappointed that he could not stay away from the politics. The cartels came into power long before Trump and yet it seems that all of this is now laid at his door when he is trying to fix the problem. It is a shame that this wonderful trilogy added up like this.",1
"My only complaint if I really had one would be that I wish it was a little thicker. It is great quality, stays on the bed well, and a great value for the price. Super comfortable!!!",1
"Ama satıcıların neden ver isteksiz olduğunu görebilirsiniz . Bir sanatçının hisse senedi yükseldiğinde , yakın zamanda modern sanat Müzesi ' nde büyük bir geçmişe sahip olduğu için , onları bir an önce kaldır daha zor hale getiriyor . Aylar önce",0
Doğru valla babam güneş enerjisi işine girdi,0
Good quality brushes for the price. Much better than the cheapest ones available at drugstores. Highly recommend.,1
I have been using this pot everyday for about a month now to steam baby food and veggies. It has been very durable so far. Seems like good quality as well.,1
Sence de öyle mi ? Belki de farklı bir şey duydum . Annem ve diğer kadınlar gibi . Çocukları için gerçekten zamanı olmayan kariyer,0
Ayrıca seni bul ... imkansız imkansız . ' ',0
"Lüks Spa , imza restoranları ve özel butikler dahil olmak üzere , dünya çapında en iyi tatil merkezlerinde yer alan o sonra yeni tatil olanakları ve olanaklar modellik .",0
"Etkileri çok yakında hissettim , muhtemelen bir saat içinde .",0
Miloseviç ' in gücü uğruna ne kadar dünya feda eder ?,0
Vıı Sanayici dedi ki ; beni elde eden işçilik .,0
This was a very intense and gripping story of kidnapping and murder. I enjoyed this book very much and recommend reading it.,1
"Bazı CEO ' ların sözlerine rağmen , bir anahtar oyuncu bir fark bir , hissedar değeri eklemek ve zaman içinde hissedar riskini yönetmek için yetenekli yöneticilerin bir takım olması gerekir .",0
"I had a problem with my all-in-one printer and was able to describe it, file a claim, and receive approval within a matter of minutes, all online.",1
terribly made. cheap material. broken zipper,1
One of the best headphones I’ve ever had...,1
Ben özel dedektif değilim .,0
"Gönüllü olduğum çocuk hastanesi üzerindeki bankalardan bir grup geldi ve bir sunum yapıyorlar ve genç yöneticilerin her biri , gri ceketler üzerinde aynı erkek ve kadın giyinmiş. ve gri pantolon ya da pantolon veya etek ve beyaz bluz ve aynı renk kravat demek istiyorum ki , pantolonun uzunluğu hariç erkeklerden kadınlara zor söyle",0
Iki kişi için ne kadar domuz eti satın alıyorsun,0
"I didn’t feel like it had enough support, like it didn’t suck anything in.",1
Evet doğru bu matthew o bu çocuk ah o her zaman o sadece bir çok kez kendine tutar ama gerçekten iyi bir şekilde,0
"Just to confirm the other reviews. This glove acts as a heat barrier, but not completely heat resistant. After a few seconds on the curling device, it will burn your fingers. After you realize it is not going to fully protect you completely from the heat, it is a nice shield from the intense heat. Be careful! I have not researched if they sell a product which is 100% heat resistant?",1
Bu demek,0
"Virginia Yüksek Mahkemesi ' nden adalet cynthia kinser , kutlama için açılış konuşmacı , yasal yardım kavramının ingiltere ' nin Magna Carta ' da ifade geri bir söyledi , ancak bu ülkedeki ilk sürüm New York ' ta 1876 program oldu alman göçmenlere yardım edin .",0
Yapı için daha doğru bir başlık Edinburgh ' UN YÜKSEK KİRK ' ü .,0
"Ana kasaba vathi ya da samos kasabası , çok korunaklı bir limanda kuzeydoğu kıyı şeridinde yatıyor .",0
"Başarılı örgütlerin , stratejik bilgi yönetimi denilen bir şeyi takip ettiğini bulduk . Bu , bilgi ve bilgi teknolojisinin kapsamlı yönetimi , görev performansı ile ilgili gelişmeleri en üst düzeye çıkarmak için .",0
Good quality pillow covers. Looks just like photo. Heavy fabric,1
I got a wrong item and I returned but they returned item back to me because this shop change address and no package receiver. Be careful!!!!,1
Clinton ' ın tanıklık etmesi bile hoşuna gidiyor .,0
"Bir ay delikte geçirir , sonra da tek başına hapis cezası alıp , acımasız ve sıradışı bir ceza düşünürsek için adam cezalandırır .",0
Iş yerinde tasarruf planlarınız var mı ?,0
Milli Bilim Vakfı .,0
"Bu neslin Amerikan kültürü üzerinden bir başka özelliği -- liberaller ve muhafazakarlar tarafından paylaşılan , kötümser ve gerçek inananlar , Clinton , gingrich , Steven Spielberg ve dowd ' un kendisi -- daha iyi , daha erken bir zaman önce , ve her şeyi berbat etti .",0
"Anao ' in sitesi , denetim raporları ve daha iyi uygulama rehberleri dahil olmak üzere çeşitli yayınlar bağlantılar içerir .",0
It is bot holding hot temperture long as 12 hrs,1
Deep clean for sensitive skin. I have used it for one time only every day.,1
"Drew , yolcu şapkası altında beyaz bir bandaj yakaladı ve Johnny Shannon ' ın eve geleceğini biliyordu .",0
"Wow! I would absolutely give this preworkout 5 stars but the taste(to me) is absolutely disgusting. I have to drink it in one big gulp to get it down. I’ve been adding creatine to it which makes it about 5% less gag worthy. But aside from the taste this is the best preworkout I’ve tried so far!! Lasting energy, and great focus. It enables me to play with my kids and keep going after my workout which is great for moms who can’t stop!",1
Excellent product! Easy install. Arrived sooner than expected!! Took about 30 minutes. It came with 4 tabs to secure fit as does the OEM I replaced. I did gave to remove the little nipple on the inside for it to fit properly. Overall I really like it!,1
"Love the jacket, but the zipper was broken when delivered.",1
"M.ö. 300 ' de kartacalılar tarafından yerleştirdi ağaçlar , sulama altında başarılı .",0
"Ana girişin sağ tarafında , küçük museo marciano ' a , 2 YA DA 3 yüzyıldan kalma ve basilica ayrıcalıklı bir yakın olan orijinal dört bağlı bronz atları görebilirsiniz . Müzenin açık galerileri mozaik tavanlar .",0
"This is our 3rd Stanley Mobile Chest, and we use them for everything! Super handy, and you can add a LOT of weight and still move them easily. Great for storage and for job site.",1
"Zeytin ya yağ ya da tuzlu su içinde korunur , ya da sadece eve bir şişe ekstra bakire zeytinyağı , hem yemek için hem de lezzetli salata sosu yapmak için .",0
"The case is honestly pretty okay. It does lift off some worries on my shoulders of maybe me dropping my phone or scratching it. Since the light case has a nice grip to it so you're sure to know that it won't slip off your hands. Though the case itself is just a plain thin piece of plastic with the razer logo and some grip to it. The price of $20, $30, and $40 for these cases doesn't work for the protection it gives. If you expect it to give you some shock resistant, it probably will not. Though this case does serve its purpose of protection somewhat. Do I regret getting this?: No. Would I recommend this?: Sure, if you are a casual user and don't drop your phone a lot. I personally like the razer aesthetics so I went with this case. But if you're not interested in it yourself, you should probably find a third-party case that serves you better.",1
"Alpler ' in coğrafi ayrılıklar , Po Vadisi ' nin ve apenin ' in her iki tarafında da , , italyan sanatının zenginliği ve rekabet ve mimari okullarının rekabet yaratan bu çok çeşitlilik .",0
"Bu durumda ajanslar , federal hükümet için gaap kaynakları sağlamak üzere ' manzara .",0
"Socks are like lightweight, soft and cozy. Colors are nice too. Only reason it didn’t get a 5 is that they could be a little tighter as I find myself tugging them up throughout the day. And I’m a ladies shoe size 10 medium width! If your feet are size 8.5 or under I might consider other socks.",1
Aesthetically attractive but quite flimsy in comparison to the other Zinus headboard we purchased. No regrets and it definitley adds a nice pop to our bedroom.,1
I paid for the shipping my self. I should have received a full refund. Please adjust. I can’t find any other way to contact you.,1
"The other cases I got from the phone store already had a crack in them after two weeks and were twice as expensive as these. Even if you only have one phone, it's great to have backups just in case.",1
Su bir prescrub bölgesinde veya daha yaygın olarak emici bir alan integral oluşabilir .,0
I never write reviews but I wanted to share. It did work but what a hassle. The eye pads were so long they kept lifting. The glue could be way better. Trying to get my lashes to stick to silicone pads was such a pain. Fyi your lashes will stay however they look on pad! So before you put the perm lotion on take your time on this step. If you buy maybe buy different eye pads. I will for sure be ordering different pads.,1
Bir dönem izin aldım ve her dönem en az bir sınıf dersi alıyorum,0
Evet büyük zaman ben bahse girerim NBA ' de kendi onların,0
"Cost keeps going up, but the food is great for an energetic pup.",1
Broke after a few uses. Made cheap.,1
"When looking for instruction on how to scan, download, save, store and retrieve it was a challenge. Impatient I ordered another book to get the answers. More concise directions would have been nice. Overall the book was helpful but lacked direct 1-2-3 directions.",1
Never received the order :(,1
"Şimdi , eğer kız oraya yerleştirilmiş olsaydı neredeyse kesin bir isim altında olurdu .",0
Uh-huh sadece o değil ama bu makine normal bir tv setine bağlı olabilir ve onunla video sunumlar yapabilirsiniz her türlü yazılım var o Amiral ' in adı amiga vision diye yapar ki o zaman fotoğraf al ve sonra kendi video sunumunu yapabilirsiniz hewlett packard kullanıyor hewlett alamıyor pc ' ler yapıyor ve amiga ' yi video sunumlar yapmak için kullanıyorlar ve um eğitim eğitim tipi uh uh için bu arada bausch ve lomb da kullanıyor,0
"This is my 2nd case purchase. I bought a new phone and HAD to get another LUPA just like my first one. They look great, holdup well and make carrying a credit card or ID super convient. Love it!",1
"Hiç bir şey onu hayata geri getirebilir , ama umut ediyoruz , eğer faul oyunu varsa , katili adalete teslim etmek .",0
"the 1st month seemed okay not great they still had some fights, and still seemed jumpy but i thought they improved, then the 2nd month and nothing they are back to fighting every day and storms are making them jumpy and hide not worth the money for my cats, i gave 3 stars for the 1st month otherwise i would have given 1 star",1
"Şehir Merkezi , Türkler tarafından başlayan ve Türkler tarafından takviye edilen engin bir kalenin duvarları içinde yatıyor .",0
what was advertised is what you get. Love it can't wate to start it.....,1
Um ' ben bu sherwin williams boya falan diye unutulmuş ama neyse önemli olan bu sorunlardan biri olsa da tablo almak için resim yapmaya başlayınca bunu istediğini biliyorsun bunun böyle görünmesini istiyorsun ve bunu istiyorsun öyle görünmek ve tabii ki her şey beyaz ise sen iyisin ama renklere girmeye başladığında renkler renk elde etme sorunların var mı,0
My cousin told me of this product and how good it was had to buy one.,1
Turow gelince bir kutu kontrol ettik her kitabın ayrı ayrı gönderdi rica ettik en kısa zamanda -- yani ya amazon bu talimatları görmezden geldi ya da gerçekten tam 11 güne ihtiyacı vardı turow bize almak için .,0
Titredi .,0
The box came in damaged and opened. The sunglasses inside we're fine how ever.,1
The Ankle Brace fit well and I do like them. The only draw back is the hole when lacing them up do not match with the inside material so it can be a pain to lace.,1
These screen protectors do not last long and the edges lift easily. I went through 2 protectors in 3 months and wonder if the panes are actually tempered.,1
Geniş Dublin aksanıyla müstehcen yorumlar bekliyorum .,0
"Bradley ' nin , gore ' un da gore kadar garip bir aktivisti olduğu tekrar tekrar ortaya çıkacak .",0
This is cute but not as I expected. About the size of your night stand. Can hold 50 files the way it's designed.,1
Buna adanmış gölge tanrıları vardı .,0
Üç kedi görüyorum oh gerçekten bu ilginç ne cins ne iş yapıyorsun,0
Bugünkü ortam sonuç odaklı .,0
Stopped working after 30 days.,1
This dress is perfect! I am 6 months pregnant. The skirt has beautiful silky fabric the perfect length and fits great!It even has pockets that don't bulge!,1
Wrong product delivered and took nearly two weeks. No notification when it arrived. It said on tracker 21st and it arrived 18th.,1
"This is a solid piece of equipment. I bought the larger size so I could squeeze lemons, lines, and oranges, maybe even pomegranates. However, this does not squeeze limes well, the two surfaces do not oppose closely enough. Oh well.",1
Işte bu kadar çok insan var gerçekten patronumu idare eden bir sürü yol var ve sadece muazzam borçları var ve o da çok ama yani ne diyorsun saçma patron gibi bir şey o kadar borç iyi ki üniversitede iki çocuğu vardı ve bu tür şeyler ve bu,0
I installed belt...ran it about twenty minutes...and ping it broke...I will not order this belt again,1
Order was just cancelled never received,1
I wanted to love this. But it's incredibly light weight and has some weird lumps in it when I make my bed. Like it doesn't lay correctly out flat.,1
Fascinating premise and characters. The only criticism I have is that it seemed to drag a bit in the middle of the book. The family involved are wealthy but amoral and any one could be the guilty party in the murders that occurred decades ago and recur in the timeline of this book.,1
Çıkmak mı ? 203 Evet .,0
"Bayan tuppence haklı , sir james sessizce dedi .",0
"Doesn’t work well, most people hear lots of static on my end",1
"2nd one i’ve bought, within a yr, this one just 3 months ago, My advice, DONT BUY, for the price , NOT worth it..",1
Love lights but 2 out of 12 junction box circuit boards failed after 2 days 😖,1
didn't work after about 2-3 days.,1
"Cheaply Made, more of a decoration than a useful kitchen mitt.",1
The watch screen doesn’t register the touch after you install this. Huge waste of money.,1
"Sürekli 2000 ulusal tasarruf oranı simülasyonu , hane , işletmeler ve tüm devlet seviyeleri tarafından kurtarmak belirtilmemiş bir karışımını yansıtıyor .",0
Thinner then I thought used as dog collar and puller apart not very happy for what I needed them for.,1
"It works, What can I say. ..",1
Peki onlar hakkında konuşuyor ve biraz daha var mesela ben büyük bir metroplex yaşıyorum ve bazı daha iyi parçaları var daha zengin olan kenar mahalle o tür hedef okulları var ama ah sen bilirsin,0
this works but is kind of flimsy and light. this gets the job done for my needs but i dont know how accurate it is.,1
Alf değil !,0
"Bir hikaye , sadakat yatırımı ' nın devam eden sorunları .",0
"Michael Kinsley ' in ahlaki açıdan alt üst olduğu için , çıkar çatışması neden kötü bir şey olduğu için iki olası sebep olduğunu not ediyor",0
Gün için geldi .,0
Gürleyen ve aydınlatıcı bir tartışmayı teşvik etti .,0
"Ama ruhu geri getirmek için en büyük mekan huzurlu miyajima , sadece 30 dakika uzaklıkta .",0
"Ama Bologna , parma , Perugia , Roma ve palermo da güzel bölgesel evleri var .",0
This shoe was wide.... but I have a narrow foot so it may be OK for others.,1
Wrong color much bigger than photo Never received a refund.,1
"It holds a charge for only about 3 days. It doesn't seem as accurate as my previous Alta. It doesn't sync well when I am exercising. The band has the type of closure that doesn't work very well. (Not Fitbit's fault, but the off-label replacement bands have been awful.) I'm looking for another solution to my fitness tracking. I've had the Alta. It failed while I was on a cruise. I'm going to try using the clip device that attaches it to clothing and hope that is better.",1
"Deki Milli Parkı ' nda burada bulunan 10,000 eski maden şaftlar ve eritme yerleri kalıntıları görebilirsiniz .",0
"Büyük Ticaret açıklarını finanse etmek için sabit bir dış yatırıma bağlı olarak , Tayland ve Malezya hükümetleri para birimlerini değerini , ihracat onların yabancı pazarlarda daha ucuz hale getirmek zorunda kaldı .",0
O kadar iyi ki bir iyi bir plandı ama daha değil satış yaptım ve telefon sistemleri satıyorum,0
Istediğin yere git istediğin zaman oraya git,0
Ayrıca bisiklet şoförleri tarafından da yaklaştı ; bunlar iki yolcu taşıyan giyilir .,0
Diğer ölçümler ihtiyaç olduğu gibi seçilmiş .,0
"The CD player worked 2 times. Now it plays for about 30 seconds, starts skipping and quits altogether",1
Bu farklı olurdu,0
Effective compared to other Melatonin tablets I have tried.,1
The bottle as depicted was different in what was received although the contents were the same. Need more time to evaluate the results,1
"Ayrıca , Batı Gölleri ' nin hikayesini anlatan cumwest sergisini burada da bulabilirsiniz , daha az bilinen ama göl bölgesinin daha az büyüleyici bir parçası .",0
They are rust resistant due to not having steel in them making them more easy to wear.,1
This is the only Numi tea I have ever disliked.,1
"After three days, it broke. It slipped out of my hands on accident, when I was at a restaurant, trying to pull the card out to pay.",1
Devletler bu alanlar için planlar geliştirmek için gerekli olacaktır .,0
"Product was too bulky to when trying to install, after market springs are too thick for hooks.... Rods are too long.. but for stock applications it should be good.. use the maximum motorsports spring tool if you are dealing with mustangs...",1
Iş mi istiyorsun ?,0
İngiliz yazar Richard Susskind bu potansiyel müşterilere gizli piyasa diyor .,0
"Ya da offshore r & R ' a ne dersin ? Subic bay donanma istasyonu ' na ziyaret edin , askerleri miting yapın , ya da hafızasını selamlayın , ne olursa olsun , üs dışı sosyalleşme zamanı olduğu sürece .",0
"Ice pack started leaking its blue fluid after 2 months of use, had to throw out. Bag is fine.",1
"3 hour toy- fun toy and is great if you only need them for 1- 2 hours depending on activity level when using them. Got the whole pack for my 8 year old. 3 out of the 6 of them have broken, and he just opened them this morning for christmas. They are cheap of course but would be nice if they lasted longer than a couple saber fights.",1
The pants were way to small and should be ordered maybe 2 to 3 sizes up.,1
7 ) Stern Alman hakimiyeti ?,0
"Zaman ' ın kapak hikayesi , hareketin liderlerinin niyetini soru .",0
"Ve Sen de biliyorsun ki , mesela öncü edge gibi , Hiç Lider Edge ' i duydun mu ?",0
Good movie and little messed up but hey we all are,1
En son Avustralya ' da ozon koruma yok . Son yıllarda mekik ' . Cilt kanseri ve diğer sen Avustralya ' da kanser olduğunu biliyorsun .,0
"Ah , ama hiç fırsatı yoktu .",0
Ah ben uh işleme öncelikle öncelikle esas sebebi var,0
It's not plug and play as they described. It wont clip so I ended using a tie strap to hold in place. Wasn't easy but overall at the end the appearance looks perfect that's why I gave this item 4 stars.,1
The reason for the 3 stars is the color. The product seemed to be good quality I just didn't like the pastel colors. I wanted to use them for Christmas but they are more suited for Easter/ Spring decorating which I don't normally do. Will probably send them back even though I have to pay 5.99 for return shipping. I would still recommend them for folks who want pastel lights,1
Kim ne tür müdahale ediyor,0
These are amazing! They fit perfectly and the pockets are big enough to hold my Pixel 3XL in it's giant case plus extra stuff and still not fall off. I recommend these for any woman who is looking for some yoga shorts that are durable.,1
"If i would have known Marcy owned this company i would not have bought it. Had a problem with broken wheels. Customer support was no help and i could not get them replaced, so i bought some at Home Depot and did it my self. The bench itself is good enough, But Marcy, no bueno..",1
These straps are pretty great. They are wider than previous straps making them stronger and less likely to damage my poly-foam SUPs. Held 2 SUPs in place for a 6+ hr drive including freeway speeds and windy mountain driving.,1
"IT's able to transfer files from a USB-C device, however it's more useful for one or 2 files because for some reason the USB-C portion of it disconnects from the device for no reason.",1
"Hurricaine iniki tarafından sert bir şekilde vur , bu lüks resort sonunda yeniden açıldı , gayri resmi hissediyorum , güzel golf kursları , adalarda egzotik hayvanlarla lagünleri ve Hawaii ' deki en iyi Otel Havuzları ve yüzme plajlar biraz .",0
"Eğer öyleyse , genel olarak kullanılabilir mi ?",0
"İspanyol lokantaları resmi olarak not edilir ve sonra bir numaralı çatalı layık en düşük , dört çatal ' ? ? Lite .",0
"I ordered these as a gift. First order arrived with shattered glasses, thought I’d try again, nope! Completely shattered again!",1
I don’t care for it due to the size of it. I thought it would be bigger in size.,1
I have an iPhone 8plus and ordered the case and it’s a little to small but it’s still doing the job so far!,1
"Meyve endüstrisi , yerel üzüm bağlar çarpan phylloxera hastalığına tepki olarak 1880 ' larda ciddi olarak başladı .",0
"It is amazing. Easy to use, and painless. I am in my 7th session, and I have already no hair on my body. I use on my legs, armpit, arms, upper lip and bikini.",1
Oh kulağa harika geliyor,0
Product came quickly and as ordered. Pen writes so smooth and ink dries quickly. Is comfortable for those who write for long periods at a time. I look forward to ordering these same pens in different color inks.,1
"Personel , yıl boyunca orta batı proje yönetim derneği ve Güneydoğu proje yönetim derneği toplantılarına da katıldı .",0
Yerli işçilerin oregon ' da suçlarla itham edilen ve iletişim engelleri nedeniyle uzun süre gözaltına aldığı bir avuç yüksek profil vakası oldu .,0
"The product itself is quite tasty, but sadly it was not frozen when it arrived. So plan on drinking all you buy with in 7 days! This was disappointing.",1
"Works as intended. I like the split shelves at the top meaning I don't get sprayed in the face when I reach for a bottle. The holes for flipping the shampoo upside down do not work for the type of shampoo that I use but I'm not sure I would like that anyway. The rubber grip on the hook is nice and snug on the shower head so no complaints there. I took away one star because when I remove a bottle from one side or the other on top shelves, the suction cups slip and the entire thing leans to one side. Still functional and nicer to look at.",1
Good for the price. Dog chewed it up in one day though. Will buy stainless steal next time. If available.,1
Bu tür bir karar vermek için yaşında bir çocuk istiyorum emin değilim . Yani bu kulağa doğru gelmiyor . Sanırım genel olarak faydalı görüyorum .,0
Ve sonra ?,0
"Very small bag, doesn't look the same as the photo.",1
Cami ' yi sağa dön ve sonra Simon ' ın mezarına ulaşmak için terk et. ikinci tapınak döneminde yüksek bir rahip .,0
I bought these for my little sister for Christmas but I may have to keep them! I didn’t realize how fun these would be!!,1
"I read the book in the 60s and thoroughly enjoyed it, but never saw the movie. I watched the movie and was actually annoyed at how little of the thrill and drama of the book made it into the movie. The movie is static and pretentious, dull and long. I watched it to the end because I wanted to see what happens in the movie, but there was very little energy left in the movie or in me by the end.",1
Son bölümlerde sahne arkası raporu : Biri Newsweek ' e söylemeli ( Aşağıda gör ) .,0
Çarpıcı kostümler ve özenle hazırlanmış yap ve maskeler tarafından destekli coşkulu performansları etkisi tamamen baştan çıkarıcı olabilir ; birçok şüpheci bir bağımlı ortaya çıktı .,0
Just got them in the are packed good have not put them on yet,1
Evet ve tam orada ol ha,0
"Feels good on, appears to work well so far, but SO orange. Not finishing tube and purchasing another brand. Who wants orange suntan lotion? Anyone?",1
"Ve eğer değilse , neden time dergisi yeni yeni aptallık aptallık o muhteşem trend-tespit kapsıyor birini yapmadı ?",0
"Kafes ve denetim , beyaz kadınlar arasında alkol bağımlılığı için düşük hassasiyeti ( % 59 ve % 48 ) vardı .",0
"Even though I have read a lot of books and seen a lot of films based around the horrors of Auschwitz, this book was an incredible account of a true story. I simply could not put this down and my heart wept for those who endured the terror of this time in history.",1
I liked this product because it is easy to peel off the backing paper. Good purchase.,1
Tanık çapraz muayene değildi .,0
' gerçek ama onlar yaş yaş,0
"Duvarlar yirmi beş santim kalınlığında ve ahırın çatısına monte edilmiş , apache saldırılarının genellikle geldiği tepelere karşı karşıya , küçük bir pirinç topu don cazar ' in 61 . ' de yürüyüş yürüyüş miras kalan mirası .",0
Its a nice necklace looks a little cheap and was broken when i finally received it,1
Little pricey for contents but informative and cute,1
"Katılımcılar , almamız , bar liderleri , hakimler , avukatlar ve müşteriler dahil olmak üzere kilit paydaşlar temsil ediyor .",0
"I have used this product for a long time. I quit for awhile, but found that when I started again how much better I felt! Good Stuff!!!",1
Fayda geri dönüş diyorum,0
"O , devam eden programların bile protokol değişikliği yapmak için yeniden dikkate ve gerekli olduğunu belirtti .",0
"Cook hanım , biraz daha uzak , kızım ... Rider ' ın doğru tek hikaye binadan bir adam çıktı .",0
Bu gece burada buluşuruz .,0
Bu millet beni terörist olarak değil özgürlük savaşçısı olarak gördü .,0
"Demek istediğim , sadece istatistikler çok şaşırtıcı . Onlar , erkeklerin aynı işler için yaptığı cent ' i biliyor ve bu konuda gerçekten kızgın .",0
"This product was for my dad, who by the way dislikes cell phones very much and is not handy with technology. So getting this case was something I was concerned about because I was not sure if it would be to his liking. Well, it was!! It did its job of protecting the phone! I would recommend it",1
Vah vah başkan bu davayı ',0
"Hastanesi ' nde doktorlar , alkol ekranlar sonuçlarıyla uğraşmaktan sorumludur ve bu şekilde başarısız olduğunda bir mektup alırlar .",0
Sizce ablacım bir önceki mektubu yazan Duâ ' nın yanında yaşıyor olabilir mi ?,0
"Diğer iyi yürüyüşler , Tashiling ' daki Tibet mülteci kampına ve gölün güney tarafındaki ormanlık tepenin tepesindeki barış stupa ' a bir ziyaret içerir .",0
"I cried, oh god it was ugly cries the likes of any I have ever had reading a book. Della and Ren will never be forgotten but their son...... absolutely devastated me. These books will forever be my favorites. They shall never be forgotten!",1
Çok kötü ben özel programları izliyorum nova eşyaları ile çıkıyor ve doğa gösteriyor,0
"Dağ heykeli , büyükannesinin derdi ki , uyuyan titan ' dı ve gerektiğini ' daan ya da kız kardeşleri gece gürültü yapar , titan uyanıp dünyanın yarısını öldürür .",0
"Sanki sorusuna cevap vermiş gibi , yukarıdan bir ani , coruscating işaret fişeği vardı .",0
It was soft before i sewed it in and lovely for the first week of sew in . Then it started to shed a little more and have knots. Reacts well to flat iron and holds curls with product. Not the best but its ok.,1
"Güvenlik nedeniyle , şu an san Juan ' dan birkaç kilometre iç kısımlara yerleşti .",0
"Haven't used yet, but it seems really sturdy.",1
"1950 ' lerde Amerika , 1990 ' li yıllarda Amerika ' nın değil bir şekilde orta sınıf bir toplum idi .",0
Didn't come with instructions. Cheaply made and breaks easily.,1
My son loves reading these stories everynight at bedtime,1
"Yeni programı yerden yavaş yavaş gidiyor kabul ederken dudovitz , San Gabriel-Pomona Vadisi ' nde öncekilerden daha fazla müşteriye hizmet etmeyi bekliyor .",0
Ve Evet var ve bunu yapıyorum çünkü uh ile birlikte de ve onun akıl hocası bendim çünkü nikita khrushchev ' di sanırım eski eski okul Rus ' dan biri olduğunu biliyorum ve o kesin bir o bir marksist leninist komünist delip geçer,0
Valla ben şaheser tiyatro seviyorum,0
Harika alışveriş fırsatları ve lezzetli yemekler penang ' in cazibesine ekler .,0
Onunla bir konuşma yaptım ve bir arkadaşım ısrar edince onunla konuşmak için konuşmayı böldüm .,0
there ok for being a thinner diaper but not as good as some brands. The tapes are really the down side to these as they do not stick very will. I had multiple incidents were the tapes fail while out and about and the tapes pop off. Sure you have the second tape when the first one fails. But if the second one fails your (sol). They work in a pinch when the budgets tight but I going to stick my Dry 24/7 's for now on... unless other wise.,1
Typical Moog Quality,1
"Bilgisayar işlenmiş veriler , elektronik dosyalardan yayınlanan raporlarda yayınlanan raporlarda değişiklik gösterebilir .",0
The package was broken when it arrived. It may have happened during shipping. This is the first time I tasted goji berries so I’m not sure if mines are to dried out because of the package or it that’s the way they are suppose to be. I do like the flavor of the berries that are a bit softer.,1
Can only use for net10 company.,1
Ama Salem ' de de ofisi yok .,0
Yakında ya kalmak için sınırı geçmek zorunda kalacak ya da pervasız bir baskın yapacak ki bu da bize ona bir şans verecek .,0
Really good shorts I’ve done a lot of work in them and they hold up well I’ve had these shorts for two years still haven’t wore them out GOD is love,1
I love the availability to books to rent. It is so convenient and saves a ton of money.,1
O sadece bir adam değil kendi ışığını üretiyor .,0
"Güçlü bir başarı oldu , güç nesli ' nden gelen so2 emisyonları 1990 seviyeleri 4.5 milyon TON VE NOX EMİSYONLARI 1990 milyon ton aşağı düştü ( yaklaşık 3 milyon ton daha düşük büyüme ) .",0
"I have ordered from you several times and been very happy with the product and the way it was packaged....however this time I opened the box and my vinyl was in a plastic cover that was bunches up at one end and open on the other and vinyl was everywhere and most of the corners are bent up. Grant you, it’s still usable but not happy with the way it was sent to me. Pics included.",1
"Livingstone ' a , Zapruder ' in bir bitki olduğunu sorarsa mümkün mü ?",0
I wear this over my old back brace for extra support.,1
Did not come with the drumsticks:(,1
"Yargıçlar , Yasal hizmetler için normal finansman mekanizması son yıllarda kısa bir süre önce düşmüş olduğu için , 42 bin dolarlık bir artış .",0
"' ya da ... Abraham Ya da ... Her neyse ... Gerçekten beni öldürecek misin yoksa tutuklayacak mısın ? Çünkü değilse , bu konuşma benim zevkim için biraz varoluşçu olmaya başladı . ' '",0
Thank you shipper for throwing in this bottle with another item with no cap. It is supposed to be a gift that I now cannot give because it looks like it was half used. Thank you so much for wasting $5.99 of my hard earned money bastard.,1
Yani sen düşün şimdi onlar yılda on altı bayram alıyorlar,0
"quick shipping, great product",1
Kaleye bir ziyaret en az iki saat sürer ama pek çok insan orada çok daha uzun zaman geçirir .,0
"Bu gerçekten de , mücadele edip , hiç kavga kadar , mücadele edip , geri almak için gerekli olan crux .",0
A bit flimsy but do the job,1
Didn’t work for my husband but he wasn’t concerned with returning since his work provided free ones that did work. He has tennis elbow.,1
"Rekabetçi bir ortam oluşturmak , en az bir şekilde özel express statutes4 ve posta kutusu kuralını ortadan kaldırmak olur .",0
"' işte geldin , ' sert dedi .",0
"Not as spicy to me, but the flavor is good. Some of the ramen packs arrived broken, which is the only reason I’m giving it three stars. These are cheaper at Walmart if you don’t want to buy the entire pack.",1
"Edinburgh , hem estetik güzelliği hem de yetenekli bireylerin zenginliği için Kuzey ' in Atina ' sı olarak bilinir .",0
Just stopped working,1
Toskana Ressam Simone Martini Aziz ' i dekore etti . Martin Chapel ( ilk sol ) enfes freskleri ile st . St. ' de ortaya çıkan en aristokrat isa da dahil . Martin ' in hayali .,0
Sanat satıcılık,0
I love the soft feel and look of it although it isn't the best quality it has held up alright. The case broke in one corner but it's too cute to take off,1
Benim iyi kontrol ve uh biri büyük bir sorun ve onlar hala benim yanlış yaptığım şeylerden biri çok fazla arka salıncak ve acele ediyor arka salıncak,0
Öte yandan milli mutfakları büyük ölçüde yapay . Fransa ' da belli sebeplerden dolayı Fransız restoranı bulamazsın .,0
"St. Catherine ' s uzun zamandır çok zengin ve etkili bir manastır , Yunanistan ' da ve ortodoks dünyasının çevresinde kurucu .",0
Evet ben de orada olurdum . Birkaç yıl önce oradaydım . Senin bildiğin gibi değil .,0
"Finans Hizmetleri Şirketi ' nde , merkez güvenlik grubu rutin olarak",0
This story is a great read full of adventure and suspense. There are a few editing errors but it is not a distraction. The love scenes are very tame. Overall a great book. This is a stand alone book but could easily be a sequel.,1
Not sure what I expected. It retains a lot of heat. Sometimes wake up sweating.,1
"O yasa , house bill 4078 , parayı toplamak için ayrı bir devlet hesabı da kullanır .",0
Boğaz D ' apre ? Mont ( 19 yüzyıl peyzaj ressamlar musallat olarak ünlü olan barbizon küçük kasabası yakınında ) daha az kalabalık olmaya meyillidir .,0
"Several V Brackets split open during installation, more during jumping. Not welded like my original and only half as thick. Kids say it doesn’t bounce as easily or high. Gave three stars because customer service was responsive and issued refund",1
Geçen hafta ikinci bir veri noktası aldık .,0
' ben ... Teşekkür etmek istiyorum .,0
Kadın hareket etmedi ve konuşamıyor .,0
Easy to purchase. Right product. Great quality. As described.,1
"Ptolemaios dönemi , en ünlü hükümdarı Kraliçe Kleopatra ile son buldu .",0
"This case is great for the first couple of months, but after a couple of drops the paint chips off the case and then the rubber stretches out over time as well. This case is what you pay for; not a bad thing just not a long term case.",1
"I returned these as soon as I received them. Product description says they have an envelope closure, but they do not! They are open at the end. Buying these was a total waste of my time.",1
"Talmud aslen talmud ( Oxford ingilizce sözlüğü ) ile ilgili bir şey ifade etmez . Talmud , Ortodoks Yahudilik otorite kaynağı olan Yahudi yasaları ve yorumlar postbiblical haham kodu olarak .",0
Adayın hayatı hakkında .,0
"1999 technico-Ekonomik analiz , posta teslimi ' nde dış çalışma masrafları .",0
"Zaman aşımına , planlı şeyler , bir şans görünce ju .",0
"WOW! This is a powerful bike for such an amazing price! Putting it together was a little hard to figure out, would be helpful if it came with clearer instructions",1
Farrakhan ilk hareket her zaman ihtiyatlı davranır .,0
"I read the first book in this series, and liked it alright. This book seemed VERY heavy on characters that I really had no desire to know, and was pretty much unable to keep up with, and didn't care anyway. This town has few redeeming features and some very unlikable people in it. I couldn't even generate much sympathy for the two main characters in the story. I may be done with this series.",1
İSTATİSTİKÇİ 1 ROLÜ,0
"Konu , olağanüstü tarihi bir yazı ile dolu , Napolyon ' un Zaragoza ' ya olan fetih topyekün savaşın yükselişini gösteriyor .",0
"Price is ok, but unless you have a tap handy I would get something else. I had to use the screws I had to basically retap all the holes. Took about three times longer to mount a few pieces of equipment then it should have.",1
"Kadınlar sessizce gidip , çıkış yolunu çıkarma .",0
"I can’t tell what I like or dislike about this product. Only half of it was delivered. The other half was damaged in shipment and was returned to seller. The chairs look great, just missing the table. Looking forward to 5 star sevice.",1
Acımasız aile evet ve çok şükür ki bazı başarı hikayeleri var paylaşmak için ve ben onlara bu şekilde yaşamayı anlatmaya çalışıyorum ikisi de böyle yaşamak için nasıl ayakta duruyor ama onlar için pek umut yok bunların ilgili gerçek bir çözüm görüyor,0
"Aswan Barajı ' nın binası öncesinde Nil nehri , binlerce timsahın evine döndü ve bazıları burada kendilerini güneş ' e için .",0
"Doğru evet evet hayır ben sana katılıyorum ama o özel dini seçmek istiyorlar o zaman benim için de sorun yok sen de biliyorsun ki beni içeri çekip sürükleyerek sürükleyerek sürükle ve gibi onların da yaptığı gibi ve bu onların görevi , kapı kapı kapı kapı kapı kapı gidip halka git ve aslında sizin gibi iki yıl hizmet eden gençler bir ordu ' da gibi de iki yıl boyunca etrafta dolaşıp misyoner tipi çalışması yaptım ve bilmiyorum . Sadece bunu hiç umursamıyorum ve bu konuda gerçekten güçlü hissettiğim bir şey var . Kapı özellikle dini organizasyonlar ve beni katılmaya ikna etmek için ya da onların dini ile ilgilendiğini biliyorsun çünkü kendi benim var",0
"Posta cilt ilişkilendirilen her posta faaliyeti ( posta işleme , teslimat vb . ) için maliyetler , marjinal maliyeti tahmin etmek için toplam hacim tarafından bölünmüş .",0
Great quality. I have been stung before in stores. This is real stainless steel,1
"I am becoming quite a fan of knee bands, as opposed to knee sleeves and braces. The band stays put and offers considerable support under the patella, which is where it gives me the most relief.",1
"Was I confused an bought this used? Don’t get me wrong it’s a cleaver little stand but... Got it the other day in the mail An I finally opened it today and set it up. 3 cracks in it, dusty and 1 leg was falling off. Not to mention their was a film on it as if someone had a griped cloth (possibly for their laptop to prevent sliding) on it. Also the washers are rusted........??",1
"Liked the book, but almost got lost among all the villains. Olsen could simplify his plot to his advantage and to that of his readers.",1
Good quality and craftsmanship.,1
"Ek malzemeler arasında kalamar ve karides , midye , Tavşan , sosis , biber , tavuk , soğan , bezelye ve fasulye , domates , sarımsak var ... ve şu anda aşçıya ilham verecek ne olursa olsun .",0
"Good spare. Keeps shape, no kinks.",1
"Muş ? ? E de la PR ? ? Hikaye ( 10 yer de la chapelle ) Paleolitik , neolitik , bronz , demir ve roman çağlar boyunca yerel hayatın eserler temsilcisi sergiler .",0
", teknik / bilimsel günlükler , ticaret işi günlük ) , veya talebi için",0
It doesnt work like tru vision tru control,1
I love this set. The egg molds are great and easy to use. They also have covers that come with them. Everything is very good quality and easy to clean. I have a 6qt Instant Pot and everything fits perfectly. Super fast shipping too! I would order from them again.,1
"I've always been a fan of CatEye products but this just seem too small for me. As an eyeglass wearer, the small size made it difficult for me to read while riding and even more difficult with single (long distance) vision prescription sunglasses. I ended up getting a larger computer for my biking needs.",1
"350 megahertz ( önerilen olarak ) yapıyor , mobil uydu hizmeti ve amatör radyo partileri gibi görevdeki veya gelecek operasyonların çıkarlarına müdahale edeceğini , Fcc ' nin ABD için 300 megahertz uygun olduğunu son . Nii cihazlar ameliyata .",0
"Have you ever had too much cash for your pockets? Ever thought ""If I only had some way to carry a few grand around...""? If so, I hope a hooker spits in your mouth! Otherwise, it's a bank bag that performs exactly like a bank bag! I didnt give the 5th star because let's be honest, it's a bank bag...",1
"They work, but the silicone strap is very uncomfortable, if it had been a different material on that part I would give it 5 stars.",1
"Nice bracelet, and the clasp stays on well. Good value for the price",1
I like the fact that this one came with the pump but the pump was a cheap quality and broke only a few days after I purchased it and I've now purchased three of these tubs and they probably only lasted a month most before they started getting holes and popping,1
Didn't work my with 2016 touch bar MacBook pro,1
"Love these. Super convenient. However the ink for the day of the week labels wipe off with the swipe of your finger. They aren’t permanently stamped on the plastic. Unfortunate.,",1
Satın alma uygulamaları tpc arttı .,0
My 5 and 7 year olds love this game. The extra minion specific card makes it extra special.,1
One of the units was broken. The on/off switch is stuck on,1
"Bu bir delikanlı , iki peni .",0
"Ayrıca , kutsal hafta boyunca , özellikle de dini gösteriler bir özelliği olan , yaşam boyu veya daha büyük olan pasos heykelini de görebilirsiniz .",0
"Cute gift, however, 3 out of 4 that I ordered for gifts do not have eyes.",1
At first. Like seriously what kind of book is this. Then wow.. bravo... bravo.... seriously this is an amazing book.,1
Product is made of cheap material. I had noticed seams/threads were coming apart on two different sections of the outfit right when I took it out of the package. I was so looking forward to wearing this outfit for my birthday because I loved how it looked on others on their reviews. I returned the item the next day!,1
Bu harika yaaa hiç bir kedimiz olmadı tabi ki dediğim gibi sanırım tek seferde arabada bir kedi oldu belki de belki onları taşıyıcı olarak koy belki daha çok keyif alırlar bilmiyorum .,0
Oldukça dikkat çekici çünkü büyürken her zaman güzel yemyeşil yeşil çim vardı ve biz hiç bir zaman Missouri ' de çimlerini sulandı diye bir şey yoktu yani sadece oldu,0
"Işte bu eğlenceli kısmı , onları cins ne olduğunu anlamaya çalışmak , sadece dışarı çıkıp tamam demek için .",0
"Bundan önce Cambridge ' de , Cambridge ' de ve new bedford ' daki Güneydoğu Massachusetts Yasal servces için Cambridge ' de çalıştı .",0
"Evet , evet , cadı hansel ve Gretel ' e öyle söyledi , ama bunu kanıtlamak için malzeme listesi tedarik etti mi ?",0
"Işte bir rönesans hümanist , adamlarını aptal ve dengesiz olarak gören , yemek için sacks , portatif doldurma ve insanlığın evrensel bir tufan içinde insanlığın yok olma düşüncesi hoşumuza gitti .",0
"product good, paid to much for 2 day delivery special, when it took 4 days to get here",1
Didn’t work for as a suggested item when buying a shampoo and conditioner set. Both were bought on Amazon. I am keeping them to make soap mason jar pumps. Pumps are fine.,1
"Sen hala , hayranlık tuppence söyledi .",0
"Bir maden işçisi olan bir madenci , Oro Hills ' in en zengin mayın biri olan Oro Cruz ' u buldu .",0
If you want to play the piano this is not right for you but it is fun to play around with!!!!!,1
"I’m returning it. The hat itself is made of cheap VERY thin material, not what anyone would expect in a baseball cap. Then what worse...the lettering is AWFUL!!! The stitches are so skimpy that you can see the cap through the threads. I’ve asked to a refund. They asked for a review. Guess they should have just given me my refund. I certainly don’t want their hat. It’s rude to hats.",1
Aynı ve ah biz,0
I have no received this product... it said delivered... but nope,1
"Bizim türümüzün bir zamanlar olduğu kadar doğanın güçlerinden de değil , çünkü o güçleri daha iyi anlıyoruz .",0
"Obviously a great product, but one of the two bottles arrived smashed, and it isn’t eligible for returns, so will never order again. Not worth it. If there was a return policy, maybe.",1
"Oğlunun saltanatı sırasında , bir vekil altında , sınırlar daha kuzey ve Batı ' ya itilmiş , tibetli ve Çin ' in yanı sıra ingiliz doğu Hindistan şirketi , Güney ' e güç tahrik .",0
"Savunma Bakanlığı ' nın ortamı , karar vermek için tasarım ve imalat bilgisini yakalamak yerine , buluşma planını teşvik .",0
19 yüzyıl fransiskan konuşma şimdi sitede .,0
"Son birkaç yıl içinde devletler ve topluluklar tarafından geçen bir dizi açık ebeveyn sorumluluk yasası , yargıçların çocuk hapsi için ödeme yapma veya çocuklarına danışmanlık yapma gücü veriyor .",0
ABD ' yi nükleer testlere devam etmek için ikna etmek ...,0
"Özellikle Milli , aynı anda diğer tüm ulusal yetki yetkisine tabidir .",0
"Nebbishes intikam olmayacak , hem kurtuluş yok .",0
"Bu besleyici ve lezzetli çanak iskoç mutfağının kalbinde , eve götürmek için her boyutta satın .",0
"Korku , yosun altında kayboldu ve geriye kalan şey , heykelin dayanıklılık heyecanı .",0
"Savaş sonrası dönemde , 1959. yılında jamaika için öz hükümet de dahil olmak üzere anayasa değişikliği olmaya devam etti .",0
A little shorter than I like but great quality otherwise!,1
These are not stens filters. They are not like the ones pictured.,1
Perfect for hurricane season,1
WERE IMPROPERLY SEWEN,1
"What can I say?.. I’m going to throw it away after 2 month of everyday use. This is not what I expected. Also material is stretchy, not comfortable at all.",1
"I join all the other raves for this dandy little LAN adapter. Plugged it into an older PC running Windows XP. Inserted the accompanying CD-ROM installation disk, and I was up and running within two minutes! It located our wireless network (I simply entered the password) and it was all seamless and effortless. GREAT reception in our house (using an extended network). HALF the price and twice the value of what you'll find at big box stores! PLUS, this comes with a small docking station so, if you have to, you can position the LAN adapter (your wireless antenna really) for optimum reception.PS the device arrived OVER NIGHT and I've already received a backup email from Mediabridge directing me IF I need any tech support -- which fortunately I don't!Great product, buy NOW with confidence!",1
"They are very comfortable, nice material, they seem to run a little big..",1
Şimdi sen bilirsin bazen anlarım belki bir şey soydu bunu yapmak demek değil tamam ama kaç kere gideceksin bu kişiye kaç kere gidiyorsun o yüzden ben bilmiyorum,0
Kinda cheaper looking but of good quality,1
Filegate takımın nihai hedefi Hillary Clinton ' a bu tedaviyi vermek gibi görünüyor .,0
"Super impressed! Way better than expected!! Very bright, and you gotta love the solar energy!!!",1
"Örnekler arasında ses ve video telekonferans , internet üzerinden hızlı ve yaygın veri dağıtımı , computeraided tasarım ve çizim ve geniş bir proje yönetim yazılımı bulunmaktadır .",0
Bir fbı ailesinin yedi çocuğu .,0
Not what I expected I wanted an easy to read children’s bible,1
Ve ah aklıma o iki şey geldi ben uzun süre tutuyordum yaaa yaaa,0
Good motors for a kids projects.,1
Defol git cennet aşkına ben hiç duymadım,0
I like this shirt. It's bright and pretty and easy to take care of. It feels and looks good on.,1
Bought this for my wife and she said so far so good.,1
Easy to install. Exactly what I was looking for you cool my large room.,1
"This is a great lounger, however one end came without the little black stopper on one end. I am trying to see where I can get another....I can air it up, but it never has held air like the end with the small black thing.",1
"Büyük bir koloni evi , tamamen restore edilmiş ve dönem mobilyaları ile donatılmış , bu genişleyen kültür köyü için en büyük süs sağlar .",0
Ve sizin için netscape kullanıcıları ...,0
"Looks just like the photo, only complaint is it came w some spots of something on it",1
This product was not as soft as I thought it would be. It’s no softer than a normal cotton shirt.,1
"1 Temmuz 2001 ' de başlayan tüm lsc grantees , konu raporlama sistemini kullanarak dava dışı faaliyetler hakkında bilgi toplamaya başladı .",0
Does not work properly,1
The product feels cheap and the short length of the brush makes it easy to bump into your discs. I feel like I have to be careful not to scratch my lp with it.,1
It’s so pretty and useful to put sticky notes on,1
"Grafik veri gösterileri , etkinlik frekansları alabiliriz ve kronolojik veya zaman serisi orderings gibi teknikleri içerir .",0
Adam burundan çekmiş,0
Bir kez daha susan ve Sylvester ' a bir savunma .,0
"Neden , rahatsız , yorgun ve hatta biraz hasta olduklarını , ama ciddi şekilde zarar , ve gençlerin onlara iyi davrandığı için .",0
Aynen öyle bütün öğleden sonra sana ne diyeceğim ama ah,0
Çevre ve işçilere verilen riskler teorik görünüyor .,0
I do not like the colour it is too dark.,1
Iki küçük çukur yerin sekiz metre altında battı .,0
Şüphesiz yazar kesintiye uğradı ; ama kimliği ile ilgili hiçbir soru olamaz .,0
"İran olarak bilinen iran kings ' in katıldığı Yunanlılar , M.ö. olarak bilinen iskit göçebe grupları tarafından M.ö. ilk yüzyılda istila edildi .",0
So far look good I haven’t wore them yet but think they are going work,1
Exactly what he needed,1
"These are really cute!! Then one set I thought would be metal but they aren't, they're plastic but I mean for the price you can't really beat it. You get 18 pairs of gauges. These did a lend up being to small for me 😕",1
"I read the reviews, but didn't think it would happen to me because I'm careful. The zipper broke as many other reviewers noted and this is such a disappointment . This a gorgeous back pack of nice quality. Wish they put a quality zipper in it, too. Think twice before you order because now I'm on the hunt for someone to repair it which will drive the price up even further!",1
"Bu gazetenin sorulardan biri de , tüm koruma kaldırıldı posta servisinin sürdürülebilir bir tekel olup olmadığı .",0
"My 8 year old son loves this. It's not as challenging as we thought it would be. He can solve it in about a minute and a half. But, in sum ways it's good because then he feels like he's accomplishing something. So far the construction has held up, no problems.",1
"This air cast / boot sock is well made and tall enough for me at 5'3"" but the fabric is a somewhat thin and I found that it wasn't giving me much of a cushion between my broken ankle and the boot. There are other socks out there that are a little thicker and more comfortable inside of a boot.",1
Works well with my portable saw...,1
"Kale ' nin ayağında ne de ' loch , soğudum gereken büyük bir su alanı .",0
This product tastes so fake and has an awful after taste. I could not finish more than 2 sips before throwing it out. NOt even blending it could help the taste.,1
Bir sonraki çıkıştan zincir alan ve bunu komik bir şekilde çağrıştıran bir tabela görüyor .,0
"Assembly from the kit. Poor finish. But, there is no complain, because I guess the price detect the quality look of it. Picture looks good but its appearance is poor in reality.",1
"10 Temmuz ' da ilk kötü olan Hong Kong ' un yeni çin hükümeti , ders kitaplarının tiananmen meydanı katliamı açıklamaları tarafsız kalması gerektiğini söyledi .",0
"Yine gelin hocam , dedi .",0
Plugged my earbuds into the adapter and it didn’t play through the earbuds at all. Plugged it in and tried again but it did not work at all.,1
"I was surprised it won the Pulitzer. It was very well written and generally witty. The scenes were well painted and the jokes came across easily. But I struggled to read more than a chapter at a time. I really struggled to see Less as a real person in any way, and I kept wanting to put the book down until I finally did halfway through.",1
This item does not lay flat on the table. When you are going to play cards it is a problem.,1
"Schwartz , toplum içinde yoksul yasal hizmetler için ağır bir talebe rağmen , kendini normal sekiz saatlik bir iş gününe sınırlamak istiyor .",0
"Unfortunately, it arrived damaged. It was to be used on a camping trip this weekend. Now I have to drive over an hour one way to a UPS store to return it. Hopefully when the replacement arrives I can provide a good review. So disappointed.",1
"Let me start with the purple is lighter than the color in the picture. Otherwise, no issues. It was comfortable material. Good length. Fit well (not baggy).",1
"There is memory foam in one, and not the other. Unfortunately I did not try them prior to the day I needed them to walk around a theme park. So it was a long, uncomfortable day.",1
"The oils are fine and the bottles are small. It's not the best value, but I wanted the bottles to refill. Makes it easier for me when I'm making my oil blends. I won't be repurchasing, but I do recommend for anyone who is just starting out. It's a good variety. I did purchase both pack 1 and 2 and the only duplicate is the grapeseed oil.",1
It was a bit slow but it did the job of draining my swimming pool with no problems. Just be patient.,1
It looks pretty good but I couldn't make fingerprint work and I followed all instructions but nothing.,1
"This cookbook is outstanding. I have made 3 recipes from it now,and they have been incredible. Recipes are so good and easy to make.this book was exactly what i was looking for.Thanks author.",1
Not what I was expecting,1
The watch looks good but the clasp is impossible! I tried to coax and adjust it so it would hold but there was no way it would work. The clasp makes a slight click when it closes but it will not lock the band on your wrist. The watch continually fell off.,1
"Read further reveiws, they are for differnet products. They are using reviews that have no relation to this product which doesn't work!!",1
One out of three had cosmetic blemish's . Black spot's in the Faux chrome finish.,1
Sana her zaman ne demiştim ?,0
This is a very high quality product that delivers as advertised.,1
Hacmi 38 . ' den arttı .,0
"Her zamankinden daha çok , Leonardo ' nun her biri için travma ' nın tasvir , isa ' nın bana ihanet edeceğini muazzam psikolojik etkisi ortaya çıktı .",0
Worked great. Took longer than another similar product.,1
Have not tried it yet as it did not come with a manual for operating instructions.,1
Istasyon bu noktada isa yine düşer .,0
Tabii ki Jane finn hepimiz için ölmüş olabilir ama ben öyle sanmıyorum .,0
Çok önemli olduklarını söyledi tüm farkı yap .,0
Susan ' dı .,0
"This book was very graphic in a sick way. Might be what some people like, but I don't. It would have been better for me if I had not read it.",1
"These seem to burn out within a month or so, but otherwise are ok",1
"Sadece ' etkileyen şeyler , insanları nasıl azap ve bazı şeylerin neden olduğu gibi hüküm",0
"Top was WEIRDLY huge- expansive, even, rest was ok- got a very ugly run towards the end of my evening out (the sole purpose of ordering these.) Managed to hide it well enough, tossed them out as soon as we arrived home.",1
Yani Lake Ontario ' nun nerede olduğunu biliyor musun ?,0
Kimse bu kadar umursamaz .,0
While I wouldn't trust this on a big bike it's fine for my scooter. Having 1 1/14 in handlebars makes it hard to find inexpensive cup holders.,1
"This product was extremely disgusting, I opened the box tasted it and threw it directly into the garbage. I would not recommend to anyone, not even my worst enemy",1
the magnetic bit that goes into the phone is poorly designed / manufactured I lost 2 head.,1
"Sen de biliyorsun ki , aynı şeyi biz de herkes ile birlikte yapabiliriz .",0
"Sor bakalım , bayan , onu biraz kendilerine ile gözlüyor .",0
Jon onun yanına oturdu ve saçlarını fırfırlı .,0
"Evet ama ne yazık ki mahkeme sistemi için o kadar da kötü değil çünkü para var ama zaman içinde çok fazla para var ve deneme için hazırlanmak için harcanan çaba sadece o zaman gidiyor kadar korkuyor mahkemeye ve genelde bu jürinin korkutma türü çünkü gerçekten bir şekilde ya da başka bir şekilde , jürinin nasıl bir his olduğunu , gerçekten çok güçlü bir dava olduğunu olabilir .",0
"I love the way the journal feels, and the pages are thin, but still sturdy enough to hold up to markers, glue, and whatever else you want to stick inside your journal. There's also a nice pocket at the back for holding inserts. I've gotten a different color of this journal before and have been overall happy with it. The journal has a Key Page, three index pages, two pen test pages, and a mindfulness page. the key and index pages are before the journal and not included in the numbered pages (which is perfect, I find the index very useful). The pen test, and mindfulness pages, however, ARE included in the page numbers. they're located at the end, and not terribly obstructive. But slightly annoying. According to the product description there should be 201 pages PLUS the pen test and mindfulness page. I've gotten their journals before, I have this exact one in a different color and it has 201 pages plus the extras so I'm not sure why the burgundy one doesn't. Not a huge deal, but frustrating considering I'm using this specific journal for a project and I want to use all 200 pages.",1
"Cheaply made, straps don't hold well",1
Bir komedi dizisi için bir öncül benziyor .,0
"Yeni Spor Tv ' de popüler olmaya başladı ( Arena futbol , x oyunları , nascar ) , hayranların daha fazla seçeneği ve daha az sadakati var .",0
"Beş dakika içinde hareketli bir genç doktor geldi , aceleyle çağrıldı .",0
Good carpet for the price,1
Ve biz gerçekten de öyle bir şey yapmadık . Biz satın alırken bu bizim dikkate değildi . Tamamen boş bir şeydi . Daha evi bile inşa ve bu süreçte yeni olduğunu . En ucuz ev orasıydı bu yol geliştirme uh satıldı yani gayet iyi çıktı ve,0
My grandson loved this kit! It is easy to work and has so many possibilities of things to make. He had it open and playing with it in one minute!,1
Ya mahkemeye mi ya da mahkemede kaybettiler .,0
Needs a clip to hold the phone in place.,1
"Kürtaj isteyen kadın , onun rahmi olduğunu söylüyor , Pat Robertson ' ın değil .",0
Diğer kültürleri görmek için ya da sen bilirsin ve bazıları ama,0
"Did not come with the string which I need, wish I could just have one sent but we all know how that goes an Amazon, you can return and re-buy and cross your fingers or just deal with it. The silver one is my original, don’t have the skills or patients to tie the same knot on the refurbished blue. As you can see the connect plus works between the two. The string is pictured in the description.",1
"Bu saygı , Hakim ' e şahsen olsun gerektiğini söyledi .",0
Klima ile tüm odalar ( bazıları çatı katı ) ve kablolu tv .,0
"Senyor , günümü mahvettin .",0
Said it would fit my truck and it didn't...and it was too late to return.,1
"Ama düşük işsizlik ve düşük enflasyon mutlu kombinasyonu , gizli verimlilik artışı ' ndan gelen ödemeyi gösteriyor mu ?",0
"Had a strong chemical smell. Had to take it out of the house, it was so bad. Smaller than expected. Too soft. Zipper across middle of the back of the pillow. I returned it.",1
"Davis Way Cole & husband Bradley are working furiously to lock down their casino before the area is hit by a Category 4 hurricane. Unfortunately standing in their way of evacuating with their adorable yet precocious twins is missing casino money, a few dead bodies, Davis’ ex-ex-husband, a pig, a crazy drunk weatherman, & oh yeah, privileged princess Bianca Sanders. It’s hard to decide who causes the most damage - the hurricane or the people!!! Another absolute joy to read. Picked it up & didn’t put it down till I finished.",1
"Bu yasa , aldığımız ve yakın gelecekte alınacak idari eylemlere ek bir katkı olacaktır ve gelecekte kongre ' ye daha iyi destek olmamızı sağlayacak bir ses iş davasına dayanmaktadır .",0
"Buradan sahil boyunca Kuzey ' i görebilirsiniz ; manzara üzerindeki tek leke yarım kalan novo mondo hotel ' in adı çıkmış , 8 hikaye beyaz fil , adanın geri kalan kısmını tamamen dışarı .",0
Evet hiç umurumda değil,0
I got a medium I am usually a small but am size 34C bra size so wanted room to wear it with no bra. Fits perfect and so comfortable.,1
"Daha az enerjik olmasına rağmen , hayat ve le bourget ' in sevimli gölleri ile hayat eşit derecede yenileniyor .",0
"Great artwork, wish there was something new in the story",1
"Ama balıkçılar bulacaksın , çoğu 600 Ceneviz paralı asker kral charles ııı ' in Tunus ' un Tabarka Adası ' nda esaret kurtarılan , bu yüzden adı .",0
"CONS: This is my 4th rashguard t-shirt, as i buy every alternate summer, and i am sorry to say is too tight, especially at armpits and waist (though i have quite slim waist)- the tightness and the size running too small compared o the size makes the tshirt appear more like a wets suit. I am a relatively slim guy with a medium gym body and this shirt is too tight and uncomfortable at the hands. Not happy and returning this. Also it is way too costly than some equivalent products. PROS: The only positive thing is that the seams and stitches look good and the hand prints look really cool.",1
Waste of money. Doesn’t get much for channels at all and I’m less than 25 miles from all the local stations. Tried mounting it on every wall and in every window but can’t keep reception on any channel.,1
"Works great for working out, only problem I had was I had to take my phone case off to use the phone in it",1
"Başka bir yerde , Velazquez ' in yüksek ve güçlü portre , eğlenceli-Sevgi dolu , sıradan ölümlülerin çalışmaları ile birlikte .",0
"Savunucuları , boşa kimseyi ' işaret ediyor , ama çocuklar her yıl gıda zehirlenmesinden ölüyor .",0
"Sonra Invalides Napolyon ' un ihtişamını sembolize etmeye geldi , kalıntıları sonunda st . ' den geri getirdi . Helena 1840 ' de altın deme altında kilisede defin için .",0
"Ikinci hedefimiz , bu kurumların , üst düzey yönetici performans yönetim sistemlerini yöneten opm ' nin değiştirilmiş düzenlemelerini uygulamak üzere diğer kurumlara yardımcı olabilecek üst düzey yönetici performansını yönetmek için aldığı ilk uygulama yaklaşıyor tespit etmek oldu .",0
I bought this item for the drill tapered gauge portion of the tool. The angled surface was not cut or stamped straight. I will need to machine the surface true on the milling machine. The only reason I bought this is to avoid spending $40 or more dollars for a name brand. Product is not made in the USA but I expected that from the other postings. It was only ten dollars and will give me a quick project to correct the problem.,1
"Edit: I gave another star because of the customer service. They were prompt with responding and once they understood the situation they offered a refund. I think with a little better QC I may be persuaded to try again. Hopefully I can find ones that fit so I'm not lining Lexmark's pockets. Original review: I have never written a one-star review, but here we are. The cartridges did not fit my printer. My model was listed as compatible. The Black fit OK, but the colors were too small and kept popping out. Since they are inexpensive I tried putting masking tape over the areas that snap in to build it out a bit and snug it up. It worked-sort of. They did stay in while everything was still. Problem is as the printer head moved one would pop up and the head would jam. I'm not willing to risk damage to my printer so they're going back.",1
"Tripods are cheaply made. Buy sandbags! And if going on location, be prepared to fight the wind or hire an extra hand to hold it up.",1
Love Acer's...this is my 6th one... I up grade and give older tablets to others..this is middle of the road not hi end but good for Bible study.... bought two and one the touch screen is not very sensitive...really have to pay attention.,1
Good people to do business with,1
Bu da zor bir durum,0
I think the plant looks fairly realistic from a short distance away and I was very pleased with the appearance. The problem is that two leafs fell off right out of the box and they seem fragile. I wanted rubber because eventually they all get dusty and I want to wash them off. I'm not so sure how it will hold up.,1
Not as soft as I thought it would be. It doesn't smooth and shape like some do but I'm hoping over time it will get more pliable.,1
Ama nerede olduğu çok iyi bir fikrim var .,0
Bunu kendim olduğunu için kendimi moron gibi hissettim .,0
To start I have to hit on more that One .time. The coffe is no hot enough.,1
"Klein ' la Microsoft Davası hakkında benim ile röportaj yaparken , Brian Arthur ' u , yüksek teknoloji pazarlar faaliyet gösteren en çok etkileyen ekonomist olarak seçti .",0
"Cable Car Station ' ın yanındaki bir kare üzerinde bulunan Arkeoloji Müzesi ( yeni bir bina , en sonunda koleksiyonu ev yapacak olan ana otobüs istasyonu yakınında inşaat altında ) , adada bulunan çanak çömlek ve diğer eserler .",0
Zengin irlandalı sesi açık : hepsi çok iyi .,0
Three of my candles have timers that don’t work. They stay on until I turn them off. I just started using them yesterday and one of the lights is already very dim. The others are working fine so far.,1
"Başkan Clinton , Teşkilat Başkanı ' nın beyaz ev danışmanı ' na doğrudan haber vermek suretiyle , başkan reaganas politikasını değiştirdi .",0
Product looks great installing this weekend have also got anybody interested in a pair,1
"Great! I love it, wish the bungee cord was easier to get back on the hooks when they slip. But seems to work well .",1
I bought this product 10 months ago and last night the gasket on the water tank failed and I woke up to a kitchen covered in water. It seems that the Capresso coffee makers (which I have bought for years) have become less reliable.,1
"Stack nicely in my cupboard, seem flimsy. I can't imagine actually using them to tote around cans. I took the handles off so they will fit side by side in my cupboard. The measurements listed are accurate if you exclude the handle. The cans don't always roll down on their own. I didn't notice until I had already assembled most of them but there's an arrow on the top part, I'm not sure if it's supposed to point to the front or the back but I don't have them all the same way. I don't know if it makes a difference in how well the cans roll or the units stack. I don't see how it is different. Overall very satisfied. They work well for what I bought them for.",1
Her iki mags de doğurganlık ilaçların bilim ve etik konusunda parçaları var -- Zaman ' daha kapsamlı .,0
"Emin olmak için , bir pol ' ün pezevenklik trafik yakalanan bir pol izlerken belli bir sevinç vardır .",0
"This workbook is for PRACTICING not studying, I’ve used this workbook for my [college] Calculus classes but found that it wasn’t very helpful because their questions are relatively easy but they are definitely helpful in terms of refreshing your memory and tutoring high school students.",1
"Geçmiş Tun H. S. Lee ve jalan cheng lock junction ' ı geçince , kl ' nin erken günlerinde bir şehir lideri olan yap ay köy tarafından kurulan görmek buluyorum tapınağı ' dır .",0
The pillow is great between the legs but where my head rests is too hard and my ear and jaw start to ache if I sleep on one side too long.,1
Lasted a year then broke.,1
UM-hum yaaa doğru nasıl bir araba,0
Sergi a-1 : Tek fgd sergi a-2 : 2 BİRİMLER 3 BİRİMLER MODÜLLERİ a-3 : Tek scr kanıt a-4 : yedi scrs sergi a-5 : Tek acı sergisi a-6 : iki acıs sergi a-7 : Tek fgd ve scr kanıt a-8 : Tek fgd ve acı kanıt a-9 : Tek scr ve acı,0
"Cute concept, but my husband wears an XL and this XL was too small for him - too tight.",1
"Çocuk parçayı yakaladı , gözleri ona baktı .",0
Ne oldu ca ' daan soruyu dikkate aldı .,0
"The hose stores neatly and there is a clip to hold the handle down when not in use. The valve lock will snap back with force, so you will quickly learn to to ease it back and keep your fingers out of the way. Such an impressive product, highly recommended to a friend.",1
Cost too much but it works,1
"When folks relaxed slightly, their curved back pushed off the ""cover panel'. I fixed this by drilling two small holes, one on either side of each ""plastic snap-on"" . Then I passed a Ty-Wrap through each hole. The Ty-Wrap slides smoothly around the round bar.",1
"The comforter has a huge run in the fabric :( it arrived that way. It was too much of a hassle to return, so I just try to cover it with a throw blanket. Otherwise, I would have loved it",1
Makes my husband's beard so soft!,1
I usually get this from Costco but this one is smaller than one that is from Costco. No Wonder why its little bit cheaper.,1
"Nice lunch bag. I kinda wish it had a pocket on the inside, and the outside maybe but otherwise it's good.",1
"Birkaç kişi tarafından pratik , belki daha hassas , üyeler .",0
"Maryland Hukuk Hizmetleri Şirketi ' nin bir projesi olan maryland yasal yardım ağı ile ortak olarak , büro , devlet alışveriş ile ilgili yasal bir yardım hattı olan tüm yasal hizmet sağlayıcıları için merkezi bir giriş ve yönlendirme sistemi geliştiriyor .",0
Kalede Jai Singh ' in kachwaha klanı ' nın rajput düşmanlarını dik bir fil rampası ile yavaşladı .,0
"The material looks durable, but tore within a few months along the top",1
Bir kaç ceset göster .,0
You have to pay to do stuff so buy it if your ok with paying,1
Adanın doğusunda adanın en büyük ekin üreten tahmini on milyon zeytin ağacı var .,0
"Ordered from GPS Medical Supply and the mask was not in a sealed package even though the condition was listed as ""new"". It doesn't look used but I am not too thrilled with it not being in a sealed package.",1
I really wanted to be in love with this dress. It fit fine but quality not good. It's very thin.,1
"Sen don cazar ' in iyi arkadaşı don reese , uzun yıllar onun compadre .",0
Ben de otuz yaşındayım ve biraz sorumsuz biriyim ama beni senden uzak tutacak ahlak var biliyor musun ? Dışarı çıkıp bir şeyler içki ya da bir şey yapacağım . Çocuğumun önünde bunu yapmam . Müşterilerini eve getir ve ilaçlarını eve getir ve çocuklar aynı odada oturuyorlar .,0
Love this watch band for dressing up my watch on special occasions.,1
"Diğer iletişim biçimleri de , bir ajans liderliği ve yöneticileri ve planlı ve devam eden çalışmalar ile ilgili bir ajans ile belirli bir iletişim ile periyodik toplantılar içerir .",0
I didnt even get my packet and i spent a 100 and something dollars. dont like it,1
Excellent product ❤️,1
"Peki sen , o altın yıldız için bir onur hak ediyorsun sanırım",0
"My best friend got this mattress before summer started and I've slept on it many times and I get the best sleep at her house. I asked for the mattress as a birthday present, I opened it on the 9th and as I was unrolling it i was starting to smell something musty but i thought it could be because it just traveled in a box for a few days. It's now the 12th and my ENTIRE BOTTOM FLOOR WREAKS OF SOME NASTY MUSTY SMELL. It smells like the bed is rotting. OH and the mattress I ordered is classified as a 6inch mattress but its measuring between 4 and 4 1/2 inches... 3 days later. Today is the first day I have done anything other than touch with my fingers or sniff. The bed feels very firm and if you sniff it you will want to gag. I've already filed through amazon that I'd like a replacement. I'm just puzzled how the mattresses could be so different. We both slept on her brand new, 6 inch, Zinus mattress less than 24 hours after she opened it but mine is like I picked it up off the side of the road. When I get the new mattress I'll edit my review accordingly.",1
"Aniden , odanın gürültüsü içinde bir sessizlik içinde , tek bir cümle buldu .",0
Uyumak için saman iyiydi ; son dört yıldır çok daha kötü yatakları vardı .,0
The vacuum is no longer working after only 3 months. I contacted customer support and was informed that the necessary part was on the way but it never arrived and customer support has stopped responding to my emails. There is no phone number. This is ridiculous.,1
Yalnız olmayı tercih ederim .,0
"It fits perfectly in our kitchen. I wasn't sure when I purchased the 19"" TV. It has great color and works beautifully.",1
"Very handy, easy to handle and utilize, also stays in the wall socket better than others that size.",1
"Bu , Cios ' in , organizasyon kısıtlamaları veya CEO desteği olmadan kendi kendilerine hitap ettiği birkaç ilkeleri biri olduğu kaydetti .",0
Biliyor .,0
"1600 yıllık muson sonra sonra pas olmadan , Hindu Tanrı Vishnu ' ya bu anıt özel olduğu için , eğer sırt karşı ayağa ve tamamen etraflarını çembere , hiçbir anlamı yok . Gün .",0
"Evet , çok komik . Çok şey biliyorum .",0
"Evcil hayvan gösterileri , köpek denemeleri ve tarihi tema günleri gibi özel etkinlikler yaz boyunca düzenlenen .",0
"Bulduğum tek hipotez , Ay ' ın su olan bizim yüzde 50 ' i ile % 60 ' e gelgit gücü ürettiğini öneriyor .",0
1706 ' den kalma ve Dublin ' de kalan birkaç orijinal kraliçe anne binalar biri .,0
Evet sanki onların üzerinde bir çeşit güç var ben bunu olduğunu,0
Valla hocam pek bir şey yok,0
"I knew there was a reason that i did not like the idea of using a tempered glass screen protector. I am not hard on phones and rarely drop mine. I purchased this against my better judgement, because I was told they had been improved. The install went OK not flawlessly though. It took three attempts to get it right. It has been 12 days since the package was delivered and there is already a chip along the edge. In the time since this protector has been installed I dropped it once on a soft surface. I have no idea how it could be dropped a get a small chip in the middle of one of the side edges but it did. It came as a 2-pack. I will use the second protector, but when they gets damaged I will be going back to non-tempered glass protectors, be it the plastic film type or the liquid nano protection.",1
"One can of this paint covered less than three square feet, then was empty. For the amount of money one pays for a can of this spray as opposed to its volume, I would recommend not buying it from Amazon. The paint itself looks very nice, just nice, just not enough of it for Amazon's price. Found more of this paint at ACE Hardware for $6.00 a can.",1
"Geniş bir geçit riverside , gölgeli bir koltuk için izin ve banklar izin verir .",0
"I bought this for my hedgehog to use so she gets some excercise while she’s in her cage. Since hedgehogs are nocturnal she is up all night running on this thing. I’m glad she’s loving it and it gives her something to do, but it is extremely noisy. I have her out in the living room and keep my door shut and it still wakes me up in the middle of the night. My roommate has also said the noisy wheel wakes her up in the middle of the night. Everything about it is great except for the noise.",1
"The bags are excellent, but the liners hardly absorb any liquid at all. Very disappointed.",1
Döndüğünde bayan vandemeyer hala hareket etmeden yatıyordu .,0
İşte ' GÜÇ ' budur .,0
"Bulgular uygun olduğunda , şablon doğrulandı .",0
Smells amazing without being overpowering. It was shipped well with special tape around the cap to prevent leaking.,1
"Richard Brown , bilgisayar tabanlı gösterim gibi bu hizmetleri teslim etme amaçlı teknolojik araçlar geliştirmek için gerekli yüksek ön maliyetler hakkında yorum yaptı .",0
Hadrian ' ın duvarına ve birdoswald ziyaretçi merkezine ulaşmak için m6 ' yi Kuzey ' dan kuzeye götürün .,0
Ya sen ? Ne yapacaksın ?,0
"Not sure if I got a lemon, but the battery life is horrible. A full charge to green light barely lasts 36 hours. That is totally unacceptable. Update: I returned this item to the seller and bought one directly from KeySmart's website. The new one has lasted for more than two and a half weeks on a single charge and is still going strong. I believe this is a problem with this specific vendor. I am sure the one I received from Amazon was bad - I charged it and left it untouched on a desk - so I am 100% sure I did not accidentally trigger the light and drain the battery - and it died within 5 days. Based on other reviews there is a clear problem with the ones available from this seller.",1
Really helps eyeshadow stay on all day.,1
This is good yarn for making scrubbies and washes well! Bought to make designated dishcloths for my cast iron.,1
"Vaka çalışma analisti , hem gözlemci hem de katılımcılar tarafından çerçeve olarak olayların doğru bir açıklama ve açıklama yapmaya çalışıyor .",0
"Got the stainless steel for my 40mm Series 4 watch. has adjustment tool included. I can see how first-timers might have a little trouble with removing links as there is a little bit of a learning curve, but I had no problems at all. Feels nice with a little bit of heft in the weight. Comfortable. I've seen a few reviews about durability so I'll have to wait and see on that, but so far I don't see any particular weak points in the design. hope it lasts",1
İyi sekreter ne kadar bilge .,0
Good part good price thanks!,1
"not a reliable power source, it damaged my phone's battery and almost set ablaze my room",1
"The clubs are as advertised. The bag, however, is garbage. Unboxing the clubs: The club cover was ripped, a zipper pull was ripped off and sitting in the bottom of the box, and the zipper completely snapped off one of the pockets so now it just hangs open. It's as if this company put together a think tank, did a lot of R&D and consciously decided to make the worst golf bag ever assembled.",1
I am curious about this series. I hope it pans out well. This first issue was interesting. Now on to issue two.,1
Really good holster for the price fits my Glock 26 gen 5 perfectly,1
Ama Belçika yolsuzluk ürkütücü seviyesi Euro ' ya ov mi ?,0
"' şimdi burada olduğuna göre , en son görevini sana bizzat vermek istiyorum .",0
Ki bu bir propaganda cümlesi tam olarak bu tür harcama programlarına karşı çok kullanılmış ve um,0
"The characters don’t stay on, they seem to be attached with hair glue.",1
"Kompakt ' nın kompakt , hareketli şehri ( N-332 ' de Los Alcazares ' ın 26 km / 6 km güneyinde ) , Saint James ' in 36 . ' de incil ' le buraya indiği söyledi çok önce büyük bir deniz limanı idi .",0
"81 yaşındayım , dedi ki , asla bir yorgan şirketinin sahibi olmadığını , hiç bir zaman için çalıştığını ve asla bir kredi ajanına söyledi söyledi .",0
Önce adli tabip ve doktoru görüyoruz .,0
Muhtemelen evet ve Dallas ' ta Annette Strauss ' un bizde olduğunu biliyorsun ve o da ilk kadın belediye başkanı .,0
"The earbud are a good design. However, one of the broke with in a week of use.",1
Eğer bir tane dinleyen varsa,0
Not my favorite book,1
"Biliyor musun gerçekten güvenilir olmayı öğreniyorsun , biliyorsun ki , biri sana bel güvenmek , orada olman gerekir",0
My only complaint is that it seems to be geared more towards mothers that have younger children in school. Many of the stickers pertained to school events and not everyone has children that young. Overall the quality is good and although the product arrived late I am satisfied with what I received.,1
Ama sana söylemem .,0
"200 ' den fazla hayvan türü , en ünlü olan dev panda ve bir hendeğin arkasında yaratıcı bir maymun dağı var .",0
"Got dull very quickly, within just a few uses",1
"I used it to give it to my older daughter, since im having another girl",1
They look nice but they got stolen off my front porch after being delivered at 8:30 PM Friday night.,1
"Iyi bir iç kontrol ortamı , Teşkilat ' ın organizasyon yapısının , yetki ve sorumluluk alanlarını net bir şekilde tanımlar ve uygun raporlama hatlarını belirler .",0
Her iki ada civarında organize tekne gezileri hakkında bilgi almak için balear turizm ofisi tarafından düzenlenen tekne gezileri broşürü alın .,0
Tüm oaxacan kendilerini hintli olarak sınıflandırmak .,0
Oh Allah sev onu yaaa,0
"Gao ' nun araştırma ve geliştirme sorunları takip , diğer birçok önemli konu da tanınmayan ve sonunda kongre ve Amerikan halkı için temel ve ciddi sorunlar oluşturabilir .",0
"Love the case ,the price is so lovely",1
"Kanıt birikiyor , ikinci bir kanıt tier , önsezi neden mi veya tutarlı bir desen şeklini alternatif açıklamalar ile tutarlı veya tutarsız olur .",0
"Ayb , banner ' da gerçek-zaman bilgileri sunar .",0
"wearing them during the day they are great,but trying to sleep with them they are better than other choices but by morning they are uncomfortable",1
"Program üretime girdi , bu producibility sorunlarına rağmen .",0
nothing to brag about,1
"Sanatçılar bu limanı ve sürekli değişen ışığı da severler ; 19 yüzyıl ziyaretçileri de c ' de mi ? Ezanne , corot , monet , seurat ve sisley , ve ressamlar hala bugün honfleur ' a akın ediyor .",0
Not the best but gets the job done,1
Not wide enough to stand on comfortably. great for seated exercises.,1
Standart sür .,0
great for sound talking through headset not so much.,1
"Worked well in flower vases. Only one string burned out right off the bat, all the rest are in great working order",1
"I read the reviews about this product and found that people loved it. When it arrived, I loved it too! The fit was great, the style was cute. It decided not to rain for a while so I didn't get to try it out until over a month after I purchased it. It was raining decently hard and after a few minutes I was wet on the shoulders. I dried it off afterwards and checked on it a few days later to find that there were specks of mold on the sleeves. Not only did it not protect me from the rain, it also got moldy! The style is lovely, but if it cannot be worn in any amount of rain, the cuteness factor disappears instantly. I would have been dryer wearing cotton because at least the cotton would absorb some of the water instead of going straight through. Would have returned but by the time I got to try it the return period had ended. For $20 more get a Marmot or North Face that might not look as cute but at least it will work.",1
Love the hat! Great quality But it came in shaped wrong. It’s off center. Sadly I didn’t notice til after the return period was over.,1
Bizim göre yönetim kurulu gerekli şartları yerine getirdi .,0
Let me start off by saying that this thing is super small . I saw a video of it that made it look bigger than it is . That’s the first thing you wanna know is is it too small for you . It seems about half the size of a normal RC car . I won’t comment too much further on it because I don’t know how it runs yet I’m still charging the batteries but it’s way too small . I will be buying a bigger one ☝️,1
"Very easy set up. I've used this twice and love it. I'm using it alone and have plenty of room for me and all of my gear. Second time I used it for a week long music fest. Plenty of room for my guitar. I did have one friend say it was a bit short for them but I'm 5'2"" and had lots of room to stretch out.",1
"Lsc temsili arayan yoksul müşterilerin aksine , Rust ' daki hastanın , alternatif kanallar aracılığıyla kürtaj danışmanlığı aldığı zaman , idare-edenleri-finanse edilen tavsiyeyi almaması gerekiyordu .",0
"The writing is to small for me (I probably over looked that in the description), but other than that it's great. I use it as a go to Bible around the home.",1
"Bulbs would not fit easily in threads of lamp, took hours",1
"Çanak çömlek veya alabaster almak istiyorsanız , son karar vermeden önce Batı Şeria ' daki esnaf köylerde satışa çıkan fiyatlarla fiyatları ve kaliteyi karşılaştırın .",0
Bunlar yüksek standartlarını korumuş olan bir yaşam geleneği .,0
"Veri Toplama Kuralları , veri toplama yöntemleri , değerlendirmeci eğitimi ve bilgi kaynaklarının uygunluğu vurgu yapar .",0
Tried these bottles for my 2 month old. Terrible less than a week and he developed colic again. Had to return did not work for me. These were also very inconvenient and prolonged the amount of time it took to make a bottle.,1
"Very good, use everyday as to not burn my retinas. Most importantly not too heavy and stay flipped up.",1
Jane benimle evlen istiyorum !,0
"Messinger Giuliani ' nin klişe ara , ya da kendi kendine ara .",0
"I love these black suede pumas so much that I've bought 5 pairs of the same shoes over the years. Comfy, sleek and great for everyday wear.",1
Cuma akşamı akşam yemeği veya cumartesi öğle yemeği için bir robi tarifi hazırlamak için tüm kendine saygısı olan ev hanımları ve ev kocaları için onur meselesi .,0
Ve Kansas onlara süründü ve uh ah inanılmazdı çünkü bunu bir kaç yıl önce de yaptılar çok daha aşağı oturunca ve şampiyonluğu kazandılar,0
"Generally I can guess twists pretty early on, I was pleasantly surprised when this one took an unexpected turn. A very odd, psychological conundrum of a movie. Definitely worth a watch.",1
The clamps stopped working after two refill razors. They are plastic so once they stop working you can’t do anything about. They would not hold the refill.,1
These taste very artificial. Would not buy again.,1
"This thing worked okay the first time after they basically fall over every time I try to put my boat on top my Element. The racks are nothing but frustrating to use so your money is better spent on something more useful. The worst part, I was trick into buying them by the five star reviews. Only to discover after I received this item, they bribe you into giving them a five star review with “free” gift.",1
I purchased a small and seemed closer to the size of a medium. Otherwise very nice shirt with soft material.,1
Not 1 single seed came up out of all those seeds. Not even a little sprout started. Very disappointed.,1
My cat loves this food but I'm embarrassed to say that I've paid a crap load of money on vet bills only to figure out it's THIS that's causing watery diarrhea for my poor male cat!! I feel like a bad cat mom not having figured it out right away 🙁 It did make him have a nice soft fur coat though. That's why I gave it 2 stars. I wish I could get a refund for the half bag I still have.,1
Item arrived unpackaged. Was not brand new. The action figure does not hold the sword very well. Had sticky stuff on his face. And all of his limbs were twisted backwards. Definitely not worth the money.,1
Içine aptal düşünmek için oturur . İzci bir birinden diğerine baktı .,0
"Modern Japon , Japonya ' da kök alan eski bir kore formu elde ediyor ama ilk birkaç yüzyıl boyunca Kore ' de damgalanmış .",0
Barr da inşallah sağ görüşlü öfke milli güce gezmeler ama buna kont,0
"Gerald Murphy ' nin razor ( 1924 ) 1920 ' larda , Reklam ' Altın Çağı ' nda tüketim sanat ' a alarm veriyor .",0
"Madeira , kendi vergilerini belirleme ve Portekiz hükümetine bir delege gönderme hakkına ek olarak özerklik verildi .",0
Kamu Hizmetleri tarafından ayrımcı olmayan iletişim hizmetleri yoluyla toptan rekabeti teşvik eden bir arkadaş kuralı,0
"Bol Deniz manzaralı , bir üst fransız restoranı ( la mer ) ve sunset içecekler için anahtar açık hava salonu olmayan huzurlu ev , halekulani tam bir tatil yeri .",0
I haven’t actually got to workout on it yet but my review is on how cheap the materials are that come in the box to build the machine. It has a ton of piece to build it and we are very experienced at building things but this took hours. The bolts were very weak and would strip easily. I would send it back but it’s not worth breaking everything back down again. I will do another review later when I actually get to try it.,1
"Sönük ulusal mutfağı göz önüne aldık -- Yüksek kalorili , yüksek kalorili , yüksek kazançlı , hafif şeyler , bland servis edilen ve bir arabada yemek yediğim için -- başka bir ülke .",0
"It did not hold dash cam in place, slots all wrong.",1
Derecelik bir yıl boyunca devam .,0
"Tam önümüzde minik st . Margaret ' in şapeli , 1093 . ' de ölen annesi Kraliçe Margaret ' in onuruna 12 yüzyılın başlarında David ı tarafından inşa edildiğini söyledi .",0
Ancak ek bir duman yığını normalde gereksiz .,0
Got as a gift for my nephew he loved it and it came before it said it was going to be delivered,1
Will only fit the most basic circular coins. If you have anything more unique it’s not gonna happen. Like these two it just wasn’t gonna go. Had to keep them in their sleeves to make it sort of work,1
Ama uh gerçekten profesyonel gösteriyor,0
Really like these! Good products good price!,1
"Ilahi girişimci yaşında , çocuğuna ne kadar kötü davrandığını kimse umursamıyor .",0
Great just as described fast shipping works how intended,1
"Ilki , günlük gazetecilerin topu bush vs gibi devam eden bir hikayeye için şart .",0
Hillary Clinton kocasının inkar inanıyor mu ?,0
"product is shipped coiled in a small box. now the blinds are curled. tried cooking them the other way to reverse the curl, but can’t get them straight. product would be fine otherwise.",1
Fits perfectly right next to my wall and toilet. Holds a lot of magazine and a few books.,1
Dislike my package showed up empty at post office...,1
I never received this product and had no communications back to me either. Not a happy shopper,1
"It's terrible. The instructions are written poorly, the phone App is clunky, it comes with a CD Rom that does not load the software that it was intended to load, and I can't access the live feed but rarely. Need I go on? It's a poor product and needs to leave Amazon.",1
"Although the dress does not fit me exactly like the girl in the pic, it's still a great dress. I love the material and it's a little black dress that can be worn for most outings.",1
App wont work on fire stick.,1
My daughter loves this and its great for sleep overs,1
"DNA kanıtı , Neandertal ' ın bizim atalarımız olmadığını gösteriyor .",0
"Ayrıca , posta tüm hedeflere geniş bir şekilde göndermesi için , bu tür bir sistem posta faturalarını değiştirmez , sadece bazı oranları arttırır ve başkalarını azaltır .",0
"The wheels were easy to replace. Removed the old crappy plastic ones that came with the chair, and slid the new wheels right in. The chair glides so easy that I am replacing all the wheels in my other desk chairs throughout the house. Wish i would have done this sooner!!!",1
Bu yüzden parmak izleri o zamandan beri rahatsız edilmedi .,0
"I purchased the size based on other reviews It fits me perfectly. The shirt is a little boxy, but I tuck it in. You will need an undershirt as the shirt is lacey and doesn't come with a lining.",1
"Gao ' nun sayısız çalışma yaptığı gibi , federal ajanslar genellikle mali durumlarını düzgün bir şekilde idare etmeyi , neyi başarmaya niyetleri olduğunu , ya da işi etkili bir şekilde ve en az israf ile al .",0
"Iki kadın ve bir adam , veya iki erkek ve bir kadın , ve bir , sadece bir çocuk , yetişkinler üç vardiya sistemde al .",0
' ve işte bu yüzden önemli olduğunu düşünüyorum .,0
Not very effective...had to squeeze reinsert in my drains so wither the leaves and debris it's a pain to work with.,1
"Ayrıca hazine , Yanlış ' in hatalı yardım Ödülleri ' nden kaynaklanan düzensiz harcamaların örneklerini ve derler dolandırıcılık gerektiriyor .",0
Enjoyed reading this book. Have one more to read complete series. Very clean and enjoyable to read.,1
Installed it minutes ago. Easy installation. Opened an existing xlr file in a few seconds. Incredible!,1
"Rütbe-ve-dosya cumhuriyetçiler gecikme ve siyasi yeteneklerine saygı duyuyor , ama onu gibi veya armey kadar ona güveniyor .",0
"Liam Neeson , Oscar Wilde Şık ' ı ingiliz oyun yazarı David Hare ' in yeni bir oyununda Broadway ' e getiriyor , ama eleştirmenler etkilenmedi .",0
The item states 2 pairs and I received 1 pair. This is not true description,1
The case feels really cheaply made. The volume buttons stick out and bend the other way. Doesn't work.,1
Was not as big as I thought. I was unable to use it.,1
Was supposed to be be a 100 count box but was only 50,1
Onun hakkında yeni bir hikayeye ihtiyaçları var .,0
Dont buy cheap.... And did not come with the blade it self.... Just wiper arm,1
ABD 1974 kriteri kullanmayı tercih ediyor .,0
"I was hopeful... I have used aftermarket inks in my printer with mixed results. The Black cartridge was the worse I have seen by far. Very dull and faded. Has now started to clog my printer nozzle. As I mentioned, I have used lots of aftermarket ink and could deal with faded blacks but the clogged nozzle is a deal breaker. You should definitely look elsewhere for ink!",1
"Ancak , char gibi spor balığı iyi malzemeleri için değer veren anglers tarafından iyi bilinir .",0
Grande-Terre ' nin seyrek yerleşim bölgesi şeker kamışı ve sığır ülkesi .,0
too long but very interesting,1
Peter ' ın antik mısır dini ) 11 Hanedan Dönemi ' nden c . M.ö. 2134,0
I’m usually on my feet all day so this is great because Now I can have my phone with me at all time and still be charging. I can have my phone fully charge about 3 times. The charger is very slim and can easily fit in your coat pocket.,1
"I just got this a few weeks ago. It is not heavy, comes in a very handy storage box with a handle. This massager works great, It is so easy to use at home and really relieves a lot of stress and pain! You can give yourself a personalized massage every time. I'm loving my massager!",1
Yol kenarı çöp toplamak için g-7 Zirvelerde ' i skip .,0
"Hong Kong ' da gezmek , deniz seviyesinden , büyüleyici , feribot , junks , junks ve yatlar karışımı ile deniz seviyesinde başlıyor .",0
"( Oranlar arasındaki fark , kilo aralığında gram sayısı ile bölünür ) .",0
It doesn't germinate.,1
They leak everywhere. I thought it was just one of the bottles but it’s all of them. Disappointing,1
"Evlilik her türlü şeye denir , bir haven , bir sığınak , bir de parlak bir zafer , bir de esaret devleti , ve çok daha fazlası . Ama ne düşünüyorum biliyor musun ?",0
Evet ben de şanslıyım ki geçen sene benim erken emekli olup bunu yapmayı başardım . Sağlık sigortam için şirketin parasını ve kendi hayat sigorta almak zorunda kaldım .,0
It’s a great size but when I opened it from the box I saw that its hard to open cause it’s a little bit bent in but it still works,1
I like it except for the fact the collar beeps all the time. I thought it would only be something the dog would hear.,1
") Memo ' nun bağlam içinde sunulmuş olduğunu varsayarsak , en azından söylemek ilginç .",0
Custome started unraveling immediately should be half the price,1
I purchased 5 of these nets and sent them to a friend and his family in Haiti. He said they work great!,1
"Wonderfully light weight but with some design flaws if you want to use it for gardening, driving, or just walking about. When you put it on in a breeze, you'll be reminded of those adverts for shampoo with the wind lifting up the model's long wavy hair and floating it about. Quite amusing at first and very cooling, but that entertainment wears off quickly when faced with the risk inherent in the hat's design. The bill/brim could be a shade longer but the biggest issue is that the flaps are too far forward. I've had to pin them back with safety pins so that my peripheral vision isn't suddenly blocked. Pinning them back has also helped cut down on the noise the flaps make as they flap about in even the lightest breeze, but the fact remains that without the safety pins, a flap can cross much of my face in an instant, momentarily totally blocking an eye on that side, blinding me to whatever might be coming from that side, which could be an accident waiting to happen. Even with no wind, without the pins in place, leaning forward to un-clip a weed-eater/brush cutter's harness, the flap kept blocking my view and after three attempts I had to take the hat off to do that simple task. I reckon the un-pinned flaps would be a hazard while driving, for example, a ride-on lawnmower. Curiously, despite being 100% nylon, they don't stink, or even whiff slightly, not even after a whole weeks wear. With a couple of safety pins handy, I'd quite happily recommend this product.",1
Amazon needs to work on packaging. Product came crushed. This is my favorite coffee if I can get it undamaged.,1
Not flattering for small female faces,1
COOL GRAPHICS ON THE PADDLES AND BAG. ESPECIALLY LIKE THE FEEL OF THE GRIPS.,1
"Kapılardan geçerken , yaşamış en keyifli hayal hayal biri tarafından yaratılan , animasyon karakterleri ve teknolojik büyücülük diyarı ' na girin .",0
"Ve orada bir sürü bahçe işi yaptık ve çoğunlukla yükseltilmiş yataklarda , böylece toprağı güzel tutmak için",0
my only concerned about this problem is that the hinges are on the top instead of on the side like a book it would be a whole lot easier for me to have it open from the side and I feel like the product would be more stable in terms of latching. Outside of that it's able to hold report sheets and has a nice place to hold a pen on the bottom which I store an emergency pen because in healthcare pens disappear just as fast as pain medication :),1
The larger size is a bit blurry. It's okay but would probably would not purchase again.,1
"İtalya ' nın en iyilerinden biri olan Galleria Dell ' accademia carrara ' nin önemli bir mantegna madonna ve çocuğu ve Loto ' de ( ' de yaşayan bir venedik ustası ) , Bellini , raphael ve titian ' in yanı sıra yabancı ustalar ile birlikte çok .",0
It stains black dye that does clean up when washed but until then it is pretty visible. It also started coming apart pretty fast with normal use... see picture,1
"So disappointed in this product. Ergonomically it’s average efficiency, however be ready to get surprised non-performance when you really need to deliver. Since I’m a frequent traveler I like wireless gadgets but this one would deceive you right now when you are in need.",1
Evet sanırım bu doğru,0
"Onların içinde , sonsuz bir şekil ve ritim envanteri ortaya çıkar .",0
Bu iyi değil ama demek istediğim herkes ona hep bakıyor bu tıpkı larry bird ve um allah larry bird hangi takımda oynuyor celtics için,0
"Unfortunately, this basket lost its shape due to watering and the rain. I have tossed out.",1
i like it but was a little smaller than expected - super cute dress sweater though,1
Bir travma merkezinde madde istismarı danışma ekibinin rolü .,0
Great screen cover!! Will order again,1
I thought these pantyhose were what I wanted but they were very thin and started to run as soon as I put them on. This purchase was truly a waste of money,1
Uh-Huh um ve bunu dön çok aynı deseni göreceksin ah daha sönük olacak tabii ama aynı şekilde olacak ve makine yaptı olanlar öyle görünmüyor,0
"Great quality , only used it twice but seems perfect and easy to clean",1
Very light weight and thin... POOR quality seems like a product that costs 50 cents to make. Issued a return and they didn’t even want me to ship it back so I gave it away.,1
: Moore ve bailey bunun doğru olmadığını söylediler .,0
Conrad şüphesiz evin kiracı .,0
"This is a piece of junk. I opened product, put in new batteries, put on spinner/butterfly top, pushed button, and nothing. This product was dead on arrival. Will be returning.",1
"Ancak , ödenek hareket 330 bölümü , standartların halde farklı olan herhangi bir cafe standart ' ın çıkartılması yasaktır ... Bu bölümün yürürlüğe önce .",0
"I was really disappointed in this. Living in Las Vegas, we don't get as cold as most places. In this case, if it had even fit, I would not have been able to wear it. It was hot!!! I tried it on indoors (with the a/c running mind you) and instantly started burning up. Not only was it too big, but without holding your arms out, I didn't feel like it even resembled a bat. Arms at the side I felt like more of a penguin.",1
"New York ' ta kitap eleştirisi ' nde yazan mark danner , yönetimin sert konuşma eğilimi , siyasi düşüncesine birleştiğinde , Bosna ' da işleri daha kötü hale getirmek için çok şey yaptığını savundu .",0
Bir nokta ortaya çıktı ve aşağı indi .,0
Nice fanny pack. Just big enough for my wallet and phone.,1
Buchanan ' ın demokratlar ve cumhuriyetçiler çok benzer ve mülayim hale geldi .,0
didn't like the material. It was too slick. Otherwise it was ok,1
Ca ' daan atlı gri bulut .,0
Product stopped working after few days. Had to take my losses,1
"Son olarak , sütunlar ( 5 ) , ( 8 ) ve ( 11 ) , yıllık büyüme , tüm sektörün yıllık hacim büyüme oranlarını ve 1987-90 , 1990-93 ve 1993-97 dönem için toplam birinci sınıf posta oranları . , sırasıyla .",0
"UM-hum gerçekten ,",0
Demek ki gitmek kolay,0
easy break- pretty- two were broken when received-,1
Ne söylemek üzere olduğum hakkında bir fikri var mıydı ?,0
"FDA , 502 , 510 , 518 , 520,701 , 519 , 704 ve 903 Federal Gıda , uyuşturucu ve kozmetik yasası ' nı ( 21 u.s.c. ) gösterdi .",0
"Sokak teslimi dışında tüm maliyet segmentler hacim ile farklı farz , ölçek değeri , Birleşik Krallık ' ın hacim ve kapsama seviyelerine toplam maliyetinin yaklaşık % 17 ' i .",0
"Eski ve yeni rouen , aydınlık ve havadar pazar salonları ve çekici modern eglise sainte-Jeanne-D ' arc etrafında bir araya geliyor .",0
I received and Love my new shaper!! I love that it had 3 different levels you can progress to.,1
This product was delivered quickly. It was easy to install and is an exact replacement for the brand name. It may cause you printer to give an error message but is easily cleared. Works great will buy again and again.,1
Evet her yerden de sadece Meksika ' dan değil her yerde biliyorsun,0
"It's a very good product, will be ordering more in the future.",1
Evet çünkü sen bilirsin çok güzel ve sınırlı alan var yani,0
"Not quite sure how to review this, haven’t taken it long enough to know if it is protecting my skin against the harmful UV rays, or helping with regeneration yet. I do know that my dermatologist endorsed taking this, so I’m trying it. I do think the pills are large and tend to stick in your throat, so one at a time with extra water.",1
Bir köprünün kavisli kollarında tutulan ay .,0
"Kanıtlar değil daha tutarlı olduğu zaman , analist şablonu doğruluyor ve bununla ilgili başkalarını arıyor .",0
"Terrible customer service, at first my safe was supposed to arrive on the 5th, then It was the 8th, then the 14th, and now I'm being told I have to contact the shipping company to find where my order is??? DO NOT BUY FROM THESE PEOPLE. I also found out the they just bought it from Wal-Mart and had the shipping company pick it up. I could have just drove to Wal-Mart and bought it myself to save all this headache!",1
"We returned this because the turning of the disk was so loud it detracted from being able to hear quieter parts of the movie. The whining/grinding sound was also very irritating to us, like some people don't like nails on a chalk board.",1
I haven't had it very long and one of the wheels is already broken off. Had to throw it out.,1
Exactly what I expected!!,1
"Sana kabadayılık mı yapıyorlar o zaman ? Sordum , gülen .",0
"Hall , öğrencilerin trla ' den yasal yardım için uygun olup olmadığını belirlemek için uygunluk taraması yapacaklar diyor .",0
"Neden , ona sadık kaldı ! Ben dedim",0
Easy to set up; excellent sound for such inexpensive speakers. Solid construction.Great value.,1
zipper on wrong side.,1
"Hayatının ilk 50 yılı boyunca , pooh mütevazı bir franchise -- ingiliz ve Amerikan anne babasına oldukça iyi satan bir çift kitap .",0
Kasich ' in önerilen kurumsal-Refah paketi bir değersiz 11 . TL ' lik bir araya geliyor .,0
The rubber on top is wavy. The legs are stiff and hard to work. Overall I am disappointed with this stool.,1
"This light has excellent output that compares favorably to other lights I have of similar lumens and for the price it is a great value. Seems well built, the mount secures to any bar and holds its position well. While some feel the delay of the daylight strobe is too much, I find it to be about 1 second which is OK and helps battery life plus has a nice variable pulse that is proven to be very effective at alerting everyone in front of you, including drunk drivers. The light pattern is a little on the narrow side compared to others but it has very bright and uniform spot that covers an adequate area to permit fairly fast cycling in the dark. Maybe not the best light in close urban areas where you may be taking a lot of turns and want a wider spread light to see where you are turning but the beam spread will be liked by most people IMO. It also as a decent mid-level setting that will work in areas that are decently street light lit. For the money, this light is hard to beat.",1
"Teslimat modu , gruplama-Oran ( durak başına adresler ) ve binalara erişim zorluğu dahil olmak üzere ' tüm fiziksel özelliklerini de .",0
As soon as I opened the Amazon shipping bag a strong odor was released. I would describe it as a very unpleasant perfumey candy smell. I threw it away.,1
"Ölümünden altı gün öncesine kadar üzerinde çalışmak , heykeltıraş , ölü isa ' yı tutmak için çabalayan zavallı bir Meryem ' i , inatçı taş ile son mücadelesi için ortaçağ heykeline garip bir nostalji .",0
"My dog wasn't a fan of the taste, but I did see an improvement in joint movement/health.",1
"1980 ' lerde bir çalışma , aslında , her beş ihale teklif dördü , bir firma veya başka bir firma tarafından absorbe edildiğini ortaya çıkardı .",0
"Çim bölgesinde bazı alanlarda ot tutmak biraz zor ve ben bunu hiç düşünmemiştim ama bu küçük tepenin en tepesinde ve beton uh alışveriş merkezi ' nden tüm ikinci tur ikinci bizim ve dar sokak ' a yakın olan her şey , bu yüzden bu küçük bir şey ve bu şekilde işe yaradı .",0
Great back cushion support for my car seat! Good quality in low price. Like it!,1
Işte bunu söylediğin için mutluyum ve gerek yoktu ama o da aynı şekilde hissediyorum ben oturup bazı programları izliyorum ve uh ve bile dahil olan insanlar için utanıyorum bunu kendine neden yapıyorsun biliyorsun,0
Ah hala bu doğru bu çok iyi seçim,0
Only two per package. Wish I had known that. Otherwise very cute.,1
I believe one of the cables is bad but it was a pain to fish it through the walls so I haven’t replaced it yet. The cable that works is very good quality.,1
"Uzaktan , ca ' daan taş üzerinde çelik yüzük ve küçük bir kalabalığın coşkusu duydu .",0
Ama sonsuza kadar kalabilir mi ?,0
"......lacking in selection of older films, which I like much better than the modern stuff. It does have every episode of MASTERS OF HORROR, though, which is worth the $2.99 a month price (If you order it yearly. If you order it to be billed monthly, it will cost $4.99 a month, but it is still worth it). All movies are commercial-free and uncut. I just wish they offered more of a variety, as I love Italian genre film of the '70s & '80s, but there are precious few to be found here. It is still a good value, though.",1
Exactly what you see on tv. Good size for my 4 year old grandson. Only problem roaring sound stopped working by first day. He still loves his dino,1
Does not work with iphone.,1
Tipik orta sınıf aile sadece yeni gaz vergisini ödedi .,0
Çok performans gücü yani onlar var evet büyük zaman,0
"Akdeniz Kıyısı ' nın aksine , Atlantik geniş açık alanlar , hareketli dalgalar ve yüksek kum tepeleri ile plajlar ve sessiz çam ormanlarının geniş uzanan sunar .",0
Don't buy it. It broke after 10 rolls. Can't do my project now. Buy a fancier one and save yourself the hassle.,1
Very soft and comfortable,1
"Jon , karakalem kalemle bir tomar parşömen üzerinde dikkatli bir harita çizdi .",0
Evet hala gönüllü ama bence ' e kadar uygulamaya bir şey olması gerekiyor .,0
much cheaper looking than it appears in picture. Looks like plastic. I will be returning,1
We used this bag for a trip to Barcelona to take with us everyday for all our essentials. Appreciate the sturdy material and the comfortable cross body design. Also felt secure in a new city. Hidden compartments are perfect for keeping cash.,1
"Evet , tommy pozitif dedi .",0
"Saf tip-1 Worksharing , karar ve ' analizi basit .",0
I gave this product 3 stars because it wasn’t exactly what I was looking for but didn’t want to go through the trouble of sending it back. As you can see in the photo my Too Faced liquid lipsticks do not fit unless I push them in a certain way. One single movement knocks them all down. I guess it’s perfect if you have traditional shaped lipsticks. Too Faced is my favorite brand and they don’t fit.,1
"Bir çok acil durum ile baş ediyoruz , comart dedi .",0
"Mavi dağlar ile kahve fasulyesi arasındaki bu doğal bağ muhteşem , çünkü ilk bitkilerin jamaika ' ya kaza sonucu geldiği yazıyor .",0
"The vacuum works well but the mopping, not so much. The solution puts out two streaks instead of a solid streak that is equal to the size of the pad.",1
So soft. Highly recommend,1
Sınırlı dolaşım elendi ama alt sınıf değildi .,0
Ah evet -- sen şimdi işerken sosyal politikaya için .,0
Bought this for work. Velcro gave out after two weeks. Now I have to tape it around my waist.,1
"İtalyan boyun-kravat styling atölyesi için bana geldi , bir kaç genç aktör ile birlikte , ayrıca yakışıklı , ama daha az ünlü . ' '",0
Apparently Craftsman isn’t known for quality anymore. I used the tool for all of 30 minutes total and it got too hot to hold and started smoking. I didn’t use it for 30 minutes consistently either!,1
Arrived as promised.,1
Bu bize hazırlanmak için iki ila üç hafta kazandırır .,0
Way too tight for my head. I really wish they would make hats larger so I have some choice. Cute hat otherwise.,1
I got this thinking it’ll be a quick fix for my recently damaged hair but I quickly learned that it works BUT I feel like it isn’t worth the hype or money.,1
A lot of radio interference,1
Evet anneannem uh bize bebek için bir kaç yorgan yaptı ve ben de ah gibi olduğunu bunları berbat etmek istemiyorum,0
Yok yok hocam,0
"I gave 2 stars because I feel this is a great protector for the screen and the fact that it works with almost any case. However this glass screen protector greatly limited my fingerprint sensor. I followed all the steps, watched all the YouTube videos and STILL, after enabling the sensitivity setting, I would repeatedly get locked out of my own phone for 30 seconds because it repeatedly did not recognize my fingerprint. I am a HUGE Samsung pay fan. TRYING TO USE THIS FEATURE ONLY ESCALATED THE PROBLEM! After 5 days of trying to use this glass screen protector, I removed it, tossed it, returned the second one for a full refund, and went back to the military grade film screen protector I was using before. So disappointing because I heard such great things about this particular glass screen protector. Bottom line: their protection is excellent. However the use of your fingerprint in my experience, 👎👎👎",1
"Yanlış düşünüyorsun , avukat dedi .",0
"Well built, great for lat pulls, my only complaints are that the seat should’ve been a bit longer and don’t try to do a standing curl with the bottom cable or you’ll flip the entire unit over lol.",1
Ben göremiyorum telefonum gerçekten öyle yapıyor ama ne zaman bu telefon varsa biraz garip yani yere yüz kere düştü,0
Biri hemen öldü ama diğeri sert salladı .,0
Ama tutuklandı .,0
"Sönük bir dış , fakir beklentilere hizmet etti .",0
"Had to return. The smaller than normal keys along with poor (to me) key feel made this a bad choice for learning to play. The bluetooth was convenient in many ways, but annoying in others - a cable is easy to just plug in while the bluetooth requires you to connect to it from a compatible app before it's available. (Once you connect via an app, it's available to all apps even if the others don't have an interface to connect to bluetooth LE devices)",1
"Daha önce kâr amacı gütmeyen yasal yardım olarak bilinen batı michigan hukuk hizmetleri , son zamanlarda 10 yıllık michael s ile onur lalley . Düşük gelirli topluma olağanüstü hizmet için barnes ödülü .",0
"Bir avuç bronz devrinden kalma kalıntılar , tarih öncesi yerleşimciler binlerce yıl önce ibiza ' da yaşadığı bir varsayımı ortaya çıkardı .",0
Bütün gece ayakta kalması için başka birine para veremez misin ?,0
"So far so good. Its a radiator cap tho.. it doesnt leak, the truck isnt overheating, i dont know what else to say.",1
"I bought this in October and only used it a couple times to put up, and take down christmas lights. I take it out for the spring and I notice the top run has snapped off so it is swinging out. I expect more out of a ladder that is so expensive",1
"Being able to reuse a lid that doesn’t rust is good. However, there’s a note in the pkg warning that you can’t shake or turn the jar over. Carrying around or giving the jar as a gift can’t happen now. I’ll see if I can return it - I already threw away the packaging.",1
"lasted six months of very light use before the fuse blew. Apparently this is a common problem with this model, and repair is costly. Just stopped working in the middle of cooking a quiche. NOT happy at all. Won't buy another one.",1
"Kuponlar , geçiş mektupları , giriş mektupları ve baskılı iş kartları , onaylanmış bir rezervasyon onaylanmamış zaman sihir gibi çalışıyor .",0
"Yeni bir devrimci , plastik cerrahi yöntemi geliştirildi , belirli bir vücut parçası üzerinde ameliyat yapma olanağı sağladı neredeyse sonsuz sayıda .",0
"Seem to break pretty easy, for the price I would expect better.",1
"Like other members state, the holes do not line up for the 552 weights. The replacement was the strap. One member here had a nice idea of reversing the straps where the buckle is underneath. I actually drilled new holes, which worked out perfectly. The unit does come w/ the accessories to mount the weights. Overall, good unit with the exception of the small detail of assembly.",1
Was not impressed with this tape. It's cheap enough. And maybe that's why it's hard to get to cut off when you try to test it off on the tape dispenser?,1
"Yönetim , insan sermayesi ' ni bir mal yerine varlık olarak gerektiğini .",0
Bir sürü koy gerek yok sadece yayın ayırıcı varsa,0
"We’ve ordered a lot of trains for our son. This one is for his birthday, so I can’t open it all the way for another week to see if it will work, but you can tell this package was already opened and re-glued to look new. I will make another review when we open it up all of the way and put batteries in it. My problem is, if I order new, I want to receive a new product.",1
"Toplam clch2co2h böcek ilacı artı pcb 50 NG / L ' den az olmalıdır ( apha , 1992 ) .",0
Expired within month not good for use,1
"Sadece özel bir randevu ile , Antonio Da Sangallo ' in genç , michelangelo ve giacomo della porta tarafından inşa edilen şanlı palazzo farnese ' yi ziyaret edebilirsiniz .",0
"Have been using daily for over a month now hoping to alleviate some brain fog, focus, and concentration problems I've been having recently. Haven't noticed any improvement in those areas, or any other positive effects. Your mileage may vary.",1
"Well, I don't' know. It is a little confusing. For instance, it tells me there are cameras around, but it cannot find one of mine. It does find the older camera. Both are infrared. I do have to turn off my phone to keep from baffling the detector. Its still better than nothing in hotels, cabins. It seems to think all cell phones are hidden cameras, which of course they are, but that just confused things. I also found free phone apps that pretty much do the same thing that this does. I think I will use them to augment each other when staying in hotels and cabins.",1
Gün Geldiğinde Julius ' un hatırı miktarda bir miktar ikna ihtiyacı vardı ama iki peni sıkı tuttu .,0
"İstanbul ' da en iyi Osmanlı binası olarak kabul edilen cami , Osmanlı imparatorluğu ' nun altın çağı ' na bir övgü ve onu yaratan iki büyük adam ' a sultan seleyman ı , muhteşem ve baş mimarı Sinan ' ı .",0
"Ağ terimler alkolizm ve tedavi ve müdahale ile yayınlanan kağıtları bir medlıne arama , takvim yılı boyunca 47 yayın verdi .",0
Great product!!!! My fur baby loves it and it feels great giving him really high quality whole foods.,1
I do not like to to be forced to write reviews in order to get out of a book on my tablet.,1
"With 3 kids in the house we always seem to have devises charging all over the house. I like the small size for traveling but also I have it the kitchen because it does not take up much room. It does seem to tip over easily if cords are plugged into the top two outlets. The size is great for traveling so I do not have to find and pack all the individual ones, plus its less for me to keep track of while traveling. We plugged in a device in all 6 and everything seems to charge quickly with out getting to warm. Overall, I am pleased with this USB charging station.",1
"Received wrong item. When I contacted amazon about it, they told me to contact the manufacturer.",1
Daha çok medeni ve onlara ölümcül iğne ver bu yüzden kesinlikle sermaye cezası var,0
I love that it has the note location on the staff and the sharp and flat that is near it! Students loved them. No more excuses!!,1
Never received; e-mail if complaint returned that seller left Amazon. Horrible!,1
Meat is so hard & tough. Not for senior dogs missing teeth. Even heating it won't soften it. Don't understand why each variety is so hard to cut in pieces. I understand that switching dog foods can cause upset tummy but her stomach made noises all night & she vomited it up in the morning. Will try again to introduce this food into her diet but I'm apprehensive.,1
I love this stuff. It’s cost effective and nothing leaves my skin feeling softer or more smooth than this shaving cream. It also doesn’t break me out in any way. Almost everything else under the sun causes some sort of irritation or breakouts.,1
"Gao ' nun yönetici rehberleri ' nde tespit edilen bilgi güvenlik yönetimi uygulamaları , birçok federal ajansları politika rehberliği ile şirketi .",0
"Peki , kendi içinde taklit veya virtüözite virtüözite mi oy veriyoruz ?",0
"Maynard beni seninle ziyaret etmeye davet ettiğinde , Komisyon ' un Ekim ayı sonlarında r2000- 1 Oran davasının son sancıları olacağını unutmuşum .",0
Evet onlar oldukça eşsiz ve uh iyi ki emekli oldu o yüzden boş zamanda yapacak bir şey var bu konuda çalışmak için çok zaman var,0
It broke by it self pretty quickly. I took very good care of them and it still broke.,1
Arkadaşımın dükkanı yakındır .,0
"Fabric is thin, thought it'd be good for summer. A little big, I got a large, I'm 5'4. I need to get beige, smooth bra so it isn't seen or texture from lace.",1
Bu büyük tapınaklar daha sonra yeniden inşa edildi ve şimdiki kovma genişledi .,0
Jon Atına geri döndü ve başka bir kılıç çizdi .,0
"Özellikle , üçlü modelde , zirve 7 a indirim ile meydana gelir ve refah kazancı sadece 6 MİLYON DOLAR .",0
Belli ki bir sayısı onun açısından yeterli bir iş yapmıyor .,0
"Çok sayıda araştırmacı , alkol sorunlarına hitap etmemiz gerektiğini bildiği için bu müdahaleler klinik ayarlara taşımak için acele ettiğini kaydetti .",0
Ama harika olmaz mıydı,0
I received this product and immediately sent it back. It is almost been a year and I have never received a refund. I would not order from this place. Buyer beware!,1
"Maalesef öyle , Bay Carter gravely dedi .",0
Only picking up a couple of channels ?,1
"Program yönetimi sözleşme yöntemi , sahibinin proje yönetimi fonksiyonları için en büyük adımı temsil etmektedir .",0
"Zeyna ve Herkül ' ün tv programlarını vur bir kültürde , sizin gibi cesur bir savaşçı olduğunu hayal etmek çok daha eğlenceli bir şey , bir görevli olduğunu kabul etmek , en cesur tapusu , cesurca yazılmış memo .",0
this charger does work fine. arrived timely.,1
Ve Ben yürürüm biliyorsun ben gezmeler o yüzden biliyorsun orada biraz egzersiz yapıyorum,0
It’s nice but I bought it for someone with cognitive impairment and limited eye sight and the numbers are hard to see,1
"It helps me sleep and I believe it helps moods at times, but I wish it were available with THC for the mood enhancers. I've got ALS and even though there's not a lot of pain involved the mental aspects are off the charts, so I'll try anything, but only to try. I won't continue to buy if I don't feel it actually does something. This is probably my 10th purchase of this CBD oil over the last year or so, so what does that tell ya??",1
Same as the ones I’ve used in classes. Should last a long time.,1
It has great flow makes it hard to put down the people make u want to root for them love this author,1
"Kişisel kurtarmak daha tartışmalı bir tedbir , mevcut varlıkların değerine göre değişiklikler içerir .",0
The length of the slipper is fine but the fury band on top is way too loose,1
"I'm not sure if it's because I'm using it for a very small appliance (4 cup coffee maker), but it just doesn't work well for me. When I pull the tray forward, it doesn't roll. Instead, it slides as if there were no rollers underneath. I'd be afraid to use it on anything other than a countertop because it might scratch. It does look nice.",1
"Evet , evet , büyük ihtimalle eğer o olmazsa kolayca koyar",0
"Ayrıca , profesyonel ve idari attılar olmayan örgütlerin temsilcileri , daha da zor bir meydan meydan , toplantıları organize etmek ve bilgi paylaşımını kolaylaştırmak için gerekli idari görevleri yerine getirmek için daha fazla zaman bağışlamaya teşvik etti .",0
"Good quality, feels much better when shifting than previous plastic knob.",1
The shirts were advertised as tagless - but had itchy tags. Fit was good. We'll see how they hold up after many washings.,1
"Ripped on the 3rd tire very cheap not durable, stay with the old towel or tshirt",1
Oh yaaa sence,0
"Great product so far! Got it before day expected to arrive. Good, good!",1
"Ilk bakımı , kanayan bileğini bağlamak oldu .",0
has no clear screen protector,1
"Bir sonraki sorusunu sabırsızlıkla bekliyordum , ama beni hayal kırıklığına ..",0
Ellerini uzatmış .,0
"Sanki ders dışı kalmış , ya da artan bir yük olan bir görev ve sorumluluk duygusu ile serbest kalmış gibiydi .",0
Ve bu adam kafayı yemiş ve oğlu ona bir garaj yapmış ve ona bir şeyler almış . Ekipmanların adı ne bilmiyorum ama uçaklar ve bu ngs,0
Hepiniz Savoy ' da benimle yemeğe geliyorsunuz .,0
Great notebooks. Got 3 of them. Superb quality without any branding or 'inspirational' messages. Hard to find nice squared notebooks like this.,1
"Been using this for about a year now. Both flavors are great, chocolate being my favorite. I have tried other whey powders but what makes this one the greatest is that there is absolutely no artificial sugar aftertaste, which was an unfortunate experience with the rest.",1
Ramses Vı ( 9 ) mezarı büyük tadilat sonrası 2000 yılında yeniden açıldı .,0
Ve bu beni gerçekten üzüyor çünkü kablo fiyatları ödemem çünkü var var kablo var bence,0
"I was disappointed in this product. The adhesive didn’t stick to my car leather, and the patch is coming off after a month. I’d have dine better with",1
These socks are really cute and comfortable. I gave them as gifts and everyone really like them.,1
Kontrol ve temel senaryolar arasında ters sağlık efektleri .,0
You will be absolutely in love with this romper!! I had so many compliments on it and it is truly gorgeous. I ordered a size up due to I’m taller and I wanted to be sure it covered my butt. It is soft material and is see through. I love love love this romper and I would definitely recommend it to everyone!,1
"This would be fantastic- the idea is great. However, the way it unfolds and sits on the toilet, my kid's bum gets pinched sitting on it. It was a waste of money for us, I tossed it.",1
"These earrings are very cute but their sizing is off! I first ordered 10mm which were too big. Then 8mm which were the same size as my 10mm in a different style/brand. And THEN 6mm which were TINY. Smaller than a pea. Finally I've given up and I'm sticking with the 8mm, even they don't hug my ear like I want them too.. they're cute.",1
"This was perfect for my tree and decor, good price, just beautiful, thanks",1
"Bugün , Yasal hizmetler savunucuları giderek daha fazla dil iki ; benim ülkede lsc destekli programlara çalışanların % 22 ' i birden fazla dil konuşuyor .",0
Oh gee bu doğru mu hiç duymadım,0
"Güzelliği , belki de , orada otururken , güneş ışığı kafasına parlıyordu ; belki de bu trajedi ile hiç bir bağlantısı olmayan biriyle içinde rahatlama duygusu ; belki de gençliğine ve yalnızlığa karşı dürüst bir acıma duygusu .",0
I never received the product . Don't know where it is. And the topping on the cake ....can't return product. SCAM,1
Pretty small balloons. Much smaller then average size party balloon. Only held helium for less than a day.,1
Feels like body wash. Looks like body wash. Seems to clean me up pretty well. It has absolutely no scent. This might actually be a good thing for some. I wish it made me smell like a new man. It doesn’t.,1
After drinking an 8-oz glass of this 30 minutes later I have to pump. Typically I get about 2 to 4 oz total. After pumping with this I got about 5 ounces on each side.,1
Rogers coşkulu bir süvari ve deneyimli bir polo oyuncusudur .,0
"Bu durum , mevcut ön onaylı role karşı olarak denetimler sonra büyük ölçüde küme .",0
"Burada 156 ' den fazla hayvan türü var , nesli tükenmekte olan gergedan ve Rothschild zürafalar üreme önemli başarılar .",0
"Amazing that all he old school games are available however they were listed randomly and not alphabetical, therefor has been hard to sort and navigate to the one wanted to play",1
"Genç , bir oyun kurucu için en iyi 19 sezonun dördü ve tüm zamanın en yüksek puanlı passer .",0
"Örneğin , bir sanayi vaka çalışma kuruluşu , proje yönetimi becerileri ' nde yaklaşık 2,000 adet miras çalışanını yeniden eğitime için 3 aylık bir kurs sponsorlar .",0
Item as described. Board was bigger than expected but it's great for my classroom. It was missing a black pawn. Can seller please ship this or I will return,1
"Muhtemelen , bu yüzden , biraz aklı var .",0
"Bu makalede çalışan yazım , ilişkili basın ış ve karalama kılavuzu ' ndan , bu tür konularda sayfa ' in rehberi .",0
Have only used this product for a few days but can already see a temporary difference as so far when the product completely absorbs then I still see the same wrinkles. Am hoping that time will give a different result and wrinkles will lessen.,1
"Yeterli bir masa şarabı için , ispanya ' dan veya Mallorca ' dan gelen pek çok iddiasız şaraptan birini deneyin .",0
"İmparatorluk Sarayı ( kyoto gosho ) ve katsura ve shugakuin imparatorluk villalar , Japon mimarisi , tasarım ve estetik ile zerre kadar ilgi gören herkes için zorunlu yerler .",0
Fits good - but I guess I overlooked that were no pockets.,1
"1980 ' li yıllarda 1,281 m ( 4,203 FT ) Yüksek , 1944 metre ( 259 FT ) büyük patlama ile 79 ve sonrasında daha küçük olanları ekledi .",0
"Antik sismik aktivite , katmanlı kayayı gökyüzüne doğru zorladı ve rüzgar ve frosehave hareketi onu garip şekillere soktu .",0
"Nice quality, the selection of sizes are nice.. it's make wearing one much more comfortable.",1
Ama ben yani eminim ki böyle şeyler yapmak rahatlatıcı olmalı çünkü ben eskiden hatırlıyorum o küçük tuz hamuru biblo ve şeyler vardı rahatlatıcı olduğunu biliyorsun yaratıcı çok yaratıcı hissettin,0
I wanted to love these shoes. I have a medium width foot and these fit but my foot hangs over the side a bit. They look funny.,1
"It looks great on babe, colors are vibrant. I just wish it had a pocket",1
"Pros: +long battery life, around 11 hours +fits comfortably in ears, no soreness after extended use +earbuds never have came out on me, even on long runs with sweating, or when using bench press +no issues with connectivity with devices Cons: -No real instruction in manual on how exactly to wear these, took a little practice at first",1
"Bunlar hawaii , kansas ve New York .",0
"Eğer binicilik tipi isen , o zaman bu , Ibiza ' nın sıradışı tarafını görmek için iyi bir yol , hayatın hala canlandırıcı bir şekilde basit .",0
"Evet , sanırım onlar da bu yıl için işe alındım .",0
"Oraya gittiğimde evsiz kaldım , ve sahip olduğum her şeyi , biri bana verdi , dedi ki , bazı şeyleri gözden geçirmeye çalışıyor .",0
"Again, another good story. The same characters are likeable and the new ones are good too. I keep coming back to the prison as the turing point.",1
"Hunt ! drew , Johnny Shannon ' ın sabit girişte tam önünde durduğu gibi durdurmak zorunda kaldı .",0
Seller very responsive- Great Customer service! Great part.,1
"I removed the 3/8"" o-ring inside the head for more pressure",1
Huge earrings most defenitly for women not men,1
Bush ' a eğitim ve sadece refah hakkında soru soruldu .,0
Evet bilmiyorum yani sizce vegas finalleri kazanacak mı o zaman,0
"While I really liked the final product, I had to make multiple attempts to get the pieces out whole. I finally ended up making the pieces two at a time and the large spine/head on it's own. They still broke, but usually in only one place per piece, which is easily patched with a little more chocolate.",1
Ve o bölgeden gelen pek çok kişi muhtemelen senin konuştuğun gibi bir şey yoktu . Çok fazla mülkü vardı ama çok ev yoktu ve şimdi bir sürü evi var ve etrafında neredeyse hiç anketi yok .,0
Love the kettle so much I purchased a second one. Wish this vendor was Prime. Ordered white version and received ORANGE so have to waste my time dealing with return.,1
"Polonya pazarına yeni , devrimci bir ürün - hazmedilebilir canlandırıcı mutluluk , marka adı happi altında tanıtmaya karar verdi .",0
I chose this product based on the many good reviews...was not disappointed and would buy again and reccomend to others.,1
Container was sealed but only half full very disappointed!,1
Duydum ki duydum ki bu gerçekten bir,0
"Bu yüzden , bu mevcut coşkuyu , bir entelektüel heves olarak , derin bir kavrayış değil , bir entelektüel heves olarak kabul edelim .",0
Gerçekten sadece bazı insanların onları taciz ettiğini biliyorsun ama ana kartını onların ödeyen kişi hakkında şaka değil,0
"The figure does not stand up straight on its own. Some other minor quality issues as well. The paint job isn't great, some areas slightly bleed on to other sections and the adhesive holding his legs is visible. Really seems like a rush job, which is unfortunate.",1
"Işte orada , kendinizi neyle karşı karşıya olduğunuzu görüyor musunuz ?",0
Sigara içen edebiyat da bir kaç yıla kadar geri akla yatkın olduğunu gösterir .,0
Bilim adamlarının bunun için bir cevabı yok .,0
"Czarek , birkaç adamın yerli bira içtiğini ve büyük bir hareketle bir şişe palissander likörü çıkardığını fark etti , ama kimse dikkat etmiyor , çünkü nowak konuşmaya devam etti :",0
"Adam michnik , 1968 Şubat ' ta Varşova ' da düzenlenen bir gösteride tutuklandı , 1980 ' ların dayanışma protesto hareketinin önde gelen teorisyeni olmaya devam etti ve Polonya ' da orta yaşlı devlet adamı olarak rol almak için hayatta kaldı 1989. yılında komünizmin çöküşünü başaran siyasi dünya",0
These will not hold a charge and the sound quality is not good. I would have returned them but I threw the package away do yourself a favor and spend the extra 20 bucks,1
O uh sınırda,0
"Bu günlerde , aşırı bağımsız tamil tamil siyaseti , seçim zamanında yeri çok daha canlı ve uyanık hale getirdi , ama , mumbai ya da punjab ' ın şehirleri daha az ısıtmalı .",0
Neredeyse hayatına mal oldu .,0
"Solondz ' s writing does n ' t cut very deep , but it does swing wide , smashing taboos on all sides -- the film is the dark side of there ' s something about mary. ve bazı açılardan , daha uygun bir fırlatma olamaz .",0
nice seat! bought 2 of them for our tractors.,1
"Taraftarlar , kendi saçlarını renkler , gap kıyafetleri giyip , sinek koçu olduğunu severler .",0
Seem to be sturdy enough to hold up for awhile,1
Şu an elimizde olan bu,0
"What I liked that it was the right color, and size for me, but I was so disappointed because I could not put my ear plugs any where in it. Plus it doesn't fit all my cards and when I went to close it, it would not close. I kept it did not send it back, because I am hoping that maybe later on I can find something I can use it for, because it is so pretty. But, it is not useful for anyone to put their phone in it or ear plugs. I am so sad because I love it. :(",1
Oldukça kendine güvenen biri .,0
Ve biliyor musun biz keyif yapıyoruz daha çok şey yapmaktan keyif yapıyoruz onlarla top oynamak için kocam onlarla dondurma oynamayı seviyor ve bence amerikan anne baba olarak daha çok zaman geçireceğiz sanırım çocuklarla ve parçası işte bu yüzden talep ediyorlar . Bizim zaman istiyorlarmış .,0
Nice but cheap with in a month they do change color,1
Amazon messed up. I didn't order this and didn't receive it.,1
Kişilik Özellikleri ve böyle şeyler ah hayır ben var de,0
Gerçekten nerede yaşıyorsunuz şimdi,0
The suction was terrible and milk seeped out into the tubes easily.,1
I grinded mine up in a coffee grinder and made a powder. Now I can add flavorful capsaicin to anything I want. It's dried ghost peppers - as advertised. If you are making a hot sauce with these I recommend fresh not dried but it'll do the job.,1
"These robot fish do not work! They will float along the top of the bowl. Instructions say to weigh them down, but there is no way to do that... My cat ignored the fish and simply drank the water from the fishbowl...",1
"Bu yüzden bunu iyi bir kız gibi iç , ve bunun için hiç de kötü bir şey olmayacak. kalbinde tuppence ona inandı .",0
"Uluslararası Uzay istasyonu itici modülü satın alma işlemi , gao-01-576 r , 26 Nisan 2001 .",0
Left a film on teeth that was really difficult to remove .....,1
"It is nice lunch bag, it’s a medium size. Such a cute bag.",1
O ',0
Needed something that would hold extra long cords for blinds I had purchased. They are sturdy and are holding up well,1
"I got these to augment the pawstruck Bully Stick stash. She loves both. These are a better size than other brands. They are still a little pricey; but low enough that they help spread out the cost of bully sticks. These do not last as long as bully sticks, but they are a nice chew and I prefer the one ingredient treats/chews for the pup. I just wish all of their items were a little more affordable.",1
"Hayır , öyle bir sorunu yok . Atm makinesi ile çıkan küçük bir kayma var ve sadece düzgün kayıtlar tutuyor .",0
Seni büyük geri zekalı ! dedi .,0
"This kit is fun to use. It provides a good variety in the pack. I’ve used resin in the molds, the small ones came out clean neat and shiny. The larger two left attached chunks to the item once pulled out. So the large ones are ruined after ONE use. I am disappointed. I really wanted to be over the moon about this kit. I used all the molds at the same time, meaning I had six molds using the same resin mixture. Only the large ashtrays stuck to the pieces and tore. I wish they didn’t. Well, the small ones are excellent so I gave three stars because I could only produce acceptable products from three molds. So I sent back the molds and the company repacked all of them within three days! They paid for return shipping. I have not used the molds again yet, I’m waiting on my epoxy.",1
"36 bu kamu-Özel ortaklıkları , Amerikan Tasarruf Eğitim Konseyi ' ni oluşturmak için 1995 yılında katalizör oldu .",0
"They work, but I should have paid attention as they took Too long time for shipping.",1
Yaaa güzel olmuş güzel alan,0
"Kral Kendisi 1598 yılında burada öldü , basilica yüksek sunak altında bir aile mezarlığına gömülmek için .",0
"Aslında Fort Worth ' a daha yakın ama aynı bölgede , roanoke Teksas adında küçük bir kasabada büyük bir at çiftliği satın almış .",0
"This is very basic switch, i need to get another cord to connect it to the tv, but otherwise I’m very happy. I do wish it came with a short connection cord to the tv, it does not.",1
My bag came with a small opening. It has spilled all over in my box. Very unhappy about that.,1
Işinin gücü onun ve titiz yöntemiyle a .,0
"Hediyelik eşya , her türlü şekil , beden , kullanım ve fiyatlar ile ilgili olarak Fas tasarımlar , ve flamenko posterleri ile birlikte , düşük , geniş taç , geniş dökülmüştü söyle deri şapkalar ; el yapımı fanlar ; zarif mantillas ( özel durumlar için geleneksel dantel sallar ) ; ve botaş , yumuşak deri şarap şişeleri .",0
Ama şu ana kadar bir aylık bütçe ayarlamak için kendi kendimize tut başardık .,0
Tamam havanın nasıl olduğu hakkında konuşmamız gerekiyor hadi bakalım,0
"Bu stratejik kapasite içinde , cios bilgi ve teknoloji yönetimi ve performansı tüm bilgi yaşam döngüsü boyunca entegre etmek için başrolü alır .",0
Did not work. Would not calibrate or anything. Is not balanced. Dont waste money,1
"I'm at a loss with this book. Did it keep my interest? Yes. Did it disturb me? Yes. Did it have characters that stood out? Those are usually reasons that I like a book. However, this one didn't sit well with me. As a woman, the violence was reminiscent of a battered wife, and that I didn't like. So often in these stories, it is romanticized. However, there was nothing romantic about this. The constant behavior followed by a sorry followed by a repeat is unsettling. Especially, as I am drawn to dark romance. Maybe that is what didn't sit well with me. The fact that this didn't feel like fiction and instead felt as if it could have been an episode of Dateline. Hence my dilemma. I am intrigued as to the mystery but am not sure I can handle the abuse to get those answers. The only saving grace is the hat the author isn't explicit in the details either sexually or the gore.",1
"This was my child's favorite toy she got for Christmas... for 3 weeks. Then it broke in half. She is 3.5 and a confident walker, so this is not an issue of undue pressure on the cart. The legs snapped in half. Same spot and issue as almost every other complaint. It is not worth the money saved when it is only used for 3 weeks. Either don't get a shopping cart or splurge on a better quality one. Just don't waste your money on this one!",1
Menkul Kıymetler ve menkul kıymetler borsası,0
I usually take an extra large. These leggings fit but they are really tight around the waist. I never had a problem with any of the other brands--won't be ordering from Lush Moda again,1
Nerde yemek,0
I could not get the cover on my phone. Seemed too tight,1
"Update: They reached out and are sending replacements so ill bump up to two stars for now for the good customer service, will update again when the replacements either out live the old ones or malfunction again which ever comes first. Don’t waste your money on this received January 10 it’s now January 30 and two out of three wires are t working. I guess you get what you pay for",1
I ordered 2sizes because ordering over the Internet you don't know which is going to fit.thats why when I ordered 2 more shirts a different color andI then knew which size to get. I didn't like the dark wine color so I bleached them to get the colored I wanted.,1
Waterloo Boris ' ten piccadilly circus ' a kadar tüpü aldı .,0
"The curtains themselves are lovely when removed from the package. Unfortunately, they do not hang evenly. I purchased four panels and each one is a slightly (to significantly) different length and none of the hems are even. The result is that the hems on both windows are very uneven and unattractive.",1
Fit is small. Order one to two sizes larger.,1
The flavor didn’t disperse throughout. There were also rinds that didn’t pop and were very hard. Would not purchase again.,1
Hooks are rusty and not high quality. This is nice if you are building a tackle box for friends or family who you don’t want using your nice gear. That’s why I bought it. The lures have stickers on them instead of being painted.,1
I’m slowly realizing that glass screen protector’s and the new iPad pros don’t seem to mix. This is about the third I’ve used so far and while the cut outs allow the face ID to work properly the touch functionality of the iPad Pro is impacted by this glass protector. The Apple Pencil seems to work fine but using your fingers for anything is hit or miss at times. Swiping from the bottom is especially troublesome which is a big portion of the new button less interface. I would not recommend this protector or any glass at this time. I’m moving to trying out PET film protectors and hopefully the touch sensitivity is not as impacted.,1
Evet o evet bu kadar büyük bir sorun var mı bilmiyorum Dallas ' ta,0
"Ya W Trudeau ' ya anlatıyor -- bunu yapmak , aslında kesinlikle net -- hiç hoşuna gitmiyor mu ?",0
Very poor quality. I just took out the orange bib and realized that its already torn along one of the buttons. No way to contact the seller and complain. Will contact amazon to return the item.,1
They wore down easily but it got the job done!!,1
Peki bu konuda görüşlerin nedir,0
"Bir Teber grev kurtuldu , başka bir mızrağı savuşturdum ve sol kılıcının ucunu bir başkasının göğüslük kırdı .",0
Pretty dress but very thin fabric. Probably need to wear a slip underneath. But the price was right.,1
Bu doğru . Ben daha önce biriyle konuşuyorduk . Biri daha önce bu arama biri .,0
Yaş-Uygun .,0
"Perfect size and quality, thank you! Looks cute on my daughter.",1
Ok so I bought this for my daughter for daycare. This box is annoying the container portion gets stuck to the top like suction and impossible to open. I hope it never gets stuck at school during lunch.,1
Used once but fits well.,1
Nice quality but did not fit over my closet rods even though I measured and they stated that it could be used in a closet.,1
Krizin davayı abartılı sanmıyorum .,0
"Müdür otellerde , gruplar , dans ve kat gösterileri ile gece kulüpleri var .",0
O Colt ' u hiç ikisi ?,0
"The name Craftsman used to mean quality and durability. The tools carry the Craftsman name, but are made in China and are not much like tool of old. These Craftsman tools, with the exception of the jazzed up rubber covered handles, are the same as all the other Chinese tools, they're made from inferior steel, they work, but not for long.",1
"I bought this for my brother's birthday and he loved it! I liked how it came with tons of ammo, very cool gift.",1
"I am so disappointed with this seller. I have ordered this order THREE TIMES. One out of the three times i got the right part. ONE! I had to return that weird piece once already, and now the same thing happened. I dont even know what the problem is but i wish if the seller saw this could do something about it because it is ridiculous at this point Do not buy from here",1
"Ve bir şekilde tanımla , bu onu , en azından kendi zihninde , don cazar ile eşit bir şekilde .",0
Item came bent in the package. Cover had visible indentations along the width of the book.,1
Comfortable watch band.... great screen cover.,1
"I’m in love with this, this will be perfect for Nursing School but I only gave 4 stars because the rings should be bigger from the box and I feel you shouldn’t haft to buy bigger rings since you haft to buy all the add ins!",1
"Batı Avrupa ' nın liderleri yem nefes ile izledi , az destek gönderdiler ve merhametsizce venedik direnişi yıpranmış .",0
"Daha şaşırtıcı bir şekilde , 1890 ' larda degas için en önemli kamu etkinliği olan dreyfus ilişkisi , degas sadece bir köpek gibi değil , bir tane gibi davrandı , uzun ayakta yahudi arkadaşlarını kesiyor ve yahudi ordu subayı ' nın haksız yere ihanetle suçlanan Yahudi Ordusu ' nun suçu üzerine ısrarla ısrar ediyor .",0
Fits my tablet and I like the off and on when you close it.,1
Özellikler 2 . Bilgi teknolojisi satın alma amacı nedir ?,0
Not a shirt for me.. not everything looks good on everybody,1
"Ama eğer öyleyse , bu gerçekten etkileyici bir ölçekte kendini hayal .",0
"Ulusal tasarruf , hane , işletmeler ve tüm devlet seviyeleri ( Federal , devlet ve yerel ) tarafından tasarruf sum .",0
Assumed because I bought a set of 24 I would get 24. Put the box on my work bench till next oil change and come to find out only had 16 in the box. Open and check your order when you get it.,1
"Siyah taşlar , oyulmuş kaya platformu etrafında bir yüzük oluşturdu .",0
"Ayrıca bir gecede ein Gedi ' s MODERN KİBBUTZ HOTEL ' de , egzotik ağaçlar ve aldılar botanik bahçesinde seti .",0
Great kettle but rusted after 1 week of use. Returned it.,1
"Bought this rest to check the sighting on several semi-autos. This rest was adequate for sighting-in. It is some kind of plastic or polymer. It is lite weight. So, it needs to be held down with your hands and/or sandbags. The adjustments are very good. There was a very little bit of wiggle in the barrel rest. But, not a significant problem. I sighted 4 pistols, with 3, 4, and 5 inch barrels. One pistol has a laser sight on the rail. I shot two 1911 pistols with the trigger guard pressed against the barrel rest. Three of them were off a little bit. Now I know they are all accurately sighted in. I also have a Caldwell Lead Sled. That unit is excellent for rifles. It is steel; but still needs sandbags to hold it in place. This unit is a good value for the price and will do the job for you. I ranked it at 4 stars because of the lite weight. It would be better if made of metal with more weight. It still seemed well made and sturdy enough.",1
"Japonya ' nın militarizm öne çıkararak bu kadar etkili olan zaibatsu şirketleri , daha sonra tekrar ekonomiye egemen olan keretsu ticaret şirketleri olarak yeniden ortaya çıktı .",0
I bought this for my husband who's 6'1 and he did not use the hip strap because it was too high up for him but the backpack still worked great for a 2 week trip. I wore it sometimes too when we switched backpacks since mine was heavier (of course). I wish the thin hip straps were wider and better like a true travel backpack. They hardly offered support.,1
broke after a few months,1
"this its headphones its really good, my nephew its very happy, he's using it to play a game called dota 2, microphone its fine he talk with their friends.",1
Son zamanlarda hangi filmleri gördün,0
"Ancak o , bir dereceye kadar , eşit bir fırsat ile Kosova ' yı Kosova ' ya yerleşme çabalarını da durdurdu .",0
"Biz vergi verenler , her uyanık anını ve muhtemelen hayal aleminde -- Microsoft ' u elde etmenin yollarını düşünen bir sürü avukat ve ekonomist ordusu çalıştırıyor .",0
"Evet , Memphis ' te yaşıyoruz ve eskiden louisville ' e gidip louisville ' e doğru yola çıkardık . Genelde Louisville Kentucky ' den oraya gideriz . Fast Food ' a gideriz . Çocukları dışarı çıkarın , onları kapalı bir alanda , oturup rahatla ve onları da izle",0
"Her iki taraf tarafından kaydedilen miktar , Varlık ' ın varlığın kitap değerini .",0
"Turist akını adanın etrafında bir bina patlaması ve gustavia ' in küçük başkentinde , bir resim-kartpostal limanı üzerinde yer aldı .",0
Sessizlik içinde gerçekleştirilmiştir .,0
"This product had been a life saver. I have chronic lower back issues related to stress. After using the TENS for about three days, I noticed a considerable difference in my mobility and flexability. I also had begining symptoms of locked shoulder. I began using this on the surrounding muscles and reversed the symptons. What a game changer.",1
"Aynı zamanda seks için bir metafor ve Tony Richardson ' ın Tom Jones ' un filminde kümes hayvanı yeme sahnesinde daha zevkli bir şey değil . Ancak bir tek yer var , denklemin tersine dönük olduğunu düşündüğüm bir yer var ki seks , yemek için bir metafor .",0
Bundle too small. Wouldnt recommended,1
Lid with clear slide opener was broken. Inner box with this cup in cane open and lid broke,1
Rochester New York ' tayım herkes ama biri Teksas ' ta,0
"Excellent transaction, as described",1
"My dog's love it. It was meant for one dog, but they share.",1
This seemed like a great set so Im giving it an extra star but it didnt fit my sink even though it said it should.,1
My package was not delivered to me,1
"Very disappointed in this product. First of all, BOTH pillows I ordered were two inches shorter on either side than the description stated. I know because I measured, waited for any expansion, and measured again. Secondly, it is hardly a travel/camping pillow, because it compresses as much as a normal pillow would if you stuffed it in a bag. Certainly not self-inflating or compressing. Last but certainly not least, LUMPY AS HECK. I fluffed it, smooshed it, laid my head on it, left it out for a while and it was still like laying on a sack of peaches (not quite as firm as potatoes). And I would like to stress that I ordered two that were like this. Needless to say, I returned the product.",1
This was a good case for about 5 months. I use the the flap a lot to put in my vent and worked great!! Now after 6 months the flap in the back of the phone will not snap back into place when it finally does its an pain in the butt.,1
This case is super cute,1
Product fine for some exercises but not very good for working as a chair at desk level... way to short.,1
Sadece diğer araçlar işe ki büyü istediler .,0
Insanları yatağa koyuyorlar ya da onları hapları ki bir yerde kalacak ve kesinlikle izlemek için bir şey yapacak bir şey değil çünkü bazıları bu yerlerden bazıları iki kişi bile olabilir ve ayda üç bin dolar ücretle kalmak için,0
Iş yerinde çok daha fazla kadın rolünü fark ettim ki bu da iyi bir şey . Sanırım bir kadın bakış açısı ve bir şekilde iş yerinde idare ediliyor . Özellikle de personel tipi işlerde . Muhtemelen kadınların elinde daha iyi bir hamilelik yardımı ve böyle şeyler vardır . Kadınlar bunu erkeklerden daha iyi anlar .,0
"Bu kadar insanın içinden için çalışan bu kadar insan varken , kentsel varlığımız için mükemmel bir tezat .",0
"Received my display case today and upon opening I discovered that the case is broken and cracked on all four corners of the clear plastic. I don't blame the shipping because it's evident this case was broken prior to shipping due to the fact the broken piece missing was not even in the original package, the shipper had sealed the original package in bubble wrap so there is no way the missing piece could have disappeared during shipping.",1
Bay Inglethorp ' a karşı neden bu kadar sert olduğunuzu söyleyeyim mi ?,0
"Bu yaz küçük bir kamp gezisi yap , dağlara çık ve bir bak . Alabama ' da çocukken eskiden ymca ' da geri geri vardı .",0
"Color coding, room options and write in capabilities all make these very helpful. They aren't large though and I could only put 1 on each box so as not to run out so I wonder if the movers will see them.",1
Only an authorized dealer will have access to software downloads to update the module to make this functional. I returned it and had a shop install a different brand.,1
Uyuşturucu için idam cezasını onlar için uygulamak . Sadece çok sert ve sanırım tokyo da öyle . Japonya da öyle .,0
"Sounds good to keep pedestrians aware of your coming, but car drivers can't hear unless windows are down.",1
Görüşmeler 13 . Nisan ' da devam edecek,0
"It will be 2 years that I have had this on July 8 and it won’t reverse anymore. For the price, this thing should last 5 years with no problems. My 5 year old barely rode it.",1
"Renaissance Wax Polish , 200 ml THOUGH YOU SEND ME AN EMAIL THAT IS DELIVERED BUT I DIDN'T RECEIVE ANYTHING AND I COULDN'T FIND ANYWHERE TO ASK FOR IT",1
Köye vardığınızda kavurma eti ve kokulu odun ateş koku .,0
"Burada muhteşem tapınaklar , tapınaklar ve pagoda bulabilirsiniz ; enfes zen bahçeleri ; görkemli geleneksel şölen ; ve tabii ki , yaratıkların en çekici ve yanlış anlaşılmış , kimono kıyafetli geyşa .",0
Evet bu kötü bazen çocukların seçme şansı yok çünkü anne baba daha kötü yani çocuklarının önünde uyuşturucu yaparlar bu erkek ve kız arkadaşları çocukların önünde eve getirip onlara küçük köleler gibi davranıyorlar seslen seslen vur,0
"Kuzey Avrupa ' dan overland gelen dorianlar , edildi fethetti .",0
"The first one did not work very well. Returned it, with the courtesy of Amazon who refunded my purchase price. Ordered a second one and it works well. Very satisfied.",1
"The box came banged up but the spray itself is fine. I haven’t tried the taste yet, but I was pleased to see the spray nozzle is protected by a plastic peice you can take off and on.",1
"The colors aren’t as vibrant as on the pics, it looks a bit used, but the quality seems good though",1
I think the target audience is about 16 years old? Not a bad book in that context but doesn’t have the depth needed to keep an older audience interested.,1
"' bir kez daha , bu geçmişte kaldı , ' beyaz el salladı .",0
Does not stay attached to back when open. Felt on inside attracts lint and pet dander,1
"Beautiful dress but very inconsistent! I first ordered the rose colored dress and returned it because the color was more pink/less rose and size wise, it was slightly on the bigger size. So I returned and ordered the red 1 in xsmall and small. The extra small was tighter as was to be expected. The small this time worked better, meaning it wasn’t slightly big or anything it was actually fit to my body. Still had to return it because it has a small hole along one of its seams. I ordered a replacement, but something on the replacement is off. I feel as though the overall length of it is shorter and compromises on it elegance a bit. Here I am placing yet another order because if I can finally find a dress that fits well and isn’t damaged, is beautiful! I am lucky that my event is months out and have time to keep ordering and returning, but am a bit frustrated already.",1
it was to small but was taken back no questions,1
"These have not even been on an hour, they are all peeling off. Most temporary tattoos you have to scrub off.",1
Iki katına çıktı ve salıncak ve muhafızlar üçe katladı .,0
"This jacket is very pretty and well made. The sleeve, shoulder and jacket length were perfect but the sleeve width was pretty snug and the front didn't come anywhere close to touching in the chest. I gave it three stars partly because the fit ran small from my normal size (also my measurements matched the size chart for the size I bought) but mostly my rating is because the side slit pockets fell behind my hips rendering them useless. They were very noticeable as the lining showed each time I bent, turned or sat.",1
"609 Bölüm ' ün gereksinimleri , Nhtsa ' nin önemli bir sayıda küçük varlık üzerinde önemli bir etkisi olacağını mi bu kurala geçersiz .",0
Gao ' nun web sitesi ( www.gao.gov ) güncel raporlar ve ifade dosyaları ve daha eski ürünlerin genişleyen arşivi içerir .,0
"16 yy ' da Rönesans Şehri ' ne yol açmak için antik eserlerin acımasız parçalanması ile pio-Clementino Müzesi , Roma ve Yunan sanatının harika bir koleksiyonunu topladı .",0
"Eğer öyleyse , o zaman son derece şanslı olduğu için , yüzlerce kilometre boyunca tek büyük , Sandy Beach ' e iniş yaptı .",0
Benim zamanında çocuklara büyüklerine saygı öğretildi ve kullanılan yöntemlerin biri de adres formu .,0
nema ! hanson ağladı .,0
"The set I ordered came with two mounts. They don't swivel side to side so you need to know the orientation of the camera with the base of the mount before you mount it. Mine are mounted upside down to the bottom of my eaves so it isn't easy to line everything up when I'm working overhead. Second, the 'ball' on the second mount is very loose and doesn't grab even when it's tightened all the way. This makes the mount useless. The screws that were provided are cheap and wore out after the first time they were mounted. Overall I'm not happy with this purchase. I wouldn't recommend them or purchase them again.",1
"I really hate serial books. I want a complete book with a beginning and an ending. The book was good, well written and is just part one. Bah",1
"The handy convenience and mobility of this keyboard seemed great, BUT, once i put it to use it constantly makes errors when i push the letters or numbers it puts it 3-5 times on the screen. I am constantly going back correcting. So it take s a ton of extra time. Back to a regular keyboard until I have something better. I will be returning this one.",1
Olan şey ve cadılık ruhu gibi bir şey sanki kötü bir ruh o milletin üstünden geçiyor çünkü bu insanlar var güç aç,0
"Yahudi varlığına dair hiçbir iz yok , yine de bu beş-Bina , nal kemerler destekleyen 24 sütun , 12 yüzyıl Toledo ' nun ana sinagog .",0
Ve bu da yıl önceydi o yüzden ben de hiç denemedim oh artı artı bundan önce bütün sina yerine koydum,0
Peki biz bunu suç caydırıcı istiyoruz diye mi yapıyoruz yoksa mahkûmların hapiste kalması için para ödemek istemiyoruz diye mi,0
"The fact that they were so thin and after a few hours of walking with them on, the straps that goes over the toe broke and when I took my socks off, they were rolled up on the middle of my feet. I did not feel them break or roll to the middle of my feet.",1
"Hızlandırılmış Hatlar Kanal ' ın birçok yerinde bayan ; havaalanı motoru , Lido ' dan San Marco ' ya crosedirectly ' yi başlattı . O yüzden çantalarınızı otele bırakın ve 1 numaralı ters yönde atlayın .",0
"This bag is the biggest piece of crap! My husband used it for the first time traveling back to work - the bottom of the bag ripped open spilling all of the contents AND the handle broke off completely from the whole bag. Have to wait until my husband comes home to send the bag back to amazon and get a full refund. Don’t spend your hard earned money in this bag! Fabric is horrible, hardware are horrible - horrible bag overall!",1
"Geçen yıl Haziran ' da parsel nakliyatçılar derneği ile konuşurken , Servis ' in ölçek ölçek , diğer ulaşım veya teslimat şirketleriyle ittifaklar son km ' yi taşımak için önerdim",0
Cartridges did not properly snap into the printer and I was unable to use them.,1
Evet yaaa bende bir arkadaşım var o ders çalışıyor başka bir arkadaş hukuk giriyor ve o benim ben ben gerçekten çok merak ediyorum biliyorsun o sadece gidiyor,0
( önceki bağlantıyı özledim cook ve aba hakkında okumak için tıklayın . ) ) ),0
"The cap barely resembles the picture. From top to bottom in the back side it is 6 inches long, which covers my ears and easily reaches to my back. The front is 3 1/4 inches from the top of the visor to the top of the cap. It is snug on my 7 5/8 diameter head and it should be warm for the very cold time of the winter.",1
This item was sent to me damaged. It seems as if it was already worn. Don’t waste your money on it.,1
Soru biliyorsun,0
Adrin ürktüm ve omzunu iki kez yuvarlandı .,0
Love this . My baby looked awesome wearing this tiger romper. Excellent looking and good product .,1
"Ziyaretçiler genellikle dört ana adaya , oahu , maui , kauai ve Hawaii ' nin Büyük Adası ' na hapsedin .",0
Öyle biliyorsun ki ti için çok reklam göremiyorum,0
"This product does help with dry skin. However, I didn't care for the scent or the consistency. I'm sure it works well for others, just not with my personal taste.",1
This is SO worth the money! This is something that our entire family uses and it's great for summer fun!,1
The author does a real good job with the characters and how she describes them so perfectly. You can imagine being there with them as they are doing great one minute and sad the nest minute. Sorry that she had a miscarriage as bad as she wanted a baby but always hope for great things to happen in the future. A great read.,1
"I really like them they are very comfortable to wear and really helps my knees, the only think I dont like is that they are long for my but then I am on the short side, but all in all a great buy.",1
Zaman ve teknolojik gelişmeler deniz fenerini geçti ve Verne ' in hayal hayal neden yakaladığını görmek zor değil .,0
I love Mora blades and give them out to my students regularly. This last batch I bought were all faded and discolored. I have bought the Cyan Color before so I know what they were suppose to look like. This new batch was baby blue with a yellow tint. I contacted Mora directly via their website and they never got back to me.,1
"Iş ve bilgi teknolojileri ve yönetim liderlerinin , ortak bir iş vizyonunu gerçekleştirmek için bir araya gelip birlikte çalışma ve iletişim kurması için iş ve bilgi teknolojileri ve yönetim liderlerinin yeteneği kolaylaştıran resmi mekanizmaları ve yapıları evlat .",0
Içinde küçük bir ışık noktası çılgınca bir şekilde ileri geri dans etti .,0
Ordered blue got a white one. So picked color for no reason. but seems to work ok.,1
"Etrafındaki havayı emdi , nefes de ciğerlerinde yandı .",0
"I just received this. What a bad and boring print job. The paper is cheap and all of the photos are black and white and fuzzy -- very deceiving since the front and back cover are in color. The table of contents was supposed to be highlighted and it's all dark grey, so it's hard to read. It's going back.",1
"I have been using this product for years usually opting to purchase in stores needless to say I’m familiar with the product. I recently had trouble finding it in stores so decided to buy online. The product received had an awful plastic/chemical NOTHING like it normally smells. I figured it probably got warm upon delivery, but after using I found even the consistency was different being more watery than the norm. After noticing my hair was drier and feeling uncomfortable with the inconsistencies I stopped using the product. I WOULD HIGHLY RECOMMEND AVOIDING THIS PRODUCT.",1
"The product was to replace a previous unit I had and it worked just as well as the previous one. Only beef I had was the shipping was managed by Landmark Global and the delivery person just left the package outside the side door of my home - not even within the screen door of that entry, but outside on the driveway itself - very disappointed and disconcerting.",1
"Montmartre geceleri canlı , au lapin çevik gibi ünlü kulüpler ile .",0
"Iki , dört , altı , sekiz ' den , devleti parçalamak için ne kadar rahat olursa olsun , güller kırmızı , menekşeler ise kalabalık teşvik .",0
' ne hakkında ? ! ',0
"Bu arada pek çok üye , ulusun işletmeleri kurucu , farrakhan ve en yakın danışmanları refah içinde yaşıyor , birden fazla ev sahibi ve lüks araba kullanıyor .",0
"1789 ve 1815 yılları arasında şapel bir un deposu , yüksek rütbeli züppeler için bir kulüp kulübü ve Sonunda Bonaparte ' ın konsolosluğu için bir arşiv olarak görev yaptı .",0
Neden bu kadar olumlu biliyorsun ?,0
Yetenekli tedavi dolayı tedavi edilmiş sanırım doktor .,0
Not really very interesting story. Sorry.,1
Way too small for my 12 month old and 2 year old. Returned. It barely rocked. Disappointed!,1
"Can’t get it to register anything, tried different locations for the magnet and sensor according to the instructions “maybe they were installed in the wrong spot”.... just frustrated with dealing with trying to get it to work.",1
"ABD ' ye ödeme yapan ABD , neredeyse her sanayileşmiş ülke ' den daha az vergi ödüyor",0
This product did absolutely nothing. It didn't catch any fur what so ever (even when washing the dog blanket),1
It's aight help fall and stay asleep as for Testes don't notice any difference maybe it's just me..,1
"case is very nice, fits the poke ball plus nicely. The plastic case however doesn’t fit. Overall good for the price",1
The bra is lovely and exactly as pictures delivery was on time. But the package was too big for just a bra it came in a huge box which cost me alot extra on courier costs. But it's lovely,1
Fiyat yeterince büyük olsaydı .,0
Maliyet kesme hikayesi akla yatkın mı ?,0
item does not play! Request Credit refund !,1
Doğru ben uh sen bilirsin sanırım orta Doğu ' da bir çok insan özellikle sahte seç,0
Ben de iyi düşündüm bisikletimi gezmeler rüzgar sakin sıfıra yakın olacak dakika altı dakika sürecek eğer ben on derece daha sıcak olacak ama dakika sürecek,0
"Gazeteciler ve film yapımcıları , crack bağımlılığı ve uyuşturucu şiddeti dehşetini acımasızca yer",0
It's difficult to push the buttons on the phone with this case... wouldn't recommend.,1
"This makeup does stay on, but sometimes it goes on look a little chalky",1
"Bana burada ne veriyorsun : Pembe , parlak yeşil , parlak turuncu , parlak turkuaz .",0
"Her şeyin sağlam bir dış politika , sağlam bir milli savunma , Sırbistan ' a sağlam bir hava saldırısı , sağlam bir polis saldırısı , sağlam bir anti-Uyuşturucu politikası , sağlam bir kötüye soruşturması olması gerekiyor .",0
"Really wakes up the throttle response of my 2015 Chevrolet 2500HD. Its a day and night difference! Takeoff is smooth and crisp. Installation is really simple, and can be removed whenever you want without any issues. UPDATE: Product has been on my truck for 19 months and it no longer works. My vehicle started throwing codes for TPS and went into limp mode. Before taking it to dealership for repair I remembered the Pedal Commander. I removed that and truck is fine once again. No more codes.",1
"They are really nice and good material but, I’m not satisfied with this bc I order them brand new and they look like that and I’m sure they will get loses soon bc of the end not tight right. U can see in the pic.",1
"Evet , muhtemelen doğru sıcaklık ve şeyler yoktur . Muhtemelen çok fazla insan yok .",0
Bunlar yaaa yaaa ben nerede nerede nerede nerede evet,0
Fakir bir aile köyünden güneye geliyorum .,0
This is by far the worst item that I have bought via Amazon. The charger does not work. It charge my Apple Watch but not the phone. I wish I kept the packaging of this product. I would’ve returned this if I could.,1
"Şimdi , bir kaç dakika önce , komisyon ve posta hizmeti farkını , hacim ile ne kadar farklılık farklı ilgili olarak konuşurken hatırlıyor musunuz ?",0
"Package had a musty smelling powder inside it, on box had a large amt and the other had a small amt of the powder. Not Good!",1
Did not work never buying again,1
"Bu talihsiz şartlar , Las Vegas ' ı 3000 sakinlerini daha fazla destek küçük bir çöl topluluğunun durumuna olayda tehdit etti .",0
"This lamp is not at all orange- despite what the picture shows, it shines bright white. It's not the shape pictured in the listing, as you can see. Also, there is no dimmer switch, or any switch at all, for that matter. All that came in the box was the lamp, a glass dish to set in the top, a leaky bottle of lavender oil, and a USB converter, so you can either plug it into a USB socket or a two pronged outlet. The wood base is nice, but has an over-sized piece of vinyl glued to it, so it doesn't ""hide"" under the wood. I turned it on for about three hours, and it didn’t get hot enough to make the oil drops I put in the cup disperse. Very disappointed. If you want a salt lamp, try one of the more expensive ones.",1
Grandkids really enjoy dressing up. Bright colors,1
Arkadaşlarından bir öneri onun ilgisini çekti .,0
Bir footmark işareti değil. terkedilmiş evin etrafında dolaşıyordu .,0
"This came noticeably second hand, already opened and taped over. Very disappointed.",1
Really strong tea tree smell. Minimal lather.,1
Ah-ha öyle görünüyor ki daha vicdanlı vicdanlı vicdani var o seçim olsa,0
"i like these plastic ammo storage containers. They are obviously not as heavy duty as the metal ones, but I don't have to worry about the lids banging nearby furniture. It stores a good amount and keeps it safe and dry. I'm a fan!",1
Giza ' da piramitlerin her gece ingilizce ' de bir gösterisi vardır .,0
"Bir kaç yıl içinde port Royal , kale çevresindeki kasaba , Karayipler ' deki en gürültülü ve ahlaksız şehir olarak bir itibar kazandı .",0
"Ordered for the wrong golf cart, but with a minor modification we were able to get it to work perfectly with our 2009 Club Car. Overall it is great! We are happy with this item.",1
Terrible. I ordered 0.5 it was sent 0.7 mm size pens. I want you to send me 0.5. Please correct your mistake,1
The boxes are ok although they do break easily,1
"Defne ' nin muhteşem manzarası ile üst terasta başlayan , saat-uzun rehberli tur ( ingilizce , Fransızca veya almanca yürütülen ) , en üstte kilise , manastır ve yemekhane ' nin üç level arasından sizi alır ; salle des Chevaliers ( Knight ' s hall ) ve salle des h ? ? TES ( misafir salonu ) ortada ; ve altında ve almonry altında .",0
The silk liners is very nice however the cap slips off all the time,1
"Başka bir kaynak sheen ' in şekil - , ölüm ilanını baskı an meselesi olduğunu öngörüyor .",0
"Sıcak , tozlu , ve gürültülü ; yolları sık sık trafik ; toplu taşıma sistemi kaos içinde en çok yer alır .",0
"The way the description reads on this, I thought I could run 2 different lamps at 2 different intervals but that isn’t the case. You can run 2 things but they have to be on and off at the same time. It’s very well made but didn’t serve the purpose I needed.",1
Yudum .,0
kendi benim .,0
"The volt-meter is handy, but the 2.1amp USB charges phones extremely slowly... I can't fault the product or the seller because it is listed as a 2.1 amp, I just didn't realize HOW slow it would be.",1
Stark bunu iyi planlamış .,0
"I ordered a medium and received a size xxxl. I returned it and didn't bother ordering from this seller again. There's quite a large difference between M and XXXL, I don't see how that mistake could have been made. I'm still waiting on my refund.",1
Look just like the picture on thing there is no grip at the bottom of the shoe I went and purchased grips for bottom of shoe,1
I like that these are bright enough to see and not so bright they blind everyone,1
"West , ne de olsa , al sharpton ve Michael Lerner ile aşamaları paylaşım başardı bir adam , ama aynı zamanda ( bildiğim kadarıyla ) değil .",0
"I like this product, it works fine but it lasted 3 months and broke. It’s the second time that I buy and the same thing happens. They should at least sell the mop by itself to replace .",1
Susan insanlar arasındaki gösterimleri geçebilir .,0
"Katılımcılar , tek sayfa denetim fikrinin , şirketlerin istedikleri güvence seviyesini elde edebileceğini denetim sonuçlarının sıralı raporlama ile değiştirilmesi gerektiğini de öne sürdü .",0
"Veriler ( 1 ) tam olarak ( 1 ) tamamlandı ( nişan için gerekli tüm veri unsurlarını ve kayıtları içerir ) 2 ve ( 2 ) doğru ( Kaynak ' da girilen verileri vardır veya eğer mevcut , kaynak belgelerde ) .",0
"Pro Bono Enstitüsü Başkanı Esther Lardent , büyük hukuk firması ' nın pro bono çalışmalarını gizlice takip eden Pro Bono Challenge ' ı yönetir .",0
Ah o git bütün gün iş yerinde ve eve gelmek istiyorlar ve biraz sessiz istiyorlar,0
Reading this book will have you guessing what will happen next. And of course the Cliffhanger. I just couldn't put it down. Sterling is so far deep in here that you don't know what to believe.,1
Like to say the headphones sound great. The earbuds fit in the ear nicely and everything is comfortable overall. My only problem and why I have gave this three stars is simple. Voice calls suck. Like really bad. People can hardly understand me and it's unfortunate because that's the main task I have for these headphones when I'm not listening to music. Battery life is good and connection was easy. Phone calls are just plain bad. That's my thoughts on this device .,1
A little tight but ok..good quality,1
"Pros: Really good stand, the lighting is great and the effects are you can have for it are fantastic Cons: This is a big deal for me, when I have this AND my headset plugged in, either by USB on my tower or connected through the stand itself, it disables my headset and I can't use my mic when this is enabled. Really frustrating that I have to unplug the stand in order to talk to people",1
"Lodge Gates ' te döndü john dedi ki : korkarım burada çok sessiz bulacaksın , hastings .",0
"Wong , onun kararlarının her zaman arkasında sağlam bir temeli olduğunu , hangi partinin olumsuz yönde etkilendiğini söyledi .",0
Intikam çok tatmin edici değildir .,0
"Gerici soylular için kral , kalıtsal durumunun kefil .",0
Dün bahsetmiştin bugün onun kapanış bölümünü al .,0
"Örneğin 1985 ' de rced , içişleri bakanlığı ' nın yönetim ve Bütçe Dairesi ' nin dairesel a-76 ' i nasıl uyguladığını , tüm uygun hizmetlerin özelleştirilmesi ile iş soruldu .",0
"This wasn’t that expensive but regardless it’s only been a week since I’ve owned it, I haven’t pulled or dropped it for it too already be falling apart. The strap that hold the case together is already coming off the seams and it’s going to start looking dirty and worn out. Literally only been a week.",1
"Everything was great,no problem with delivery etc...Ordered a few other things,outside the packaging I'm extremely pleased with the products...Will def be using again.",1
This is a great product! I have felt that the quality is excellent and the price is affordable.,1
Should have read the reviews. Worthless for the vehicle listed as being for.,1
"O zamandan beri , neredeyse her hükümdar , Holyrood ' de vakit geçirse ( ya da düzenlenen ) .",0
Stays hot or cold for hours.,1
When arrived serveral keys were already broken. However otherwise it’s a pretty good beginner keyboard.,1
"Günümüzde Körfez , her türlü yat , balıkçı tekneleri , yelkenli tekneler , feribot tekneleri , cam alt tekneler ve hatta şehrin tam teşekküllü bir akdeniz tatil beldesi haline gelmiştir .",0
"Bu eşsiz ışık , en sıradan küçük kare veya yan sokak ' a bir fosforesans getirir .",0
"Dünya ' da , kaynağını bilmeden , ( parça ) Mozart ' ın değil , Britanya ' nın yeni bilim adamı ile övündü , bu konuda hiçbir uzman yok . Her ne kadar başa yapay zeka algoritmaları şaheserleri üretmek da , sonucun salieri ' den daha iyi olduğuna dair söz veriyor .",0
Masa Düşüşünü Duymadın mı ?,0
This stool sucks. I've had it only 1 week & The wheels lock immediately after you unlock them & sit on it for a minute. It won't roll.,1
"Tüm mesleğe endemik , snider temel olarak zengin olursan , avukat tutarsın ve eğer fakir olursan , bir tane tayin edebilirsin .",0
"It helped a little, not nearly the amount of effect I was hoping for.",1
Just as it look in the pic. Grey color.,1
Love these jeans they are amazing!! Great fit and stays true to your body!,1
"Alt katta komşu aaron whiteheard dedi ki , bir gece , çocuk gibi sesler duydum ...",0
"First let me start off by saying the product came early, which is always a Bonus. The reason this gets Three stars. Comes down to the fact that upon arrival the item is damaged. A deep scratch on the smooth plastic. Along with one of the four pegs broken off. It's still usable which I will keep it since I have two four-month-old kits. One just drinking the water and the other one trying to fish for my fishes. BIn the future, I suggest you try to pack differently.",1
"Received this light set as a gift from my daughter and am impressed. Exceeded most expectations: better quality, replaceable, available bulbs, when one goes out, others stay on, provides satisfying illumination at night to enhance your patio time with friends--but not blinding. I used cable ties to secure the set to umbrella supports. Only complaint is that the plastic clips attached to each lamp base are flimsy--they stretch and break easily. Otherwise, this is a five star item.",1
Just like description,1
"It’s not for everyone. Has a great smell and exfoliation, but feel it’s way overpriced for what it is. Probably will not buy again.",1
Federal soruşturma bürosu ulusal suç bilgi merkezi,0
"Zach was a sexy, brooding, tattooed motor cycle riding specimen who worked in a lumber yard. With a body that proved it. He was emotionally closed and because of his bad boy appearance, got plenty of women to use at his disposal. Now that trait seems to turn some readers off, but what they neglect to realize it that he could not use these women if they were not throwing themselves at him. An unattached, uncaring man will take easy sex if for nothing else than a release. As Zach says, those women pretend they want a one night stand, but in morning's light they can't face the truth. What they really want is to change the bad boy into the man of their dreams. Not going to happen. That's why he was so intrigued with Paige. Yes, it was evident that she was attracted to him. However, she made him work to get the panties. He had to take her out a few times before she gave in to her desires. Not just that, he wanted to know more about her than just how she acted in bed. Zach and Paige were made for each other. I hated that she had to deceive him, but at least she was looking for the truth. I figured out about Blythe and her mother early on so that part wasn't a surprise. I was happy with the ending of this story and look forward to reading the next installment, which was free at the end of this book! Woo hoo!",1
Sıcak işe dönünce herkes ona gizemli bir şekilde baktı .,0
Oh bahse girerim iyi karışık,0
"They look nice, but have zero function. I ordered two different colors...so,presumably not from the same batch...and they were both rejected by both the iPhone 7 Plus and the iPhone 8 Plus.",1
"I am not sure if this product is working, i have used for two nights and there are no bugs trapped on the sticky board...maybe my home is pest free of flying bugs!",1
"I love this set! It was everything I wanted it to be, the perfect size for my bed, and so warm!",1
Fantastic psychological thriller. Grabs you from the very beginning and never lets go. Will definitely read other Shalini Boland books.,1
Olacağını Biliyordum !,0
115 milyon yıllık olduğunu ve dinozorların sıcak kanlı veya soğuk kanlı olup olmadığını hakkında tartışmasına katkıda bulunmaları gerektiğini söylüyorlar .,0
"received a case for the iphone 6, case is very flimsy, returned right away",1
"Placed both units. Instructions are printed in -2 font, impossible to read.",1
Buradaki sahil tamamen ıssız bir yer .,0
Tüm silahlardan kurtulmak mı ?,0
"Sound not so clear, but other line can hear you just fine. Easy to operate and allows more the one Bluetooth device to be connected.",1
"This book is an absolute dream! The pictures are stunning and so beautifully created. I felt so inspired reading not only the recipes but the lovely stories in the pages of this book. It offers so much more than recipes and tips on foraging, it offers excitment, wonder and intrigue to those looking to be inspired by nature. To anyone concerned with the the tips on consuming raw ingredients, I would say do your own research! What works for someone may not work for others. Listen to your body! The author offers what works and is loved by her and her family. I have consumed many raw ingredients from nature and am perfectly fine. This book is a must!",1
"I bought the filter to deal with the iron in our water, which stains the shower. It reduced the amount of rust, but does not eliminate it and I still need to use a rust removal cleaner on the shower.",1
Short and to the point,1
This was a perfect book to began and continue my education on investing in the stock market. I am so happy with the quality of the information and the affordability!!,1
"Londra bağımsız , Türkler ' in [ Kürt ] PKK ' yı ABD saldırı helikopterleri ' ne , depremden 24 saat sonra Türk sivillere saldırı dikkat çekti .",0
Ve Çok um ama hayır dedi dünya ' da bitki her zaman olduğu gibi biliyorsun çünkü hep bir bahçesi vardı ülkede,0
The size run small...the snap buttons are delicately mounted...easily dislodged or torn off if not extra careful.,1
Had to make a couple of passes on some chip bags and it can be hard to get the edges but overall not bad,1
"Önemli Raporlama Sistemi , lsc-finanse edilen programlar içinde önemli bir varlığı temsil ediyor .",0
"Pigalle ' nin geri kalan kısmı , belli büyüleyici bir glee ile alt derinliklerinde tokmaklar .",0
My bung hole likes this tp,1
300 metre üzerindeki gözlem güverte manzara panoramik ama emeğe değmez .,0
"I loved this pencil sharpener when it arrived, however, after only 3 1/2 months it no longer works. Add funds to the price of this one and buy a better quality sharpener.",1
"While the order was delivered on time, the packaging was open and missed all erasers. The only reason I did not returned it back that I had an order for additional erasers, but be careful what you are shipping. So, it is probably more to the packing department not the product itself, but I am not happy receiving open/damaged packaging.",1
Mikroskop altında hokey oyunu oynamaya karar verdiler .,0
"Tabii ki , genel olarak bilinen. john yansıyan .",0
Only reason I didn’t give it 5 stars is the price. It made me feel better right away and I believe it is helping my daughter as well,1
"Yukarıdaki = = = göreceli ve para kazandıran fayda ek olarak , bir çok ek kategori şu anda kromozomu veya değerleme için uygun değildir .",0
Hangi durumda iyi olduklarını biliyorsun belli ki bunlar negatif olarak kayıt ediliyor eğer altında olursan yasal nitelikli tıbbi bakım um,0
"Büyük ihtimalle sizden farklıyız . Burada Meksika ya da tex-Meksika ya da öyle bir şey var ki en favorilerimden biri olmak için dışarı çıkmak . Yeni yer ah bu oldukça iyi , ' o yüzden ben dışarı çıkıp yemek yerken savurganlık yapmayı severim genelde dışarı çıkıp Meksika yemeği almak ve bir sepet cips olduğundan emin olmak için masaya olsa",0
Bu Bay Brown ' un değişmez açıklaması !,0
", baş bilgi memurları veya baş teknik memurlar ) , üst düzey üst düzey yöneticiler arasında yaygın sorumluluk .",0
"Ama şu an yapabileceğimiz bir şey yok. hanson yine kapıyı açtı , Nema ' in hızlı çatık kaşlarını rağmen , ve kendine baktı .",0
works well. i love it.,1
Pockets are very shallow. Big enough for a wallet. Always checking my pockets when wearing these shorts to make sure I didn't lose it,1
Kuzeyli tökezledi ve barik sert kesti .,0
All Super cute! Don’t think about it twice,1
Her gün baktım louisville ' de vardı ve bilirsin daha ucuz yerler vardı ama öyle,0
Önce maggert yok oldu,0
Love the heater-fireplace there was some damage from shipping but i was able to hide it,1
Ama şu an kar yok bence biz ne zaman kar göstermeye başlıyoruz ki umarım çok yakında yaparız çünkü bir zamanlar benim ne iyi kâr paylaşımı yaptılar ben buna malesef,0
GTI caps came off the top almost immediately,1
Very nice. Light weight and they look so much better than the rope style,1
"Paris Üniversitesi ' nin Gözlemevi ' ne , stratejik volkan izlemek için stratejik olarak tünemiş .",0
"Gulmarg , 52 km ( 32 km ) Batı , deniz seviyesinden yaklaşık 2,653 m ( 8,622 FT ) dir .",0
"Örneğin , bir anlaşmanın yasallığı , sözleşmenin herhangi bir düzenleyici inceleme olmadan kabul edilip gerçekleştirdi , veya bunun yerine posta oranı komisyonu tarafından etkinliğini önce bir tür değerlendirme için teslim bağlı olabilir .",0
"I bought the curtains and the matching quilt for our bedroom! I love the pattern and the brightness of the colors. We have gray walls and teal carpet, so this set matches beautifully. The curtains are lined, so I feel they add privacy also! I was able to hang them right from the package because they were packaged so neatly! Love, love, love this set!",1
"Farklılıklar üzerinde yaşamak yerine , kamu ve özel cio örgütleri arasındaki belirgin ortak zemine odaklanmak için çaba çabaları daha faydalı oluyor .",0
Mimic is a great series Enjoyed them all,1
"Başka bir ab ülkesine seyahat ederseniz , eve dönüş için son nokta kdv iadesini ödemeli .",0
Bir saniye bekle -- hepsi değil .,0
Bugün ışık sürmek istiyorum .,0
This is not a 3D item but I knew that before ordering by reading the reviews. It’s a great night light for older age kids or young adults. My son loves it he’s age 14.,1
Evet bütün hafta boyunca çimlere ot spreyi atmaya çalıştım ve kırk sekiz saat içinde yağmur yağacak diye,0
"( poz orijinal aslını görmek istiyorsanız , AVM ' yi , Jacques-Louis David ' in 1812 Napolyon ' un çalışma odasında asılı olduğu ulusal galeriye cross . ) ) )",0
"Bu kurallar çerçevesinde , özellikle kar izin , , posta servisi kâr artırma bir firma gibi davranır .",0
Ira Magaziner ' i asla dinle düşündüğüm dört kelime ile ifade edebilir .,0
Cmp Teorisi çok basit geliyor ama bazı dikkate değer etkileri var .,0
"Kompulsif kumar sorununu , sanayi entrika ziyade psikolojik anormallik suçlayarak medicalizes .",0
"Bu bir zamanlar , Berlin ' in Pergamon Müzesi ' nde ikamet eden helenistik heykelinin en iyi mevcut örneklerinden biri olan tanrıların ve devlerin savaşı ' nı anlatan olağanüstü bir duvar efriz dekore edildi .",0
I love this fridge i mainly use it for beverages. But the crisper i use for extra space and it does freeze ice cubes. It is styled perfect.,1
Mic that clips on the shirt gives me fits every now and again but I found the sweet spot that works and for $24 I'm not too worried.,1
Ama bunun için en az bir gün lazım olacak .,0
"Ama emin değilim , hiç bir hakim ' in , bir insanın kendi başına hüküm verdiği kesinlikle katılmıyorum .",0
"Vücuduna göz attı , bir gün önceki bir kaç saatlik katil işçi işçi bir şekilde sağlıklı derin bir tan geliştiğini fark etti .",0
"Too big for espresso spoons, but go with gold trimmed espresso cups",1
The temps do not match what other temps give. I would hit a spot first time it is once temp the next time it is a totally different temp and never has given close to same temp twice. Next time ill spend a little more money to get a better product.,1
"I first wasn’t going to try this product, but I’m so thankful I did. It truly helped my pain in my joints. Will be buying more.",1
"The bottoms of this swimsuit fit great; however, being a busty woman the top lacks the coverage I need. I did decided to keep the suit and find another top to wear with it.",1
Love this rug. Great quality and cozy.,1
"Eğer değerlendirme süreci ttt uymazsa ajans , satıcıları kaybederek başarılı bir teklif protesto daha büyük bir risk teşkil eder .",0
Love the variety and pups seem to enjoy!,1
Kesinlikle öyle ve sanırım burada ti ' de ya da var .,0
These are kind of flimsy. They work but I'm worried they might not hold and a drink will spill everywhere.,1
Sistemler Bağlantı ( osi ) fonksiyonel,0
"Atık toksin testlerinde kullanılan seyreltme su , BÖLÜM 7 ' de detay su su gibi çalışma ve lojistik kısıtlamalar amaçları parçası bağlı olacaktır .",0
"Daha ziyade , çerçevenin uygulanması , gelişmiş yürütme dalı ve kongre karar ve denetim yoluyla son derece gelişmiş bir federal performans için .",0
Uh-huh ciddi misin,0
"These threaders are a little bit different than the samples I receive from my dentist. Instead of being needle like, they are belt like and very easy to bend when I was trying to thread it under my bridge. I am not sure how genuine this product is.",1
"This thing is amazing quality. Pretty much just for show, but I’m still going to use it for field dressing small game just because. Recommended",1
Bought this for a river float to use for a family of 5. The size is rather deceiving and it didn’t keep ice long at all. Even in a cold river. We opted to use it instead to keep snacks and sunscreen in instead. So it wasn’t totally useless.,1
I dropped it and it broke. My husband can usually fix anything but not this! It only lasted about a month!,1
I returned. Not the mg that is stated in the wording.,1
Won't work in my printer.,1
") dar sokakları ve yoğun caddeler , Çin ve eski otellere yansıyan çin tarihi ile maceraya ekler .",0
"One isn't tied tight so the beads slide all over. Definitely big enough for a man's wrist. I love one of them, the other one is basically unusable, so I basically paid $10 for one. Maybe I'll take the other one apart and re-purpose the lava stones?",1
"Bir geçiş oldu ve [ Klinik ] bazı boşluğu doldurmaya yardım etti , Doğu Bölge Üstün Mahkemesi müdürü deni butler .",0
Çocukların yanlışlıkla silah gittikçe çok fazla kaza var,0
bad acting and boring plot,1
no need to get under the edge of the toilet.,1
Ah sen bilirsin sen vergi ver en çok sahip olan insanları ve hiç bir şeyi olmayan insanları al,0
"Bina ev gibi oldu , açıkladı , ve o yüzden orada kimin yaşaması önemli oldu .",0
Pinochet İspanya ' ya iade edilmez .,0
"Dolma-Bahçe Sarayı ( Dolmabahçe saraye ; Dolmabahçe Caddesi , tel . 212 / 258-5544 ) 1853 yılında bitti , Sultan ' ın imparatorluğunun geleceğine olan iman cesur bir açıklaması olarak niyet , ama bunun yerine aptallık ve savurganlık bir anıt olduğu ortaya çıktı .",0
"Brunei Şefleri , metalleri Singapur ' daki Amerikalılar aracılığıyla takas etti .",0
"Beware, this product is not a true jack. It is a post popper.",1
"Kara aygırlar , Kuzey Atları ' nda tüccarlar çeyrek .",0
"Inşaat yönetimi yaklaşımı altında , sahibi bir projenin yapımını yönetmek için dış firma ile sözleşme yapıyor .",0
This product arrived in a cheap plastic bottle even though the description says glass bottle. Very disappointed and returning the 2 bottles I got.,1
Sürücüler döndü .,0
4 KÜLTÜR / tarihi görecelik,0
"Clip isn't strong, rubber tips came off after a few days, not easy to bend to correct viewing angle.",1
"These are seriously my favorite earrings EVER. They are even better in person. They are lightweight, yet good quality. The colors are amazing. I get so many compliments each time I wear them. I’ve never posted a review before, but I wanted to make sure that I shared how much I love these!",1
"The charger opening on the silicone layer needs to be bigger. I have to push up the silicone in order for the charger to fit. The silicone layer is soft and pliable. The hard shell layer is smooth, shiny and shows all smudges/fingerprints. The red color is nice. Due to the charger opening issue, I only used this case for a few days. It now sits in a drawer in case my other case breaks. Would not buy again.",1
"Tripod was serviceable while it worked but after a month the plastic on the phone holder started to break apart from VERY light use. So I have the tripod but I can't use it with my phone because the phone attachment broke where it connects to the tripod. If I had used this daily for months I'd be okay with it, but I've used it no more than 5 times and the plastic started breaking.",1
This is what I received today may 20th 2019,1
Tel Aviv birçok yönden yeni israil rüyası ' nın simgesi .,0
The download instructions are in Chinese. Best of luck.,1
"Saray ' ın zarafeti sadece iç avlu ' da , yedi turreted merdiven ve yakışıklı balkonu ile ortaya çıkıyor .",0
"Cheaply made... I returned these. They were a little narrow, and the material didn’t look like it would hold up well in winter.",1
For non stick this is the most impossible item to clean. Thumbs down. But it sure is cute.,1
Suç davranışının bedeli bu bireyler için de yüksek olmalı .,0
"Sol transepte , nicola pisano tarafından oyulmuş muhteşem bir sekizgen 13 yüzyıl kürsüden , oğlu giovanni ve arnolfo di cambio ' in yardımıyla .",0
"Very good read. I liked the premise and the characters. The book kept my interest engaged from beginning to end. Unfortunately, I found the climax to be a bit of a letdown. While it was exciting, I felt like the final showdown should have been a more personal confrontation between the heroine and the villain. Still, I highly recommend it, especially if you like the Steven King style of horror novels.",1
Biraz sertleşir ve daha düşünceli görünüyordu ama hayal kırıklığı yoktu .,0
Sen hala benim ben yerli bir teksaslı bu yüzden asla yerli bir teksaslı olamaz sen burada doğup var sürece asla teksaslı olamaz,0
"For the price, this cardigan will suffice. It's not made of sweater material, it's more like a weird t shirt. I suspect it might fall apart in the wash but it'll get me at least one wear.",1
"Ancak , bir süre önce kadınlar arasında kahvaltı zorla olduğunu , bu yüzden endişelenecek bir şey yok .",0
The protective seal was open and the product leaked all over the box. Lid already looked used and dirty.,1
"Pretty and all, but makes the phone bulkier.",1
Wrong color i purchased a silver set i received black also no bracelet unsatisfied with purchase.,1
I bought these as extra covers for my boppy in between washes. Truthfully I love these even more than my original boppy cover. They’re super soft! And not to mention a fraction of the price!,1
Bu kadar kötü bir şey olur muydu ?,0
Aswan ses ve ışık gösterisi 20 dakika uzaklıkta Philae Tapınağı ' nda yer alıyor .,0
"Product failed after two uses. Successfully pumped ~30 gallons used, warm, thin hydraulic fluid from drain tub 30 feet to collection tank during heavy equipment service using 1"" hose. Overheated and failed next service attempting to do the same with 50 degree used 30W oil. Also, the hose barbs are screwy sizes for US hose IDs and leaked because of that. Not a quality product.",1
Great product but returned because u need to be smarter then they say to understand,1
Constantly having to pure water to keep wipes warm and it doesnt get that warm at all,1
Great shampoo for my doggies,1
"Bulbuls , babblers ve minivets ' in en sevdiği musallat , bu dili kuş-izleyenler anlayan o .",0
"This is not a 6"" trim. It is a 4"" trim. Does not work for a 6"" fixture.",1
UM-hum evet onlar için para veriyorlar,0
"This mat is cheaply made and does not self-heal. It is impossible to make a hard, clean cut in the fabric because the fabric gets pushed down into the cut and gets stuck. Amazon should specify that this is for PAPER products only and is unsuitable for fabric. As described by the company: Since 1950, Alvin has been one of the primary sources for drafting supplies and drawing equipment. We are a national wholesaler who sells through an extensive range of authorized retailers throughout the United States, Canada, and overseas. We strive to meet the needs of multiple markets with our expanding range of fine art, hobby and craft supplies, our large selection of drawing room furniture, our wide assortment of exclusively-designed products, and our distribution of numerous national brands.",1
Bir sürü maddi yardım ve şu an olduğum yerde sadece mezun olduğum için mezun oluyorum ve okul harcı feragat ediyorlar,0
"Easy to apply, brush is small enough you don’t get globs of oil in your eye. Added to nightly routine.",1
Ne yazık ki tüm bunlar ilk milenyum ve antik iskenderiye ' nin ilk yüzyıllar bir dizi deprem içinde kayboldu . Şimdi de bugünkü liman sularının altında kaldı .,0
"Ancak genel olarak , ajans temsilcileri , Rulemaking ' deki kamu katılımını kolaylaştırmak için onu kullanmaya yönelik standart bir yaklaşım ihtiyacını sorguladı .",0
"Bu prototip ürünü sadece imalat personeli , üretim gezintiye ve üretim süreçleri kullanılarak inşa etme amaçlı ilk girişimi temsil etti .",0
"were cheaply made, some of the pieces were missing the magnets and some had rough surfaces being wood.",1
"Sadece çirkin , pis bir gölge .",0
Wood was peeling off. Returned it.,1
"This turned out to be not as useful as I had expected. The small ice cubes do fit into water bottles, but don’t cool very much. This is not a fault of th tray, but the physical limitations of the ice cubes produced.",1
Valla bütçe bu ailede hassas bir konu,0
We like that it’s insulated and we like that it’s unbreakable. It Is hard to press sometimes though. I don’t know if this is because the grind we are using is too fine? It is aesthetically pleasing. Overall we are very happy thank you.,1
Adorable! Wish they would have been full size. A little too small,1
"This is a good time travel romance, with a likable couple. I liked that this one had the man traveling back in time, instead of the woman. I also liked the way the time travel happened more than in the first two books in the series -- no spoilers here, but it just made more sense to me. I think this is my favorite of the series so far.",1
I had another pair I wore but they were looking rough. Glad I found these. Very comfortable. I will defiantly buy again.,1
"Junk. Fits the phone screen as advertised. Has a thin tape like sticker the goes around the border. That's what holds the screen on. While using the phone, the screen was constantly making a popping type noise due to the protector not actually touching the screen flush due to the tape/sticker that creates a gap. Also the touch screen didn't work as well unless you pressed harder. After an hour the protector just popped off. Tossed the second one that came with it in the garbage an ordered a different screen protector that's not glass.",1
it was ok - i waited long time to see how pest control stay away.. its still come around every once a while - i wouldnt buy those items again.,1
Bazı kültürel iç savaş .,0
Gökyüzü Parçası ' nın dengesiz ağırlığına protesto ediyor gibiydi .,0
Died on the first day. (Christmas),1
Tam tersi dava olabilir,0
I waited for this keyboard cover to come back in stock and am so disappointed. It does NOT fit the Logitech MK270 keyboard. It's about an inch too short.,1
Bu tarafta efendim .,0
Liked the product. But when I received product it was marked $4 less than what I paid. I called the sender and they would NOT budge on the price. Personally I though that was kind of Crappy! wont order from anything from them again for that reason.,1
"Olive Street yakınındaki görkemli buluşma mahkemesi aslen otel lobi ; buradan da , kaset tavan ile birlikte galleria ' ya giden ispanyol barok merdivenleri tırman .",0
Beautiful but not big like it shows,1
"Mesele , daha doğrusu , yönetimin sağa ya da sola ister daimi .",0
Evet doğru kesinlikle çünkü bunun doğru olduğunu biliyorlar fikir onların paralarını kullanmak,0
"I'm a huge fan of both Chicago and The Doobie Brothers. I watched a 2014 concert video with Chicago and Earth, Wind, and Fire. Each group did at least 45 mins on their own and then when they combined, the synergy was awesome. Expecting the same here with my 2 most favorite groups, but ... The Doobie Brothers join for 3 Chicago songs at the end and never perform anything on their own, very disappointing. Having said that, the audio mix was ... interesting, not great, not horrible, probably more one of those 'you had to be there' situations, but then what's the point of the DVD for those of us who couldn't? Really enjoyed the interviews, been a huge fan since they started 50 years ago. I enjoyed all the music in this concert, made it through the fan sing, great idea, may not have needed to be included in the DVD IMO, but great fundraiser idea.",1
"Burada dikkat etmek lazım , yolda gezenler olabilir , özellikle öğle yemeğinde herkes köyde bir bira ve sandviç için toplanır .",0
"Ancak çoğu turist , bir Türk evine davet , veya ülkenin daha iyi restoranlar birinde yer almadıkça sadece küçük bir Türk bulaşık maruz kalacak .",0
"Ama seçeneklerin daha esnek ise , en keyifli ( gerçi eşit kalabalık ) aylar mayıs , Haziran , Eylül ve ekim özellikle Roma , Venedik ve toskana için .",0
Belki gün ışığında daha fazlasını göreceğiz . Morrow ' da bir kez daha arama yaptılar ve istemeyerek de olsa evin bir süredir işgal altında olmadığı sonucuna zorla .,0
Hayal gücü geliştirmek seni bir çok başka bölgeye götürebilir çünkü sen kendi set şekilde bile bildiğin şeyleri görmek için aklını,0
These are not great. I bought them so I could decrease waste and the first one I used broke. They don’t easily go on square and rectangle sized dishes.,1
It took to long to to get to me,1
Would not suggest this product. These pads do not fit correctly and are not shaped properly to an arm or leg. Might fit a smaller child but I would not suggest these. I am unable to use them.,1
Astronom Takip etti ve kadının bekle rose ' un arkasında aldırmaz .,0
"Mus ' deki mus ? ? e camargais , bölgenin geleneksel yaşam tarzına bir göz atar ve sizi 3.5 km ' lik ( 2 KM ) ' lik bir yolda , bataklığın içinden doğru bir yürüyüş yapar ve pont ' da parc ornithologique de gaü , uzun yürüyüşler yapmadan bir kaç kuş türü izle sağlar .",0
"Rio Cobra ' nın etrafındaki düz seçtiler ve 1538 ' de , adı daha sonra st . ' e değişti . Jago de la vega .",0
They are easy to use but they bend easy and don't stick will to the candle bottoms. I have had to redo candles because the wicks came loose as I was making them. Very frustrating,1
Biri bir mağaza ve biri hızlı bir yemek yeri gibiydi bence tavuk veya bir şey bilmiyorum zaten kadınlara tecavüz ettiler,0
"This is my third blender by Braun. But this time the small chopper's lid has broken that has never happened before, and I was surprised that the warranty covers only the motor of a blender. The price for a replacement lid is almost the same as the price for the whole chopper attachment.",1
Buying again. Love it!,1
Caique gezileri de popüler .,0
En iyi yerler şehir sınırlarının ötesinde yerel parklar veya bisiklet dostu noktalar .,0
"Daha fazla çevresel veri mevcut ve bilim geliştirir , emisyonları düşüş eğilimi ile ilgili bazı çevre gelişme gözlem .",0
Iyi kaliteli yerel şaraba rağmen Türkler harika şarap içenler değil .,0
The flash drive is good but at times the Sandisk Memory Zone app on Android devices is unable to detect the drive.when inserted. Works good on PC. It gets detected if you delete the above app. The app needs improvement and must be able to continuously play music rather than just playing what is been clicked one after the other.,1
An easy and pleasant read with all the action any one could expect in a pirate story and romance novel.,1
Böylece Las Vegas ' ın bir yetişkin temalı parkı olarak itibarını .,0
I have loved Zerolemon products since my first battery with my old Note 3. I was excited when they finally got the QI ability with this pack. I will always buy Zerolemon!,1
The case seems nice but fits the 2018 iPad very tight. It also had a small tear in the leather I had to glue. Too much trouble to return.,1
I live the Quality and the speed I got my package in,1
"I like leave-in conditioners and chose this one mostly for the fragrance. Fresh and simple smell of rose petals. It comforts me and lifts my spirit. Not too sweet or powdery. Not as complex, heavy and perfumery as many modern products have nowadays. The list of ingredients looks safe and simple. Seemed too heavy for my fine hair at first but then I found the way to use it right. Customers with normal, thick or coarse hair should not have problems at all. Cannot say if this product stimulate hair growth. I only bought it as a natural and fragrant hair treatment.",1
Ama herkes çalışıyor ve çocuklarını gündüz bakım bırakıp bırakıp gidiyor ve ben bilmiyorum sadece istemiyorum sadece yabancıların çocuklarımı yetiştirmek istemiyorum,0
"Cool looking backpack, has many pockets for stuff, light weight and durable, perfect for travel",1
Ya da bilinen iki ilticacı .,0
"Ne olur ne olmaz diye , kişisel stratejik veri olarak adlandırılan dosyaları güvenli için ikinci bir şifre ayarladı . ' her iki şifreyi de cep telefonuna ekledi , ne olur ne olmaz diye .",0
Kapak hikayesi bir bebek boomer ' ın yaşlı anne-babaya göz kulak olma ilk .,0
"The book started out well and then just went on and on and on....... and never quite got to the point until I just quit reading it. I got to about 60% of the way and simply could not continue. I see where others have simply skipped ahead full chapters to get to the last 15% of the book. By the time I gave up my interest had simply disappeared. Too bad, could have been written in a much more concise and interesting format.",1
"Hayır , aslında bu biraz komik olan şey , gece saat ' de gidiyorum .",0
"Ödeme için yetkili faturaların yasal , düzgün , geçerli ve doğru olduğuna emin olmak için otomatik sistemlerin kalitesine a emin oldukları için hala sorumlular .",0
"Metrelik bir taşın etrafındaki taşıma iplerini ani ; Makaralar Zaten ' , kabaca plaited ipleri ipleri .",0
Ellerini uzatmış .,0
Ya ekonomik ilişkiler konusunda ya da korkunç bir şekilde foresighted .,0
"Nhtsa , 604 bölüm kapsamında son bir düzenleyici esneklik analizi yapmadı , son kural ile ilgili olarak 605 ( b ) sertifikası da yapmadı .",0
Onlarla konuştun .,0
Nice case but the vibrancy in the picture isnt what it is in person was disappointed,1
Very skinny & fits in small spaces. It’s very wobbly when pulling it out to access the items. It also doesn’t hold normal size items.,1
"Bu , Mailer ' ın teslimat sırasına bağlı bir adres listesi olması ve her parça için adres etiketleri olmasını gerektirir .",0
"Kadınların sert eleştiri yaptığını varsayarsak , erkek koç onun yerine pozitif takviye denedi .",0
"Senaryo ' nun birincil gücü , Edmund Morris , Reagan ' ın biyografi yazarı , mektupta 1995 ' lik bir yansıma ile , insan düşünce akışı , beyin ' den kaleme , göze mürekkep ' e -- her tereddüt , her döngü , her karakter ifade ile titreyen .",0
Works well but seems a little expensive for what you get,1
I loved the characters. I would have given it a 5 star rating but I felt like the end was abrupt and caught me by surprise. It didn’t feel finished to me. Otherwise great book though and I definitely recommend it!,1
Görünüşe göre hepiniz onu en sonunda ikna ettiniz .,0
"nice bags, but it is ironic, and counterproductive, that they were packaged in a plastic bag.",1
Did not see anything but the moon. Sent back.,1
Nothing like real pickle juice,1
These are absolute trash! I've had them for a week and all 3 of them are not charging my phone anymore. I'm frustrated. Do not buy. Waste of money. It tells my phone and iPad that it can't be supported.,1
"Bazı kuruluşlar için tasarım değerlendirmesi , sahibi kuruluşun kat alanı , fonksiyonel adjacencies ve bağlantılar ve bütçe için fonksiyonel gereksinimleri ile araya emin olmak için bir consultantprepared şeması tasarımı ile sınırlı .",0
Worked for less than a month. Now won’t stay on more than an hour. Changed batteries a million times,1
"Ayrıca kurulum için gerekli kaynaklar açısından en çok talep edilen , nox kontrol için kullanılan tek teknoloji olduğu farz edilmiştir .",0
"the seeds is good, i planting when i got them, and they don't grow flowers up to now. i will see them, four stars",1
"I installed these on my bike, on the first ride they vibrated so much it drove me nuts, when i got home I figured i didn't have the bolts tight enough so i tried to snug them up to get rid of the vibration.... I ended up snapping the plastic.",1
The elastic band for back of the foot wears out quickly and it’s a little too much cushion for little ones. And over priced. We ended up buying some house shoes from Walmart for $5 and she’s still using them months later.,1
"Basın , 1994 . ' de Jones ' un görevden alınmasının üzerine göğüs atışı yaptı .",0
The characters are great and the story continues to flow with the other previous stories from this series. Look forward to seeing more stories from this author.,1
Ya ben ?,0
"It makes no sense why the lid for a recycling bin costs more than the can. However, This one works great, I don't want an opening that bugs can get in so the one's with a round hole or slot were out. This one hinges and is easy to open and close. Why isn't it five stars? Why can't this be available in Blue?",1
"Arrived broken. Not cheaper than buying in a container store, from Store would not be broken.",1
I love the concept and all the bright sparkly swirly colors This brand offers. But for me personally it was too clunky I'm used to more flexibility in the soul,1
"Irs , Ulusal Hazine Çalışanları Birliği ' nin isteği üzerine 2000 yılında Gsa ' s ' e benzer bir program kurdu .",0
I got this to work on some stuff for my wedding. It takes forever to heat up and absolutely forever to burn the wood. I had to hold it in one spot for nearly a minute to get anything to show up. It took hours to write out just a few characters.,1
"The product looks okay, haven't used them yet, but was surprised that delivery would not be made to Canada, very inconvenient.",1
I had to return this item becuase it would not stop leaking water.,1
"Güle güle , efendim. ritz ' de , tommy birkaç eşyasını mekanik olarak topladı , düşünceleri çok uzak .",0
"The flavor was so sweet & strong - even after using 1/2 of the scoop, I couldn’t drink it. Disappointed",1
"Perfect, just what I was hoping for. Very bright.",1
Amazon wouldn’t let just rate it without a stupid review,1
"Dorcas ' dan , Metresi ' nin çanı ' nın şiddetli çınlama tarafından nasıl uyanmış ve daha sonra evi uyandırdık , önceki öğleden sonra tartışma konusu ile geçti .",0
"2000 yılında fonu tarafından düzenli olarak toplanan ve analiz edilen bilgilere göre , her gün New Jersey ' de tüm iolta avukat güven hesaplarının ortalama dengesi , herhangi bir zamanda 1 . TL idi .",0
Never buy an open source refurb,1
"My shade missing few magnets on few sections. The magnet is strong enough to hold in place, even when it's a windy day; although, the shade did not prevent ice built-up on windshield last winter in freezing condition. Its material did absorbed some moisture, which caused it to freeze as well. It is quickly to install, remove, and store it away.",1
Don cazar ya da bay topham kadar parlak olmalısınız !,0
"Was very skeptical to buy this item because of the price. Unfortunately I did not like the glasses, they felt very light and cheap and the Lenses weren’t dark enough. Also they fit a little to small",1
Vend ? ? Me Op ? ? Ra Madeleine,0
2 Yasal hizmetler şirketi v.,0
Çok iyi olmuş sandım,0
"This was bought for my 19 yr old because he is always losing his ID and I love that this case has the compartment for ID and Credit card, impact resistant should keep him from break his phone again.. CON is that it could be a bit more durable in material where the card info slides in.",1
"Basitçe şunu söyleyebilirim ki , eğer lind savaşa gitme kararının anlaşılabilir olduğunu kanıtlıyor , logevall , gereksiz ve akılsızca olduğu için en az gerçekçi bakış açısından tartışmayı sağlar .",0
"I made the mistake of buying these on my phone and did not carefully read the long winded title for the product. I thought I was buying what I was seeing... pillows. Nope only the covers. They seem okay, but I won't know until I go to the store and buy actual pillows to put in them. I wouldn't have paid this price for just the covers if I had noticed that.",1
Atık kağıt sepetinde hiçbir şey yok . Her şeyi yakıyor .,0
"Patron seni görecek , hemen ! Gittiler , kapının dışında durdurulmuş şekilde elbiselerini çekiştirip .",0
Fit well and don't ride up. Funky name but comfortable and unnoticeable which is what I want.,1
I love the convenience of the container and the easiness in how the top slides and comes back together at the magnet. Very nice.,1
Gives the cats hard stools and constipation will never ever never ever buy this again. I feed it to the pigeons now,1
"I had high hopes for this from the reviews. It is sitting about 16 inches from a window and I allowed the 14+ days for it to acclimate. We had a series of snow storms, a blizzard, freezing rain and varying daily temperatures shortly after receiving this. It has NEVER changed for any of the weather. Once in-awhile I will pick it up and shake it like a snow globe just so it will look pretty for a couple of hours, but other than that it's a waste of money. Disappointed!",1
"Antik sismik aktivite , katmanlı kayayı gökyüzüne doğru zorladı ve rüzgar ve frosehave hareketi onu garip şekillere soktu .",0
I liked it bc it was very easy to control my friends larger dog who is working on training to learn to no pull. Held her very well.,1
"gökyüzünü düzelt , yaşlı adam woodenly dedi .",0
While I'm sure the cup is great do not buy from this seller. When I ordered a new cup I received an unwrapped mug ( i know because ordered 1 from another seller and that was wrapped) . It had a retrun label stuck to it that then has to be scraped off. Shame on this company for selling a used product advertised as new,1
Sound OK but don't plan on using the hands free unless you want to yell. If I have the Mic side facing me 2 feet away still cant pickup my voice clearly. Waste of my money since it was the main reason I purchased. The only reason I purchased this one over others is I purchased to other sets of earphones and they work great. So headsets yes this speaker NO.,1
"Bireysel esnaf mağazaları artık burada değil , ancak ipek dokuma fabrikası , Seramik Fabrikası ve foshan halk sanat stüdyosu ' na , Çin fenerleri yapan işçileri , oyma heykelleri , boyama sahifelerinde ve karmaşık tasarımları kesme bak kağıt içinde .",0
"It only works for listening, my microphone quality was reduced to the point of uselessness whenever I'd try to use this splitter. I tried both a PC headset with stereo audio + microphone, as well as individual earbuds (meant for phones with mic on cord) on each female end of the splitter. It still did not work either way - the person on the other end could not understand what I was saying and I tested it on my own voicemail to see that the quality was indeed awful only while using the splitter. I received a free replacement from the seller, but it had the exact same problem. I bought a similar cable from a different brand, it works perfectly fine for my PC headset (it has green-marked and red-marked ends for stereo/microphone plugins). I will stick with that one instead.",1
Mevcut bilgilerin ilk adımı-veri ve bilgisayar işleme hakkında zaten bilinen şeyleri belirlemeye yardımcı olur .,0
"Bu etkileri çeşitli nedenlerden dolayı sol , ama çoğunlukla bu etkileri ve büyük belirsizlikler , ekolojik endpoints üzerindeki atmosferik emisyonları artan etkilerini güvenilir bir şekilde etken .",0
"Komisyon , katılımcıların tarafından büyütülmüş sorunlara tepki olarak yük tahminini de düzeltti .",0
' neredeyse hiç . ' ',0
"The case is great but as far as durability, my toddler ended the iPad two days after switching to this case, prior to this case it was in an OtterBox so I kind of regret switching to this case now, ipads aren't cheap",1
"I purchased 2 sets. I've used this cup only for a day, then I found there is water between two walls. There is no crack at all. How could it happened? Now I only can use 3 cups.",1
I had high hopes for this toothpaste but it was a very runny and does not taste good.,1
This tent is awesome!! Setup instantly and so convenient. Roomie and nice vents for air to flow through so it doesn’t get to hit inside. I highly recommend this tent.,1
This will break your skin down if it is not washed off.,1
"Bu sadece , eğer yönetim , aynı şekilde kabul edilen kişinin Vali ' nin ayrıcalığı olduğu yerde idare ederse önemli olacaktır .",0
They just didn't fit my granddaughter right,1
I made 2 recipes with this and both times it upset my stomach so not going to use it again.,1
"Ancak bilinen , önemli bir miktar olan diğer katkılar yaptı , bu gerçek ( Örneğin , toplam programın bir yüzdesi olarak ifade edilen ) , katkı tam miktarı bilinen bile şikayet edilir .",0
"I think it's working. However, I have also gotten two cats and am still setting out D-Con. I've seen a couple of mice since buying it - some recently. Maybe I need more units. The one I have is in my kitchen - near the D-Con - and I see NOBODY has nibbled on the D-Con......what in the world do they find to eat in the bedrooms?",1
"Honestly its an okay little computer, but just way too slow for my school work. You get what you pay for",1
The worst pan I ever had. After less than 25 uses the nonstick treatment is peeling off. Been using the brand for years in Europe and I have the impression that T-fal is dropping the ball with their products. For sure they lost a client in me...because I will not be buying again this brand. Zero stars!!!!,1
"O , menzil için bir tehlike .",0
My husband ordered these gloves & they tore the first time he used them. Would like to know how to return them. I had to give them a one star rating but did not want to.,1
"I had high hopes for these undies as they got tons of rave reviews but I have found that these do not wash and wear well and have a factory odor that I cannot get rid of. The elastic is coming out after two washes and I can still smell them literally the entire day I wear them. Being pregnant adding another weird odor is the last thing you want 🤢 Great concept, poor execution.",1
Wasn’t what I was wanting for my red foot tortoises. Makes things too dry,1
Hard to hook myself. Turned color fairly quickly.,1
Özel tepki olarak özel ne kadar etkili olacağını söylemek için çok erken .,0
Not really a good tool to urinate standing up for women unless you pull your pants down or you are wearing a very big pair of sweats or something like that. I got this thinking I could use it to go into a urinal. I'd just get a regular urinal and just make a snug fit with my own doing.,1
Even though I followed the instructions to clean the first time burn off any manufacture gunk. It still sticks to the grill. Not easy to use as I thought,1
Easier to use than previous markers since ball doesn’t move in holder,1
Not as comfortable as I thought it would be.,1
"Bu durumda şüphesiz ki , gerçek sadece çok sade ve belli .",0
"Muhtemelen bunlar , hoşgörülü bir ortamda barış görevi için alternatif bir .",0
Sorry! My daughters loved this case but it didn't last :/ it popped all the water out :/ I think it was the heat from the phones :/ but they were sad!,1
En azından ilk olarak,0
Not right size .... cannot find the size I need,1
"Alıcı , finans-Sözleşme kanca alındı .",0
"The color has faded. It went from a light pink to a tan color. I wear it in the pool, but I have with all my bands. This is the first where I have seen the color fade.",1
Doğru yap um-hum,0
"Purchased to deodorize a car. Following directions, did not run ozone generator for more than twenty minutes per session. Ran about 15 sessions, and then the unit ran out of ozone production. I was expecting much more ozone.",1
This product works great!! My cravings have been suppressed and I'm seeing changes in my body. Highly recommend!,1
Does not fit all key is only for trucks and suvs,1
"On me, the legs of these underwear roll up near the crotch and the back droops lower than I'd like at the waist. I need something with longer legs, but at least they don't have elastic legs that dig into you.",1
Iyi görün en sevdiğimiz tv show ı ben bir yurtta yaşıyorum ve en sevdiğimiz tv show cheers,0
"I like the product. I hung it a little differently with my own additions. It's not the size as shown in the picture. it's much smaller, so you'll probably want additional wall stickers to fill it out. Just hung it, so I'm not sure yet if ill have any issues with it sticking yet. Pro: good price, Con: took forever, came late",1
The buttons are really hard to press on this watch. My husband warned me that it was a small watch and the buttons would be hard to push. It's almost impossible to change or use the settings. If I had to do it over I would pick a larger watch with bigger buttons.,1
My daughter loved getting her own pink gun and bug to match her brother.,1
"Clinton ' ın , sadece oy olamaz insanları hakaret etmek için 18 yaş altı ' a kadar fikrini sınırlı öne sürdü .",0
Happy with this product. Use it on my granddaughters tablet and have no issues.,1
"Not sure if this is exactly what I need. Maybe I would like if the individual cubes could click in so that when traveling they are not all over the place. But with that being said, the labelled cubes made it seamless to stick them back in the container. I love that you can grab a couple for traveling etc. And I can keep track of the entire month and know when to update my prescription. Great product.",1
"Yukarıda belirtilen gibi remsad modelleme , açık gökyüzü ile ilişkili bölgesel ve ulusal görüş iyileştirmeler tahmin ediyor .",0
Not really a movie plays more like a promo for the game so it doesn't end,1
I had gymshark leggings just like this and they ripped so I bought these instead. They fit nearly exactly the same. The material is nice and buttery and very stretchy. Only real difference I see is they don’t do as well of a job as sucking you in at the waist. Probably 7/10 in that aspect but still totally worth it!,1
Great product w great price and fast shipping,1
"I've never used a more wonderful shower head! I liked it at first, but then I realized it didn't do much. I wanted soft water to help my hair but this filter doesn't seem to help at all. I notice a big difference showing in soft water and using this filter.",1
Not like the old version: too dry and stingy with the currant filling.,1
Şehrin organize bir turu ile başlayın veya bir seyahat acentası aracılığıyla bir rehber ile başlayın .,0
Elegant and works great for my little daughter’s room!,1
I gave this as a gift and it is very good quality. I just wish the clip part didn’t move. The clip on this lifts up and down which leads me to think it’s not very secure so he won’t be using that part of the wallet unfortunately.,1
Güzel yazlık zenginliği ile askham gerçek bir tarım topluluğu .,0
Lsc Yasası ' nın anayasal olarak korunan ifade fonları az şüphe olabilir,0
"Evet , çocuklar için büyük bir arka bahçesi olan bir evimiz var ve oldukça iyi bir beden ön bahçe",0
"if something spills inside it will leak if you don't clean it right away, not as roughed it says",1
O zamandan bu yana beş asır boyunca buda açık havada ziyaretçilere onun dağıtan .,0
Ama kötülük diğer özellikleri gölgede bırakır .,0
"It was surprisingly hard for my to find slippers that fit on like a shoe, so when I found these I was excited! They cute, unique, and rather comfortable to wear. They keep my feet warm without making them sweaty (which is always a plus!). Lots of people have seen me wearing them and have complimented on how cute they are and asked where I got them. XD",1
"Colosseum ' un 25 katı büyüklüğünde bir sitede , 250 odalı sarayın sadece 30 odası ziyaret edebilir ve sadece rehberli tur ile .",0
This is the only product that I’ve found that holds my iPhone 10 with otter box. Great product.,1
"S ' deki belirli hükümleri modellik . 556 , ama faydalı bilgiler , Senatör Smith , voinovich ve haddinden ' den gelen bir istek ile senatör jeffords ve lieberman ' dan gelen bir istek ile ilgili olarak yapılan analizler ile ilgili olarak ve eia ' in yürütülen karşılaştırma temin .",0
This cover looks great and neat on recliner until you sit on it. It then gets messy looking,1
Sabah erken mi gittin yoksa,0
Not what I expected. Cheaply made,1
"Bu avukatlar , tütün şirketlerinin bile hakları olduğunu ve kamu ilgi aslında bu şirketlere daha iyi bir pazarlık yaparak hizmet ettiğini olabilir .",0
Ve O zamanlar nasıl içtim .,0
"Bu büyüklükte bir rehber ile her ilgi alanlarına isim vermek imkansız olur , bu yüzden size , olmalı-görme sitelerinin ansiklopedik bir ilanı yerine ülkeye genel bakış genel nişan .",0
I thought these were bigger.,1
"Item is perfect, but i returned it. It was a gift and the person already had it. But the item is great.",1
Ihtimal dışı .,0
good product! purchased in 2016 and still using it.,1
"No instructions on how to use the can,",1
I don't think these work and they numb your mouth and you can't taste food.,1
Loved the idea but the product didn’t work.,1
Sanırım burada olduğun için şanslısın .,0
"This Air Mattress with Built-in Electric Pump, Sable Twin size Inflatable Airbed for Camping, Travelling, Overnight Guests, Height 20 Inches inflates and deflates pretty fast. I really like the inbuilt inflating pump. It is comfortable and perfect for one person. It can be folded easily to carry out or to store in a closet.",1
Cayenne biber mi yani,0
"Kettle çalışması için birkaç deneme yapmış , dikkat ettim .",0
Bir başka keyfi standardı daha şimdiden keyfi bir karar verme sürecine enjekte eden özensiz bir süreçtir .,0
I bought these replacements for a pair of Marley earbuds. They worked great!,1
My kids love dress up so this was just another addition to their collection and it's decent but not great. Thin jacket with poor stitching and the accessories feel very cheap as well.,1
Packaging was horrible as all the screws and washer were just thrown in the box and some are missing,1
We have an arts center and use the chalk to write on a board which we set outside so people know we are open. The chalk is great and easy to use. Cleans up like a charm,1
"Koro ' nun güney tarafında , ortaçağ ingiliz kralları ' nın en mütevazi mezarı olan , buradaki yazının üstünde arkalıklı , aslan yürekli olarak bilinen ingiltere kralı Richard ' ın kalbini gömülü .",0
Bu anne baba baskı okul sistemleri daha titiz olmak ve daha fazla ödev vermek için .,0
"makes you think, eye opener",1
Ama bir tık onu durdu .,0
A great finish to the story of the Defenders of Shannara,1
"OK, this piercing kit is good for the money. I ""practiced"" on my husband first and only had to put three holes in the first ear to figure it out. He is a Retired Marine, so he is tough and could handle it. Once I got the placement right it was easy, but then on the hole in the other ear, the stud got stuck in the little hole that holds it into the gun, and I nearly ripped his ear off. Thank God for Marines. I finally got the hang of it and two more holes in my right ear, and now I'm just thinking about where else I can put a hole. Wouldn't my dog look cute with earrings???(Just kidding. I would NEVER do that)",1
"A little snug for my 15 lb. Pomeranian, but he doesn't seem to mind it sitting up. He is hesitant to lie down in it but will if I tell him to. The backpack itself is not heavy, so the weight is bearable with a pet inside. But the bottom digs into my lower back and makes it really difficult to walk more than a few steps - I'm trying to see if I can add some padding to the outside of it so the discomfort isn't too distracting. Otherwise, I thinks it's pretty cute and a good investment if you travel a lot with your pet.",1
Yani bir çok insan demek istediğim komik onlar sadece ben bilmiyorum yaşam standardı senin düşündüğün kadar yüksek değil,0
Bireysel suçlular,0
"Nice big bristles, and handle, but bristles fall off easily and it's not lasting as long as I was hoping for.",1
"Ama röportaj sırasında bana çarpan şey , tüm spekülasyonlar için , kimsenin gerçekten ne düşündüğü hakkında hiçbir fikri yok .",0
"Oh , Kuzey Carolina ' da öyle bir hava var mı ?",0
Ah-huh bence öyle,0
Plates are not as advertised they are more like coasters very disappointed 😢,1
"Çünkü tavuk , ah kararmış baharat",0
Büyük olasılıkla iki 450 mwe kazan ünitesi ortak alanlarda elde edilen verimliliği elde edilen verimliliği uygun çelik orantılı bir tek kullan .,0
"Neyse ki , büyük insanlar genel olarak nazik ve basit bir çok , dilenci ve özellikle gözlemci değil .",0
Bu yüzden bunu öğretmek için lisanslı olmayı bile düşündüm,0
"En sevdiğim detay , dev incil ' den doldur tv reklamı .",0
"It's a bit noisy so I just make sure the TV is on if people are home. Without this, it takes me an hour to orgasm but only 5-10 minutes with this. Love it!",1
Evet çok eğlenceli bu bambaşka bir spor,0
Tek başına bol tasarruf her zaman sağlam büyüme oluştur çünkü tasarruf da iyi yatırım yapmak zorundadır .,0
"I purchased it to use for my c section postpartum recovery period. The panty is tight at the incision and scratches the incision. I have tried all sorts of methods, like lowering the pants at the waist, wearing it loose, etc. but nothing seemed to help! I just stopped wearing it all together. The fabric is not the softest. I wear size small pre-pregnancy and ordered a large hoping it would be loose. But it was very tight at the thigh and didn’t feel loose at all.",1
Ve O yüzden evet evet sanırım genelde ben de çok severim .,0
product arrived faulty. would stop charging with slightest bend in cord,1
Interesting ideas but poorly written with very very simple language.,1
"The item came and the seller was awesome The product itself leaves a lot to be desired. There's no place for the headphones, and the cover makes the touch screen hard to use.",1
This game is so much fun. I purchased this game after watching it played on ADD live stream and was sold instantly. I have had coworkers who have never rapped in their life have so much fun with this game. I couldn’t recommend this game anymore than I already do. You won’t be disappointed.,1
"Çoğu eleştirmen , tecavüz ve jesse helms ' in bariz ve sıkıcı ( Linda Winer , newsday ) ile ilgili öfkeli monologları bulur . Tahmin edilebileceği gibi , muhafazakarlar onun devlet fonunu değersiz ilan eder .",0
Material I think it’s to hard broken very easily my charger cover is broken in the first 10 days,1
"Ve Biliyorsun ki , beş çocuk , tam gün işi yapmak zorunda olan bir iş için saat çalıştım , haftada saat çalıştım çünkü her pazar saat çalıştım",0
"I got this as a gift for my friends baby and was helping them set it up. We had trouble connecting to the wifi connection and left a message on their customer care line. I got a call back from their head of sales following up on that. He was very understanding, and explained how I need to connect to a different wifi network in the house, and that it helps if initial setup is done near the internet router. That actually worked - he walked us through the blinking lights, app setup etc which took a few minutes. After the setup was done, we plugged it into a power outlet near the crib. Now it's working fine and is quite helpful. It looks good and the app looks cute. So far it's been recording the baby’s sleep quite well, and my friends like the breathing chart showing how his breathing is. There is also a little button for the video which lets them see the baby clearly even when the lights are off. The power cord could be slightly longer.",1
They are beautiful i have an in home nail spa and they decorate the room so lovely.!,1
Jack headed to North Dakota to find his brother. Meeting the bakery owner Ginger was a bonus. Short story but enjoyed.,1
Bu sistemde kullanıcılar elektronik yorumlar dosya .,0
"These are cheap and coming apart already. Ok for wearing around the house, though.",1
Yaaa ' parçalar ve emek ne sarj ediyorlar seni sarj ediyorlar ücretlendirme üzerinde biliyorsun çünkü sanki daha az için gibi biliyorsun sanki para kaybediyor gibi biliyorsun biz de istiyoruz en azından kırmak için sat,0
"Using this at my entry door in the garage which is connected to a lamp light. Working good so far and it picks up the my movement every time. The only thing is, i wish it had a 30 second timer. It does have a 4 second timer which is good for testing. Anyway, i set the timer to 1 minute which is next lowest time. I do recommend this product though.",1
"Yapmamız gereken , davaları elimizden geldiğince verimli bir şekilde idare etmek , oraya giren avukatın zamanını ve bir seferde yardım edebilecek kişilerin sayısını en üst düzeye çıkarmak .",0
Peki büyük bir organizasyon için çalışan faydaları nedir,0
Wolfe da liberaller için örtülü bir meydan meydan .,0
great sneaker. very comfortable...I ordered a shirt to match..great price. shipping came in 2 days..I love them..,1
Evet evet teksas ' ın hangi kısmını oh şimdi ben bunu soruyorum çünkü eşim Doğu Teksas ' taki Filistin bölgesinden ve onun da yerli olduğunu bir yaaa,0
"Bir adet sık kullanılan temel sorunun boyutu : Bu , tüm dosyalanmamış yıllara yaklaşık % 45 ' i ( Kaliforniya , Florida , ıllinois , New York , oklahoma , pennsylvania ve teksas ) yaklaşık 7 devlet hesabı .",0
"Şimdi , kilo alıp bizim yukarı doğru it , daha da fazla yemek için yeniden programlanmış .",0
Yani Şükran günü gibi bir yemek hazırlarken ne yaparsın,0
Sarayın Doğusunda Eglise Saint-Etienne ve tutuklamak saint-Michel ' i tutukluyor .,0
Fırıncı özel sipariş kartı ile ilgili bilgileri baskı altına aldı ve klasörü kapattı .,0
"Until today, I could print once and then needed to restart to print another copy, and it wouldn't connect to WiFi. Would have returned if I'd made the 30-day window. New driver release makes it work, so I'm giving it a 2/5.",1
Love the color but the items were broken and glue was noticeable. Luckily I'm crafty and put them back together. Will not order again.,1
shipped faster than expected,1
Evet ama her zaman gerçekten güçlü bir takım oldular,0
Got this for a party. It was perfect,1
I like the feel and fit,1
"Cömert Gıda Kaynakları Malezya ' yı 230,000 yılında Java Man ' in çağdaşları için davet eden bir yer haline getirdi .",0
They worked well. The connections Where you plug them in to your original sockets was a little tough to make full connection. I bent the tangs to make them work. Once working that are great.,1
"Pratikte , eski ile ilgili vahşi iddialarda bulunmak ve ikincisini görmezden gelmek eğilimindedir .",0
"Bu boyama daha net bir şekilde ifade etmek için , pek çok gazete , gazetecileri , yazarın araçlarını kullanabilmek için teşvik ediyor , bu potansiyel müşteriler gibi , hem de bugünkü New York Times ' ın önünden , bir hikaye açıyor : Ana estela sunger , kaydetmeyi hayal etti El Salvador ' a bir giyim mağazası açmak ve üç yatak odalı ev yapmak için yeterli para ; ve rani ' nin kast cahil bir kadın olan rani , son sabah en güzel sarı bir değişti .",0
Overall the dress was beautiful the only issue we had was the back was loose so we had to pin it up so that it would not look so loose!,1
Yatak odasını paylaşmak,0
Evet ben bekar oluyorum ve kendine başka sorumluluk yok sanırım sen biliyorsun ben bir ben çok mutlu oldum ben kendimi yükseltmeyi denemedim şu an,0
"It is slippery! Every night I have to get up and remake the bed because the blanket slides off the bed during the night. It is very frustrating and my husband hardly ever gets it on his side. Also, it BARELY fits the King size bed.",1
Yaaa sen gidiyorsun oh evet evet eğer program kağıt chase ' i görmüş olursan daha kötü olur,0
Ve bunun için kayıt olmasını istediler ve bana bunu yapmak ister misin diye sordu ve ben de emin ol dedim sadece sen bilirsin işte yardım etmeyi bilirsin ne kadar çok katılımcı varsa o kadar büyük,0
This camera stopped working after a few months of use. I tried to contact the seller and keep getting the run around about returning it for a new one on the warranty. Beware of this seller.,1
Bought this to download my pictures off my phone and I can't get them to download. Maybe this is not for that use.,1
Worked great for 1.5 months then the power supply quit working. Nest cam kept rebooting. Make a better quality verison and I would purchase that.,1
Adrin kavgası gördüm,0
So first off it was kinda to hard getting my phone properly in the case then the screen cover is loose on the screen so i have to apply extra pressure on my screen to navigate my phone and lastly the case literally makes it impossible for anyone to hear hear you on calls the case muffles out your voice so i have to be wearing a headset or have my phone connected to a bluetooth device and my phone still got cracked while wearing case.,1
"Tıpkı kötü aile üyeleri olan aileler gibi , Yasal hizmetler programları , özel avukatların varlığına göz müsamaha , çünkü biz de işe yarar bir şey yaptıklarını düşündük .",0
Spilt in 30 seconds. But the cups are used for other things now which means it wasn’t a total waste.,1
"Don't really care for this bird bath, it leaks.",1
Işletim sistemi için takas alanı oluşturmak için Linux ' ta tekrar benim yapmak zorunda kaldım ( şu an için sabit sür üç disk var ) .,0
I ordered this pencil case TWICE and didn't receive any pencil cases at all! There is NO way to contact these sellers once they claim your item has been delivered! DO NOT ORDER FROM THIS SELLER,1
"Nice candles, they're made of real wax/look real. They were a good deal price-wise. My only two issues.. The remote does not work on them. It's not a huge deal as you can turn them on/off manually from the small switch on the surface of each candle, where the batteries go in.. Also, this being my first experience buying flameless candles like these.. When you go with a darker color (VS White /Cream/Ect), the white 'flame' is very visible/obvious during the daytime/when not in use. That part looks very 'fake-y', if that bothers you. But overall, a good price for the real wax look, the amount of candles you get, and how they look when they're lit. Very nice.",1
"I loved these boots at first, but they don't hold up that well over time. The buckle on the side isn't made of high quality materials and bends/breaks very easily. I guess you get what you pay for but they were great for a couple months!",1
The fish tape itself is great. Nice and durable steel. The plastic case however is a different story. They black handle broke on the first use and the tape popped out of the slot and then completely twisted up inside of the roll. I had to unscrew it and rewind it around to fix it. Overall it’s great for the price and works well for minor home projects like pulling cables from the attic but if you have a difficult project I would definitely get one with slightly better build quality.,1
Sadece iki saat önce gourevitch postalanmış tarafından bir e-postaya yanıt olarak yazmışsınız .,0
This toy will start wiggling even from the toy box when no one is playing with it. This can be scary for a toddler especially in the middle of the night.,1
Should have returned it but it came to late. Does not work good,1
It is a powder not really salt therefor it won't work for what I wanted to use it for. The taste is good.,1
My wife liked her case. She said to bad the stars didn't glow in the dark.,1
Not a fan. The color is dull and the quality is not what i expected for it just to be a case,1
"Shipment arrived quickly but ordered the wrong scent, not a fan of this one",1
"Oh gerçekten çok iyi ben ingiltere ' de yıllar önce ve Shakespeare ' in gibi gibi gittim ve sen stratford-Avon-Avon ' u bilirsin ve o kadar kısa ki , o kadar kısa olduğu için , tavanlar o kadar kısaydı ki kısa ama",0
"This TV Antenna is fine but froze too often, no signal in must channels",1
Disappointed in quality,1
"Pro: handle feature comes in handy Con: Be mighty careful and don't tip or jostle too hard as the seal feature doesn't do a very good job, Hot liquids cool down very fast, even after preheating with hot water. Would not buy again nor recommend.",1
Color and size of figure was perfect but picture was too big ...could be thinner and color wasn't a true blue. They looked good on blue and white cake with snowflake sprinkles.,1
"Sadece bir beyin olsaydı , New York Times ' ın Peter Marks ' ı diler .",0
Pretty flimsy. Would honestly buy a different product if I could go back in time.,1
This is a great little book. Small but to the point. I love that the author leaves out the fluff and just gets to it. I learned a lot in under an hour an will use it as a guide as I start my blog. He also seems honest with his recommendations unlike a lot of bloggers who obviously just list companies that are paying them.,1
"Son düzenleyici esneklik analizi , hem sanayi hem de savunma ofisi , küçük işletme yönetimi ve önerilen kural ile ilgili olarak , uygulama boyutuna göre uygulama sıralama dahil olmak üzere küçük varlıklara düzenleyici yardım sağlamak için önerilen kural değerlendirdi .",0
Ben iyi ve iyi biliyorum ki bir tek sen değilsin ama ben bir durumda ben işe başladığım zaman tam faydaları ödüyorlar ben harika düşündüm sen daha iyi ve sonra yavaş yavaş her yıl biliyorsun şimdi % ' e düştü ve sonra % ' e düştü ve anladım ki fiyatları yukarı ve yukarı giderek bunu yapmak zorundalar,0
"I love this light. The remote control is amazing, no having to jump out of bed to get the light or change the light setting. The remote control is not back lit which sucks at night in a dark bedroom, but easy to get used to where the buttons are over time. I cannot attest to longevity as I have only had it for a week. Box came very well packaged and it is quality. The light gives off a natural light unlike the Nicrew model I returned. For $30 more this is much better. There are several settings that look alike so useless, No actual ON/OFF switch so good luck if you lose the remote or it stops working. I have it on a switch as well in case I dont want to find the remote. 2 different black light settings and a couple in the middle which are very nice. Over all it is not cheap but lighting in a tank and ease of use is critical to me so I am happy and i recommend this product",1
1 month into school and this bookbag is peeling and ripping at the bottom and i bought 2 of them price too high for piece of junk,1
Tüm Senaryolar 2002. yılında uygulanmaktadır .,0
Should be free it's been off the air how long and I got Amazon prime,1
Her an keel gibi hissettim .,0
"Kolay gelsin , yolculuğu iyi değerli .",0
"Katılımcılar , programların , personel , yönetim kurulu üyeleri ve diğer paydaşlar tarafından yeni görüntüler kucaklıyorum karşı dirençli olmaktan ya da kırgın karşı dirençli olduğunu veya bu kritik köşeyi geri çevirdi .",0
Good lights for a plant I brought inside for winter. It’s a bit hard to point it where I want it though. The plant is still doing well after being inside 3 months.,1
Hiç görmediği kadar cehenneme yakın bir vizyon gördü .,0
"Çok eski , arkası çok zarar , çok fazla dış çıkarları vardı ...",0
this was a kick in the heart,1
"My unit won’t hold pressure in the soap storage chamber, which prevents the first several times when you activate it, from dispensing soap. Very aggravating!",1
Her şeyi tamamen yabancı yapar .,0
Muhtemelen onun yetkisi altında oldukları için ve belli bir yerde başarısız olduğu için,0
Belki benimle gelmek istersin ? kabul ettik ve onu odadan takip ettik .,0
"Works well, but it’s probably the most uncomfortable thing I’ve ever put on my body. It’s fine for pumping at home but I wouldn’t wear it any longer than necessary...definitely not to work.",1
"Tiepolo ' in portre bir kaç tane daha görmek isterdim ( en büyük olanı , parçalanmış bir el bir donanma resmeden , Venedik ' i terk olabilir ) , ve tavan için pek fazla çizim değil .",0
Some of my stuff has dried up so air might be leaking in.,1
Almost ripped my skin off! Be careful!,1
"If you want to have to keep your hair up weekly go for it,the hair naps after a week",1
"Fury ile yüzleşmek için hazırlanmış , ya da Menes ' in yöntemlerini incelemek için gerekli olan bir hikaye ile ilgili bir şans olsaydı , onun yolunu yalan .",0
They bend at the corners.,1
"Per the name, it is Raw, Honest and Unfiltered. There are good cops, not so good cops, and more bad cops than one would like to expect. Leaves you with a distrust of law enforcement officers.",1
"Bu tür organizasyonlar , programları ve faaliyetlerinin , görev ve istenilen sonuçlara katkıda bulunmaları için ne kadar katkıda bulunduklarını değerlendirme başlar .",0
I have been using for 6-8 weeks and my lashes have really grown. I also noticed not as much shedding when I pull my lashes.,1
Şekil 1.7 ' de 1960 . ' de her emekli ' e destek veren beş işçi vardı .,0
"Ağustos ayında , 4 devre temyiz mahkemesi , büyük taş GAP ' te bir yasal hizmet programı ile bir emlak mücadele açılan bir dava lsc bu şartı kabul etti .",0
One of the best defusers bought,1
Worked fine for 3 months then the backspace button stopped working and the whole keypad stopped working a few days later. Garbage.,1
"Auschwitzt auschwitzt , atları korkutmak .",0
Grandson loves it !!!,1
Peynir ve turp severim .,0
"Mevcut olanların üzerine bir başka çevre yönetmeliği daha eklemek yerine , o s ' e inanıyoruz . 556 o gereksiz mevcut şartları ortadan kaldırır .",0
It was wonderful. But stopped working after 2 months.,1
Delivered on time and material is great!,1
"Aslında , Gao ' nun varlığı ile ilgili büyük olayların zaman çizelgesi ( gör şekil 4 ) hükümet faaliyetleri ve sorumluluk ilgili zor kamu politikası sorunlarının artan gelişimi , karmaşıklığı ve etkisini ortaya çıkarıyor",0
Neden yeni bir yeni yaklaşmak ?,0
Muhtemelen trilyonlarca gezegen vardır .,0
I miss a lot of the older scents - it just doesn’t seem to last long,1
Birçok terzi web siteleri var veya web sitelerinde kayıtlı .,0
Beautiful ring and holds up to a lot of rough wear and tear being on my thumb.... Love it,1
Bugünün il başkenti moors en sevilen şehridir ve 1224 ' de bile küçük bir taifa başkenti ya da Ayrılık Krallığı ' nın başkenti yaptılar .,0
"1946 ' de ingiliz görev personeli tarafından işgal edilen güney kanadı , bombalar tarafından yok edildi ; yeraltı tarafından yapılan saldırıda 91 kişi öldü , bir yeraltı yahudi terör grubu .",0
"Caminin arkasında , tepede , sarıklı mezar taşları ile dolu uçsuz bucaksız bir mezarlık .",0
". Fda bu eylemi yapıyor çünkü geviş , TSE ' nin bulunduğu hayvanlardan elde edilen protein olmak ve bu tür proteinler TSE ' de TSE ' ye neden olabilir .",0
Şimdi muhafazakarlar karşılık veriyor .,0
"Jodie T olarak . Allen 1997 ' de , herhangi bir felaketin birincil işlevi , domuz eti önemli devletlere huni .",0
While I was happy to get this IT WAS NOT NEW as it was stated . It was dirty and I had to clean it up . I would still have bought it even used but was sad to see that someone had not told the truth,1
"I needed some cute and powerful in my room to play music and this serves that purpose. Bass is not as heavy as I would like but, it’s a pill. What do you expect. It also holds a nice charge and pairing is easy.",1
Just what i needed- came quickly Use it in out door water fountain.,1
I bought this as a gift so I do not know how they like it but it came fast in great condition!,1
Is not compatible with iPhone. Does not work.,1
"Daha nazik bir şekilde başladım , düşündüm , ama o beni durdu önce çok uzağa gitmedi .",0
"Rockefeller ' ın ilk önce sanatçıları aracılığıyla bölge ile ilgilenmeye başladı , sonra da New Jersey Standart Petrol ' ün Venezuela yan kuruluşu -- aile işi .",0
Ilki coyaba nehir bahçesi ve müzesi .,0
"Çevre Koruma Örgütü , temiz hava yasası ' nın 202 , 206 , 208 ve 301 ' i değiştirilmiş olarak işaret .",0
"This book is a bit slow, but it really makes you think. You will be left questioning your morals and values. Not a bad read if you are needing to write about ethics of wartime or argue about the validity of war.",1
Machined parts of high quality. Even the handles of the screws are metal. Coating looks good as well.,1
"After a short time, the leather starts tearing where the buckle grabs it at the end of the teeth where the buckle grabs the belt. So then you have a 1/4"" bit of loose leather and taking the belt off is like untying wet shoes laces that have been double knotted tightly - serious pain. You can trim that piece, and crazy glue it down, but a few weeks later, and it's repair time again.",1
"Bu arada , kampanya katkıları için Pakistanlı bir lobici kolunu koymak iddia ediliyor .",0
Çok ilginç,0
"Not as durable as described. Bent on first use. Probably not good for a heavy duty job as I tried, could see it working for non heavy duty jobs. Not exactly satisfied but it is what it is.",1
Great case and great price!,1
Dört yıl boyunca severn yaşlılara eski mayınları tepelerde daha derin için istedi ama şimdiye kadar büyükler reddetti .,0
"This wig is fantastic! The perfect Ash blonde color I have been looking for, super thick and long.",1
Super cheap but then again look at the price,1
Very cute! Love the silicon style they are easy to remove I will definitely buy again if i lose mine.,1
"Everything worked as it should, the motion detection, solar charging, worked great! I just don't see where they would be able to be used, you need bright big light for outside. THese are solar powered soo.. You do the math :)",1
"Great device. Powers my macbook as well as mouse, keyboard, external drive etc. Must have. Anker also has the best service.",1
Ne gerektiğini ?,0
I normally wear a size 8 ring so I got a 9 in case the sizing was off but it fits great. Next time would go with an 8 but I'm still really happy with it.,1
"Easy to put together but if anyone sat on it, it would tip over.",1
This is difficult to find in the stores so it's great that I can just order it and get it so quickly,1
Romantizm ve güzel hintli hizmetçiler hakkında hiçbir şey yoktu ama dave bunu kendi içinde doldurdu .,0
Ne kadar zor da yanlış bir şey ya da uygunsuz bir şey söylüyorum .,0
Yaz aylarında dönme dolap var .,0
Bence büyük ihtimalle onların üzerinde çok etkisi vardı ve büyük ihtimalle hiç böyle bir şey yapmış olmazdı eğer tutku türü bir şey olmasaydı,0
"Büyük boyutuna rağmen , ca ? ' ? Dral , oranlar ve uyum içinde uyum dikkat çekici bir denge sağlar .",0
Nice map but was hoping for full US map on one side instead of half on one side and half on other side.,1
"Usually wear a size 13, couldnt even get it on my foot",1
Performans denetimler için ikinci raporlama standardı,0
"I bought a magnet phone holder from Walmart. It came with extremely strong magnets that look like these. Phone would not budge until you pried it off. I switched phones and needed a new magnet and decided to try these. I have 2 of the large magnets shown in the picture on my phone and still, the phone is not sturdy. It hasn’t fallen yet but it tips to one side or the other. I will probably just purchase a new kit for 20 bucks in the future.",1
just ok. inner plastic curtain keeps falling off the hooks.,1
I liked the main character and would read more of her cases.,1
"Gidelim , dedi jon .",0
"Ön-Sembolü Toplama Kampı ya da belki de nükleer bomba , o da ekledi ve 21 yüzyıla herhangi bir iyimserlik ile ileri .",0
Bence genç annelerle ilgili bir çok sorunum var,0
It's a good read and it helped for a presentation I did at work. I have my core desired feelings figured out.,1
Nice clean storage piece. Fits into pantry easily.,1
"Loved everything about this brace except that it seems a little too tight on my upper arm, even though it is adjustable. It may be that I am not yet comfortable with wearing the brace and the material may actually relax a little with use. It definitely provides proper support and the material is of high quality. Yep, I'm gonna keep it!",1
Great tent for the money the tent bag is already ripping after 2 uses but the tent itself is great so far,1
Was just a shade darker than a regular screen protector.,1
"The boots fit well feet size but my calves are huge due to rugby and wrestling so I find it hard to put on especially since my ankles are a little smaller than they should be, the fit is weird on me. I suggest getting a size bigger than you usually are if you have these problems or these boots are not made for muscular/ big/ thick girls.",1
"The fit of these shoes feels a bit wide. They slide a bit when I wear them with trouser socks, but feel fine with a thicker wool like sock. Close up they look a bit more old fashioned then the pic suggests. I kept them, but I would not buy them again.",1
"Absolutely love this comforter. Super warm and not overly heavy. When I first got it in the mail and took it out of the box, it appears very thin and not fluffy at all. After laying it out on the bed for a few hours it fluffed up nicely and after sleeping with it, I woke up and it was even more fluffy. I'm sure it will be perfect for this winter.",1
these are lovely but my kids usually make a huge chaotic mess with them and lose interest after a few times playing with it.,1
The sweater would be better if it had a hole for the harness to attach to leash.,1
Sağlık Sigortası için uzun vadeli görünüm çok daha bleaker .,0
"The set I got worked for a couple hours, then one of the sides died. Not much heat power.",1
I ran this fan on high for almost 3 hours. Battery life is better than advertised. It moves more air than the 7.5 inch plugin fan I have. Loving it so far.,1
I like all the cookie presses and designs.,1
Really cool. 4th and 5th ones owned and gifted!,1
DO NOT give to dogs. My dog vomited several times after using this product.,1
Only been taking for a couple of weeks So far everything is fine,1
"I like them. They are good just a little hard to get them sinked up to tablet, computer. Sound is good. Wish the ear pads were a little bigger they don't fit well on the ears. Would work great for kids but adult ears are a little bigger and after a bit they do hurt the ears.",1
"mounted with solar powered light. now the goats don't have to sleep in the dark. solar panel, battery, 10watt light, and this photocell means I never have to walk into a dark barn again, automatically! running for a year now without fail",1
"King ' s Apartments ' den büyük galeriye , eski çağlardan kalma iskoç kurallarının 89 portre ev olan uzun bir oda .",0
Stone ' un bu sefer eziyet siyasi bir baltası yok ve oyuncuların aganigi yap izin veriyor .,0
Büyük bir sather güneş ' i bir yerde çok uzun süre kaldı ve sıcaklık çok büyük oldu .,0
"Nebbishes , gerçek hor görmek için çok acınası .",0
"Aphis , bu tahminlerin hem taze domuz eti ithal hem de Meksika domuz ürünlerine tüketici tepkisi üzerine bağımlı olduğunu belirtiyor .",0
"I received this product and was very disappointed. First off i open the box and it has two different color bands in it. Black and Grey. Secondly, the product wasn't even the right style of band. It was a push to secure style (which I currently own and don't care for). It was supposed to be a clasp style watch band. I submitted for a refund and now am weary about ordering a gain to press my luck! The product also showed obvious signs of previous wear!",1
"Carter ' ın insanlık için yaşam alanı üzerinde çalıştığı şey , ben Kuzey Carolina ' ya gelmeden önce montgomery ' de .",0
"I have no problem with the product; however, I ordered and was charged for 3 but only received one!",1
my favorite brand at great prices!,1
"Ancak takım , paydaş taahhüt seviyelerini analiz ve artan için kep atölyesinde bir yöntem kullandı .",0
My husband is so pleased with this hat. It’s his favorite brand. Great find!,1
It was supposed to be delivered 2 days ago!!! I still don’t have the product that my granddaughter need for her Halloween costume. Very disappointed,1
Hala krutenau ( sebze suyu ) orijinal adını taşıyor .,0
The product fits iPad nicely but unfortunately does not stand on a flat surface. The “feet” are slightly bubbled out on bottom which makes it impossible to stand it up. I purchased this type of case for my daughter to be able to stand it up.,1
I can just pack in in my purse and inflate when needed instead of carrying around non-compact pillow like everyone else,1
"Eğer onları temiz değil , arkadaşımın fareler vardı ve onun evine girer gelmez kokusunu olabilir .",0
"Yedinci ve sekizinci yüzyıl boyunca birçok japon keşiş , bilim adamı ve sanatçılar Japonya ' nın , tarih , müzik , edebiyat ve daha sonra Japonya ' da daha fazla gelişme için geri getirdi için , Japonya ' nın denizi boyunca tehlikeli yolculuk yaptılar .",0
"Bu da demek oluyor ki , eğer iyi bir yıl kazanmak , bir koşu oyunu kazanmak , ertesi yıl kötü bir yıl olacak ve onlar da um . Bence yirmi üç takım ve istatistikler gibi bir şey . Yirmi üç üzerinden yirmi bir . Bu da demek oluyor ki rangers berbat bir yıl olacak .",0
I only got the metal file. I was looking for something else and saw it was supposed to be a 2 PC,1
"I love kitkats but it's not really what I expected it to be, the amount of quantity in it was dissatisfying, although I didn't do a total count. It maybe a little too pricy compared to the stores near me.",1
Ama ne olacağı konusunda bir karar verme fırsatımız olmadı . Sadece partinin suçlu olup olmadığını düşündük .,0
Hı-hı evet ve sonra çok fazla iş kaybettiler,0
Easy set-up and convenient wine dispersing. I use it with reds.,1
Very pleased with the sturdiness. I feel much more comfortable when holding my cellphone,1
Ah-huh doğru ben böyle şeyleri düşünüyorum sadece değer değmez,0
Touched up the small stone chip with matching Toyota paint and waited over 24 hours to apply clear coat on my 2018 RAV4. Simple.,1
Somehow moths infested package. I threw away but forgot to take pictures! no refund:(,1
"First of all, this was hard to assemble. The instructions are confusing and at times incorrect. Secondly, when it was finally assembled, I realized this was too small, almost like children's size furniture. It looks good in a picture, but when you compare it to other furniture and objects in the room, it looks too small. Disappointed because I can no longer return it as I had to fully assemble it to realize how small it looks. And yes, I did look at measurements before the purchase, it just looks small (the cabinets, the legs, the handles) like its a miniature kid-size version of an object that should be bigger as a whole.",1
Didn’t work as expected,1
"Good quality cables , the connections are made of durable materials, cables produce a great quality viewing and playback , these work just as good as some of the higher priced high end cables , I’d recommend these to my friends and family",1
"I have enjoyed my watch from the beginning. It's pretty easy to figure out, but I'm sure I'm not using all the features yet. I like the different watch faces you can use and the apps. I especially like the fact that I can talk or text when I'm running and I don't have to get my phone out of my pocket.",1
Evet evet houston ' dayım,0
"Özel emekli maaşları için sosyal güvenlik sonuçları ( Gao / Hehs-00-187 , 14 Eylül 2000 ) .",0
"Yine de bir iş var , bir iş biliyorsun ve her şey böyle devam ediyor",0
"Önerilen düzeltmeler üç gagaş çerçeveye düşer , çeşitli denetim türleri için geçerli olan standartların tutarlı uygulaması ve standartları güçlendirme veya düzene .",0
Erken davaların çoğu boşanma ve aile hukuku ile ilgili .,0
Şu an için yeterince macera yaşadım .,0
"Bir zamanlar bir kelt defin yeri olan ( aslen mont-Büyük ) , yakındaki Avranches Kasabası ' nın piskoposu , Başmelek Michael ' ın yüzyılda bir konuşma yaparak başladı .",0
Via di gracciano ve üzerinden üzerinden bir gezinti kasabanın asil rönesans palazzi görmek için nedenini açıklayacak .,0
"Aletler , şarkı sözleri ile mantinada şarkıları ile bir araya getirildi .",0
Oh nerdesin aslen,0
We love these peg board strips! It helped us organize our garage. They didn't take too long to put up and with the use of a level we were able to install them fairly evenly.,1
Tabiki bunlar aynı insanlar aynı zamanda ' ve böyle şeyleri boğmak,0
Juice pack stopped working after 3 weeks,1
"John Mccain , hangi soruların istedi karar veren medya ve Amerikan halkı olduğunu şart .",0
"Bazıları da parmigianino ' in Erotizm ' i , garip ama inkar edilemez zarif Madonna ' nın uzun boyunlu ( 1534 ) ile üzgün . Sadece şu uzatılmış parmaklarına bak , Yüksek Rönesans ' ı takip eden sofistike ve sonradan çökmüş maniyerizm bir şaheser .",0
I would say this lifts lashes but does not curl by any means.,1
"When the screen protector is on the phone and when I make calls the screen is black. When I take it off it is normal. I sure don't know why this is so, but I do not like what it does to my phone. I have an email into customer service to see why this is happening. It should work if it's recommended for these Jitterbug phones. I have spent all afternoon trying to resolve this and I am feeling very angry toward this whole wasted afternoon.",1
"The product isn’t new, the seller spray sliver paint on top of the rotors to make it look new. Once I used brake cleaner fluid to clean it, a few defective marks showed up. Very disappointed",1
"Sulama Kurulu Başkanı Steve Martin , 20 TL ' ye artık - .",0
Yoksa tanık kendisi olunca bir istisna yapar mı ?,0
Pretty tree but is about 6 inches shorter than the advertised 6 feet,1
"Sorular , cevaplar değil , tartışmalar kazan .",0
"DSM , istismar ve ıcd-10 ' in sosyal ve yasal sonuçlarını içerir-10 sadece tıbbi ve psikolojik sonuçları vardır .",0
"No assembly was nice. Made in America 👍🏻 Arrived in open box, one bent stake which I managed to straighten, no packing slip (probably due to completely open box) Perfect addition to the garden. Would purchase again.",1
"Cynthia kibarca , çok meşgulüz , ama zamanımız olursa. küçük hemşire geri çekildi ve cynthia hemen raftan bir kavanoz aldı , şişeyi yeniden doldurdu ve dışarıdaki masaya koydu dedi . Kapı .",0
This pump works very well. I love the dual action which pumps air on both strokes. The price is very reasonable. Definitely earns 5 stars!,1
"Geçici Kural ' a giriş sırasında va açıkça belirtiyor ki , kuralın etkili tarihi 25 Kasım 1991 ' de , Gaziler Mahkemesi ' nin tarihi eski düzenlemeleri geçersiz hale getiren karar temyiz .",0
"The brackets are nice enough and perform as expected, but the labels on them were nearly impossible to remove. They look like the brackets were sitting in the warehouse in the heat and labels really adhered to them. I was able to remove them, but it took a while because they would only come off a tiny piece at a time.",1
"I have an older cat who continuously rubs on all corners of my house, I know it's a territory thing, but it leaves a residue after a while and so when I saw these I was pumped hoping I could solve the issue. In some ways it did, I put them on 2 areas I know my cat rubs constantly, he avoids them now? Both my cats were intrigued at first rubbed ok them a few times and now avoid them. I don't think it's the product, except the bristles are quite hard, maybe my cats are just picky.",1
Even thou the package arrived a bit damaged nothing was missing so that fine.,1
"Ana Liman , nissia , Başkent Apollonia ' dan 5 KM ( 3 KM ) ve ablası town artemon ( her ikisi de kardeş ve kız kardeş tanrı ve antik Yunan mitolojisi tanrıçası ) için adında .",0
I had not realized how many american families were living in the Philippines during World war two. It was interesting to read about the style of living and how abruptly and catastrophically changed for the privileged.,1
"Şişman Adam , deri kolu ile alnını silerken barbar ' a havladı .",0
"Louvre ' un fiziksel bir parçası olmasına rağmen , müzesi des arts d ? ? Coratifs , 107 rue de rivoli ' de kendi girişi olan ayrı bir müze .",0
The item isn’t as nice as the photo it fits me nicely but the material cheap,1
Kasich kurumsal-Refah sabk değildir .,0
Dönüp soru sormak çok zordu .,0
Nice bright colors fit good and cute,1
This was not a snug fit in both of our toilets. I had to cut them a little bit in order for them to work properly.,1
"Gates ' in içinde , düzinelerce at seni 21.2 km ( 11.2 km ) boyunca nazikçe ( gorge ) ile şehre doğru yavaşça taşımak için bekliyor .",0
Ca ' daan adrin ve san ' doro atlayışı gördü .,0
"Good fit and good quality, at a great price",1
Very well reasoned and thought provoking.,1
my 2 month old Belgium Malinois got parvo and Rescue is recommended by vets and is also used at vet hospitals or clinics. thank God our Echo has recovered and now we have cleaned inside out .,1
You get what you pay for here. My grandmother loved it and that's really all that matters but the frames were so cheaply assembled that the corners didn't even align properly. I wouldn't buy this again.,1
"Ama bu , Dünya Savaşı ' na doğru yol alan çorba mutfak ve yakalasa karanlık yılların bir tekrarı ile karşı karşıya olduğumuz anlamına mı geliyor ?",0
Yok yok bu daha çok hickories hickory tipi var mangala bağlı biliyorsun,0
"Alternatif bakış açısı , sorunun NATO ' nun ne yapması gerektiğini , bu vahşetin bir karar yerine meydan olduğunu ve NATO ' nun devam ettikleri için tam olarak sabreder gerektiğini ileri sürüyor .",0
Extremely slow read. Couldn’t make it through the book.,1
Had for a week and already came apart. Very disappointed!,1
Very compact and fits well in my tank bag on my motorcycle. Works but feels like it isn't going to last long,1
"Nice accessory to my SUV. Good quality. Sticker works well, been on about 3-4 weeks and if still sticks",1
Smaller than I thought it would be. My 10 pound cat didn't fit in it and didn't like it.,1
Tercihen olmadan,0
"Arkeologlar bir sezon için nasıl geldiğini ve kalıntıları ve eserler asla terk , Sfenks ' in gizemli gülüşü gibi , cevap daha fazla soru poz .",0
Best movie I have seen in a long time. It is a life changing movie!,1
"Do not like the open pocket shorts pocket to small to safely carry money,change, or cell phone in but the zipper pocket shorts are great and I ordered 2 more pair and use the open pocket ones as sleeping shorts.",1
"Dediğim gibi , olumlu bir değerlendirme .",0
Önlem olarak yaptığım bir şey muşamba paketini açıp boş kağıt yerine yerine ve sonra tekrar diktim .,0
Like it a lot. Just what I needed.,1
I should have read more carefully before buying a tool which the cover doesn't stay on the tool to protect against accidentally poking myself.,1
Yerin çok bohem lezzeti var isme yakışır,0
"Purchased as a gift. The recipient mentioned these are difficult to apply correctly. The magnets clip straight across and do not curve with her eyelids. I think this, along with the amount time involved in getting them on just right, were the main issues.",1
Horrible contraption. I woke up scratching my instep and ankle from poor fitting Velcro and upper part of brace,1
"Hava yolculuğunun genişlemesi , toplu turizm çağı başladı ve Yunanistan , Ege Adaları ile birlikte Kuzey Avrupalılar ' ın nemli , serin yazlar için heyecan verici yerler haline geldi .",0
"Testin sonuçları iki endpoints , hayır-Etki-etki konsantrasyonu ( noec ) ve en düşük gözlemledi-etki konsantrasyonu ( loec ) olarak verilir .",0
"John Knox 1651 ' den 1672 ' e kadar burada kiracı oldu ama evin sahibi james Şırnak , bir kraliyet kuyumcu ve eşi mariota ikaz ; baş harflerini taşıyan bir plaket dış duvarda olsun .",0
"Cheap, cheap product. The lid does not stay on.",1
Ve bizim alt hat cevap hayır çünkü dünyayı olamaz,0
"Sec , kural fayda , aktif , , diğer , diğer , , , , normale işlemleri , teklif ve deregülasyonu hakları teklifleri sırasında yapıyor pasif market için gerekli olan menkul kıymetler genişletilmesi .",0
Şehir ve kırsal,0
"The dog collar should be fine, but it is too big for my 14lb dog. I’ll have to wait to use it, but it seems to work fine. The description says that it can adjust to any size dog, which isn’t true. Also, the retractable leash that it came with broke instantly. We hadn’t even left the house when the nylon rope snapped. The rope is very flimsy.",1
The light looks cheap and doesn't have a great effect.,1
49 gün boyunca iblislere ve güzellikleriyle direndi ve bugün aradı gibi gerçekten aydın buda oldu .,0
"Do not buy. Reception is terrible. If I turn my head, bend down, etc., I lose reception and get crackling in the sound.",1
"Şehrin kuzeyinde , windermere vapur müzesi , göl taşımacılığı ' nın Altın Çağı ' na geri döndü .",0
We bought these and had some technical issues within a year of purchase. Called the company and they immediately sent out a replacement pair. Excellent customer service. Would recommend!,1
This fits well all over. The fabric is fragile and shrinks every time you launder it. I try to have mine air dry to prevent further shrinkage.,1
"Good for the price. However the wire cutter is not that too good, always cuts the wire AND cover. I AM using it in a cat6 cable maybe have something to do with it. Handy size and all tools work as expected",1
"Bought this to handle a few games with tons of keyboard options and have not been disappointed. It took me a couple of tries (probably user error) to get the driver installed properly but once I did the device and accompanying software work great together. The backlit keys are fully configurable and, if the game supports it, will flash to indicate things like low health or level up. All in all a great little device.",1
Doğru evet işte bu büyük bu gerçekten önemli çünkü benim çocuklarım için bir üniversite fon seti var,0
"So we'll made, I was very impressed and happy to see them on my pillows.",1
"Mine kept fogging, within moments of putting them on every time. I followed the instructions. I couldn't see anything out of them, my view was a lot like the ""others"" in the photo and not the clear view shown in the photo. They kept water out, but they were all foggy constantly.",1
Marilyn Monroe ve John Kennedy ' nin gizli bungalovlar gizlice tanıştığı ünlüler arasında yer aldığı yazıyordu .,0
"Bu kadar yolu bırakıp , bütün o insanları öldürmesine izin vermedim , söyledi dedi .",0
"Kafası kesilmiş , bağırsakları kesilmiş ve bir düzine çubukları parçalanmış bedenleri ile çevrili .",0
I used several times and it sis nothing dirty my washing machine. A waste of money.,1
"Everything is always wide and clear in my monocular. I can see long distances very well with them. Overall, this is a great telescope with reasonable price!",1
Not worth the money or time; I've learned far more by searching on Google.,1
Kim demiş yaratıcı yazı mfa kalıcı işsizlik için kesin bir yol ?,0
Binanın merkez bölümü kraliyet ailesinin yaşadığı yer .,0
Beautiful. They look like they cost a lot more. A great purchase.,1
"great price, works great",1
"The story is mildly entertaining so I don't regret buying it. However, I selected this because it was listed as a manga title and instead it's a light novel with a few manga style drawings for art.",1
"Sahil kenarındaki kolay hayat ' dan lastik , la baule ' nin ' in Wilder ' nin ' nin ' a .",0
Only one inside and my son wouldn't wear it on him so it was a waste of money.,1
"Ilk sabah , arazi keşif için şafak vakti jeep-Safari ' yi alıyorsun .",0
Benim her yıl daha küçük bir öğrenci vücudu var .,0
I was unable to remove colored pencil marks with this eraser.,1
"Hava kalitesi modelleme sonuçları , sağlık sonuçlarına göre hava kalitesi değişikliklerini tercüme eden bir modelleme sistemine giriş olarak hizmet veriyor ( ör .",0
I ordered two only received one :/,1
This product did not work as stated it would. I tried it several times with different loads of laundry and there was never anything inside and I have a dog who sheds terribly and I know there is hair in my wash.,1
"This was such a fun, entertaining, quick, smart read. Loved it.",1
Excellent crochet pattern book from a top professional.,1
"Evet , evet , iyi oldu. iyi oldu. iyi oldu .",0
"Dahası , bir ebeveyn olarak bu konuda aktif bir seçim yapma şansı , zavallı çalışan anne-Baba ve daha fazla orta sınıf anne-Baba olan daha başarılı , daha iyi izlenen düzenlemeler için bir adım olabilir -- ihtiyaç ve istiyorum .",0
"I have purchased this mug before and its a good mug, but was sorely disappointed when I received a dented product.",1
Did not perform as I expected. Would not purchase again. Had difficulty painting over this with latex paint.,1
"Çalışan , bir yerde bir sorun , basitçe başka bir yere taşındı .",0
"İskoçya Müzesi için biletler , Kraliyet Müzesi ' nin ana koleksiyonuna da giriş izni veriyor , iskoçya ' yı dünyaya getirme küratörler ve Dünya ' nın iskoçya ' ya getirilmesi için gerekli hedefleri yerine getiriyor .",0
Solid product. Great construction. Accurate touch. One of the darkest glass screen covers ever owned. Looks Clear but it definately dims the screen. Also. The worst glass cover ive had that leaves a film constantly. Never had the problem before. We have three phones and 3 different glass covers. Although this is solid its not as user friendly for me.,1
Yaaa vay vay bu ne güzel sen hatta senin sınırlarını bile erişim ben daha sınırlarını bile,0
Ve Sanırım Kennedy ' ye bile geri döndüm . Aslında Kennedy ' nin o şeyi başlatan kişi olabilir .,0
"Eğer çalışmanın amaçları önemli bir değişiklik olursa veya işin konumu modifiye edilmesi gerekiyorsa gao , bu değişikliklerin ajansı ajansı merkezi irtibat ya da ana noktaya haber .",0
"great fan, i never need to turn it past level 2!",1
The smells are great and the colors look good. Our biggest problem is that the crayons keep falling out of the plastic tubes.,1
I thought that it would be larger. The stiffness doesn't allow for a lot of comfort either.,1
"1989 ve 1993 arasında , 48,000 öğrenci pell grant overpayments ' i aldı ; 35,000 , aynı anda iki ayrı okuldan pell hibe aldı ; ve 101,000 öğrenci , pell grant için uygun değil , çünkü federal garantili kredileri varsayılan , alındı onlar zaten",0
These are extremely thick and is very noticeable. Doesn't really adhere to the edges. I'm very disappointed with these. Will have to purchase different ones that fix better from a different brand,1
The wheel cover match the others perfectly but was a little tight to get on,1
"Loving these! The only downside is that you have to remove the wrap around bit of leather when you put them on, so if you are in a hurry, probably best to have a backup pair that take less time to throw on.",1
"Gave to my son for xmas. Ending up returning. Microphone didn't work as expected, it was always recording us and repeating back what was said. There was also a howling noise coming from it. My son loved that it was a dinosaur so I wish it would have worked more like we were expecting.",1
"Scr ve fgd ' in birleşimi , scr ve fgd sistemleri nedeniyle yüksek civa kaldırılması bekleniyor , bu kadar donanımlı olan tesisler acı sistemleri ekle beklenen .",0
"Kuzey tarafındaki zarif evlerin ön cephe , Adem tarafından dizayn edildi ve 1805. yılında bitti beri az değişti .",0
"119 cynthia hastaneden geri döndü , ben de sandalyemi onun yanına koydum , ve poirot ' nun dispanser ziyaret etmek istediğini söyledim .",0
"Sınırsız kategorileri uzaylılar , genellikle temsil ettikleri sürece ülkeyi yasal olarak terk ederler .",0
These are NOT real Naked eye shadow. They are a poor quality knockoff,1
Bizans Şehri ' nin birkaç kalıntıları arasında en dikkat çekici bina haghia Sophia ' dır .,0
Bu açıklama hakkında daha fazla bilgi için lütfen j ile iletişime geçin .,0
Great case if you drop your phone a lot. It will protect it! Downside it’s really big & bulky. I often put my phone in my back pocket & it didn’t fit very well. Also the coloring of my jeans came off onto the case causing it to discolor & look dirty.,1
"Eğer bir psikopat , soğuk savaş yılları içinde en büyük Vogue ' u zevk alan bir dönem , Dünya ' nın yalan söylediği şeyleri hakkında ve devam , bu onur hiss ' a olmalı .",0
"It's good while working nights, however the clip is not good",1
"Bu , halkın orada olduğumuzu biliyor çok etkili bir yoludur .",0
Good quality and works great with iPhone X and iPhone X max with covers as well,1
"Ancak , iletişim biz beş bölüm ve ajansları hiçbiri , tüm kuruluşlar yorum için mevcut tüm kuralları tespit eden ana sayfalarında bağlantıları vardı .",0
"Initially it covered the tree just fine.. not too thick, used 2 cans to cover two small birch trees - however, 24 hours later the whole thing came off - it almost evaporated!!!!!:( . this is not a good product.",1
Save your money buy the $5 chapstick or lip balm from your Pharmacy this is nothing out of the ordinary,1
"Bu grant , Güneybatı Teksas ' ta adaleti sağlamaya çalışırken , bu yeni yasal tavsiye hattı , binlerce ailenin en çok ihtiyacı olduğunda kritik yasal tavsiyeye erişim anlamına gelir .",0
Cute little toys. My daughter would love them. We go to the beach every summer on the weekends. They look like good quality and the right shapes to make a tiny castle. The color are nice and shiny.,1
Baggot Caddesi Köprüsü ' nde bord f ' nin merkezini mi bulacaksın ? İlte ( irlanda turizm kurulu ) .,0
Huge - cannot fit inside pants. The are comfortable to wear as pajamas.,1
"Looked like it was going to be another homage to 80's horror in the vein of Ti West but it just doesn't know what it wants to be and wraps everything up in a really sloppy way. Setup, location and atmosphere are all there they just didn't know what to do with all of that after they jumped into the actual story. Kind of a disappointing miss since that is my only real complaint. All of the pieces were there for a great throwback horror movie and it was all squandered",1
They're cheaply made fell apart within a few intense sword battles. Lets just say I wouldnt bet your whole defense against a five year old dragon on these holding up.,1
I replaced my Phillips hue lights with these because I couldn’t get them to work outside and I must say these lights are fantastic they work just like wonderful from sunrise to sunset.,1
"This is a great, inexpensive wireless charging pad. It's the first one I've owned so I can't compare it to anything else, but it charges my Pixel 3 just fine. My only gripe is that the phone needs to be completely centered on the pad in order for it to charge. Other than that, it's been great.",1
"Good quality and fit. Not overly bulky but has Durability enough for an 8 yr old boy. I would purchase again,especially if it was at a reduced special price like the one I purchased. WHAT A DEAL!",1
"Bu doğal güç , erken zamanlardan beri insan tarafından saygı duyulur , Pan ' ın mağara-Tapınağı ' nın gösterdiği gibi , Suriyeliler ve Yunanlılar ' ın yayını özel .",0
"I really love this bottle but after two days of using, it is already broken. So sad about it.",1
"Satheri , bir ateşindeki ' da büyük demet almak gibi , tamerlane isimli birinin kurbanlarından yaptığı vurgun gibi. bir ip test etti , sonra bloğun kenarında oturan bir pozisyona düştü .",0
Kısa bir süre sonra kalın sıvı ile dolup taştı ve ellerini aşağıya doğru koştu .,0
"Çeşitli temalar uzay , sağlık , iletişim , tarım vb .",0
Iyi bir anlaşma yaptım .,0
"Ronald Mayıs , diğer dedektiflerin onların onunla paylaştığını ve bu da ick ' in izin sürecinin daha sorunsuz gitmesini sağladığını bildirdi .",0
Televizyon reyting biri ve bazı reytingleri süreç ve televizyon istasyonları için grafikler yapıyorum onlar müşterileri bu yüzden,0
The fitting for the low port did not fit on any of my (3) vehicles that I tried it on. It appears there is a small black o-ring not in the right place that will not allow it to go on far enough. All my vehicles are Ford products with nothing unusual about the low port fittings.,1
"Beyzbol fizik yörünge çizelgeleri gözden geçirip , beyzbol bilim ve folklor folklor göz kulak olmak , puget ses fizikçi Andrew Rex ile yapılan konuşmalar ve uzay mühendisi ve beyzbol araştırmacısı Roger Hawks ile yazışmalar , mcgwire home run 474 metre kadar seyahat ederdi .",0
"I wear a medium and that’s what I ordered, it fits great. The color (wine) is as shown, a bit thinner than expected but perfect for summer.",1
Valla ben de kadar mi,0
"Birkaç şehir binasını havaya uçurmak , pek çok güneyli bunu büyük bir suç olarak görmedi .",0
Bu kısa kesmek nefret ediyorum ama işe geri al iyi olur,0
Ve diğer kısmı anne baba anne baba olmayı bıraktı,0
"Acil Durum Ayarları ' nda motive edici müdahaleler , risk alma açısından önemli klinik sonuçları , içmenin olumsuz sonuçları ve zaman zaman içki ' indirimleri .",0
"Anytime you receive an item and it gives instructions on how to take it apart to fix it you KNOW you're in big trouble. After about 10 minutes of using the Stereo Printing Pen it stopped working. I could tell it was jammed by the noise it was making. So, I used the handy ""how to take it apart"" instructions and nearly mutilated it. After almost pulling my nail free from my finger I got it open. Yelp, it was jammed. Got it free, put it back together, and started again. About 10 min later again, it jammed. I took it apart and repeated the process. However, this time when I tried to reuse it the ""squirter"" part kept falling out. By this point I'm getting PO'd. I let it cool down and gently pushed the squirter part back in. When I plugged it back up it read ERR which I assume means error. I've tried taking it back apart and blah, blah, blah. Nope. Still ERR. Sending it back and gonna try to exchange it. If the next one sucks I'll get attempt to get a monetary refund.",1
Alıcı sponsor olmak için dini organizasyonlar yapmaya çalışıyor .,0
Gizli veya aksi takdirde hassas taslak raporları diğer demek aktarılır .,0
Cesur yeni dünya televizyonda gösterildiği sürece biz de içinde değiliz .,0
"The bath stool itself is a very good product; however, the assembly instructions leave much to be desired. I have assembled many items (desks, shelves, bed headboards, office chairs, etc.) so I""m experienced at following instructions. These were not detailed enough to prevent someone from using the wrong screws early in the assembly.",1
"Correct part, but this is my third one. The plastic becomes brittle and comes apart clogging the filter",1
"The picture quality is great! Now that we have a home theater, watching movies together has become our favorite pastime as a family.",1
"Bu , bu gibi davranışlar , iş arkadaşlarının , kadın ofis çalışanlarını çay servisi yapmaya veya işyerini temizlemek için zorla seks yapmaya aralıkları aralıkları .",0
"Çeşitli kriterler , veri tabanları ve nüfus sayımı bürosu bilgileri .",0
Şimdi Lee County ' den a ' a kadar ' kaplıyor .,0
"My case is bent in on the opening part of the foundation, so the lid doesn't close properly/snap shut. For the expensive price of plastic, I expected a little more sturdiness all around. This product doesn't feel like it would last with a lot of activity.",1
"Yoksulluk aşağı , siyasiler ekstra nakit için gıda-pul fazlaları baskın yapıyorlar .",0
Bazı hasara neden oldu,0
I love it and its easy to use.,1
"Değişiklik olsun diye , bir parça şansı vardı .",0
"The lights worked great for a couple of months, but then quickly started dying out one after another. The product supposedly has an 18-month warranty, but I was unable to contact the seller: the email and phone number on file with Amazon belongs to another business of the same name! Eventually, Amazon kindly provided a refund, but I would not recommend buying this product in the first place.",1
"I have been a nail tech for 23 years, this brush is not good I’m guessing the hair is made from something different???? Can I please return this item and get my money back please?",1
I did not like it when I was putting it together the 2 sided tape was not working well making it very frustrating. I used a strong glue which worked!! I know have it full with records and a metal crate on top with records it feels very sturdy and looks great!!,1
I used an outlet on my kitchen island. The granite absorbed the oil from infuser and stained the island and granite above outlet.,1
Yaaa valla sen tam orda çok bence,0
It works ok- I mainly use it for hip thrust so it would move a bit unless I tight it up really hard. I have purchased a Velcro pad instead.,1
"This is an amazing high end blanket, beautiful, functional overall great!",1
"' beyaza dönüş , ' protesto ettim .",0
"Mozaik Ayrıca , 1204 Haçlı Seferi ' nden sonra istanbul ' dan getirilen ünlü bronz atlar ile basilica ' yı gösteriyor ( üçlü kemerli ana girişin üzerinde kopya , orijinal son restorasyon bu yana Basilica Müzesi ' nde tutuluyor ) .",0
"Vadideki diğer mezarlar mısır hayatı , ölüm ve öbür dünya hakkında çok daha öğretici .",0
Oh çok seviyorum eşim anlamıyor dışarısı yüz derece olur dışarıda olacağım ama bahçede çalışmak için çok sıcak ben ağaçların altındayım eğleniyorum ve su içmek için durduruyorum o yüzden ne sorun bu,0
"The item was too small, I attempted to send it back and was given an address in China! Would have cost more to ship than the item itself, I informed the seller and then gave me a US address to return it to, I sent it back 3 wks ago, I did not provide them with the tracking number, and have since misplaced it, however it has not been returned back to me and my account still has not been credited. I’ve contacted them twice for the status and have not received a reply. Very disappointing.",1
"Ernest Hemings gibi Amerikan gurbetçilerin ? way f . Scott Fitzgerald , Gertrude Stein , John Dos Passos ve theodore dreiser da özgür yaşayan mistik ' e katkıda bulunmuştur .",0
"Ve bu da beni yaptı ama ben bir spa ' ya gidip , iş bir insan değilim .",0
Küçük Hanım ' ı anlaştık tekrar hoş geldiniz .,0
"Daha fazla kişi yarışmadan daha ' e kadar bırak , aktif yatırımcıların azalan araştırma ve ticaret değeri önemli hale gelecek ve pazarı alt etmeye başlayacak .",0
"Doesn't work well, not comfortable",1
I have to say I am pleasantly surprised by this blender. I ordered it as a replacement while my Vitamix was being repaired so that I could continue to make my morning smoothie. I was amazed at how easy it is to use and clean. Even though I have my Vitamix back I have continued to use this for making smoothies!,1
"Karayipler ' de en vahşi olmayabilir ama fwi karnavalı en uzun , 24 saat kadar .",0
"8 ) Fon toplama pisliği daha yakın olan işçi sekreter adayı alexis herman , Senato ' nun Lake ' i olması memnun olduğu için artık kolayca teyit edilecek .",0
I’ve only had it 3 months and it’s already not working,1
I paid 300$ for this a little more than a year ago. The cold in my area SHATTERED THE BACK PLATE. The home button selectively works. The screen had chips on arrival and I HAVE NEVER DROPPED IT. The battery life doesn't hold a charge and dies after 2 hours and take 5 hours to fully charge. Who ever refurbished this phone did NOT make it user ready. And too boot the price drops to $175,1
"Bu kuralları bilmemek , size düşük sonunda bir bahis bir ; tekrarlanan ihlalleri kumarhaneden ihraç edebilir .",0
"Louisiana ' daki şimdiki cajun nüfusu , yüz binlerce ' , hala büyük ölçüde kilise .",0
A few problems pairing it... had to done it 5 times (Even so I am an expert on electronics),1
"Ayrıca , önceki analiz gibi , son analiz , 604 bölüm ( a ) altındaki hastanelerde kuralın ekonomik etkisini en aza indirmek için alınan adımları tartışmak . ( 5 ) .",0
Güvenlik yöneticileri ve sistem yöneticilerinin sayısı,0
"Larger than expected. Lots of wasted space. I'd prefer bigger day blocks for writing, but the tabs are nice.",1
"Coğrafya ( tercih olmazsa ) daha basit , ülkeyi sadece beş Paris ' e ve çevresinde ( Fransızca olarak bilinir ) , kuzeydoğu ( Picardie , şampanya-Ardennes , lorraine , alsace , bordo ve jura ) olarak . ; Kuzeybatı ( Normandiya , brittany , ve loire vadisi ) ; Güneydoğu ( savoie , rhone vadisi , provence , cete d ' azur , ve korsika ) ; ve güney ? Batı ( Dut-Limousin , p ? ? Rigord , Atlantik sahili , pyr ? ? ? N ? ? Es , ve languedoc-Roussillon ) .",0
Too small for adults might be good for a kids party with fancy juice drinks.,1
Very poor quality. I’m returning them,1
"Dans , ingiliz maypole dansı gibi bir şey , es migjorn gran ' da fiesta sırasında icra edilir .",0
This product works amazing as it mentioned. I would definitely recommend it.,1
The rolls need to be a little bigger.,1
Ne zararı var görmek için ama,0
Düştü ve çatladı kafatasını açtı ve bu bir bakıma ama sadece korkunç,0
Ne oldu ? Drew aradı .,0
", ticaret yayınlar bildirim yerleştirmek veya bir çağrı merkezi ayarlamak ) .",0
Basın Toplantısı Profesör ' ün hayal ettiği gibi gitti .,0
"Önde gelen örgütlerin CEO ' su ( CEO ) , cfo ve finans örgütü ' nün , tarafın genel iş performansını iyileştirmek için oynadığı önemli rolü anlıyor .",0
Bought this for a mission trip. To put my bible and a few other things to carry door to door and the straps both broke. I had to retie them.,1
"Bu tür bir anahtar , hafif bir yok , ışık miktarının bir ölçüsü ve havada askıya alınan parçacıklar tarafından absorbe edilir .",0
"This is a really nice scooter! I’m very happy I chose this one after looking at so many. Very sturdy, but also lightweight at about 17 pounds. It only has a few steps for assembly. Very easy to maneuver over carpeting and tile floors, moves fast so I’m careful to go slow. The brakes work really well. Mine has no squeaking sound at all. Very fast delivery, took about 3 days. I love it! Update: A month later the seat cracked off. I was very careful with it & very rarely used it outside. The seat and metal bar it’s attached to seemed to be slanted, then completely snapped off of the bar while I was on it and I fell off. I had to order a new scooter, but I’m going with a different brand. It’s too bad, I really liked it but to crack off like that after normal use is unacceptable and dangerous. I should’ve taken note of another reviewer stating the same thing.",1
I liked the lid and the color. The circumference of the glass is larger than I excpected. It doesn’t fit in my car’s cupholder and is a bit awkward to hold with my small hands.,1
Modern ve geleneksel değerler arasındaki sürekli çatışma Japonya ' da karşılaştığınız sayısız büyüleyici çelişkiler yol açar .,0
"Genel Muhasebe Ofisi , seçilen dairelerin performans anlaşmalarının kullanımı için yönetme , gao-01-115 ( Washington , d . C. : Ekim . 30 , 2000 ) .",0
This bra is really comfortable and fit as expected. The only down side is it's underwire. I knew this when I ordered it and it's not bad normally but if you become engorged it can be more painful (no more so than any other underwire). It's each to nurse with and feels like a much more expensive bra than it was. The slight padding is nice. Very happy with this bra and love that I got it in 2 days.,1
"Miller ' ın dediğine göre , hiçbir ilçe birleşme yüzünden bir ofisi kaybetmek .",0
"Fe Var Hakimler ' in adalet yapmak ve haksızlık yapmak istediklerini biliyorum , California Temyiz Mahkemesi ' nden adalet earl Johnson ' ı gözlemledi ve raporu yazan komiteye başkanlık etti .",0
Solved my issue with continuous flats,1
Çok iş var çok iş,0
A stick of butter BARELY fits in this butter dish. Just a heads up.,1
"Incredibly boring, did not like this at all!",1
UM-hum evet var ah biraporetti ' s bizim en sevdiklerinden biri gerçekten güzel olmuş italyan,0
"Watched the tutorial video and this is way overcomplicated to put on. It has u put water on the screen first. I still cant get all the water out from underneath my screen protector. Also the protector is 2 or 3 mm smaller than the size of the screen, making it difficult to center properly.",1
Ilk yaptığın şey olabilir . ' ',0
"Ayrıca , yanıt olarak hiçbir yorum olduğunu da rapor ediyor .",0
These tee shirts are a bit bulky not ideal under a dress shirt I bought them to do yardwork and they do the trick I go through so many tee shirts that these are the ones that I don't worry about stretching or staining A few issues with loose threads but would rather have four of these than one Calvin Klein,1
"Özellikle , Nixon ' ın ünlü sessiz çoğunluk konuşmasına yanıt olarak gönderilen el konulan telgraf ve mektuplar için 90,000 dolar istiyor .",0
"Ancak ekonomi aslında % 3 ' de büyüyen , istatistikler % 2 ' de büyüyor ve daha hızlı büyüsün söyleyecek .",0
"Cute jars, but the description states they are Ball Wide Mouth., They are not wide mouth jars at all!! They're not even a regular mouth. I can not use them for the project I need to use them for. And I don't have time to fine the right jars for the project. I'm going to have one very disappointed seven year old.",1
"Evet , Şükran Günü ' nde Türkiye ' den çok jambon tercih ederim",0
"I wish to return this product, It was not what I could use. I'm still waiting for information how to do this. I was not given a return label. I received no other directions.",1
Exactly what I was hoping I would get.,1
"This is my first time being a pool owner. This pack seemed to have a little bit of everything, except quality. I thing you would be better off going to the dollar store and get some things. Not even a whole day of playing with the water shooters, and they broke. Not into pieces, just stopped sucking up the water. The gasket didn't come off, it was kind of weird. The jewels were pretty cheap looking. However, I did like the diving sticks and rings.",1
"I could write a lot about this book, but it left me a crying snotty mess and very few books do that so, there ya go.",1
"Within days of putting it on the computer, the bottom part of the case broke, rendering it useless. My daughter already had stickers all over the top part, so we could not return it. Contacted customer service to try to get the bottom cover replaced & received no response.",1
Hana ' ya giden yol tropikal ormanlar ve gerçek hawaii ' nin kalbinden geçer .,0
"Great ideas on what to use, but don't look for any how to create.",1
"I love this. But I can’t use it, and here are the reasons: PROS: -Color true to the picture. -Arrived on time with no scratches. -Closes perfectly (not loose like some flimsy stuff). CONS: -the bag part is veryyyy small and would only hold a phone . It should be called a belt with storage but definitely NOT a bag of any sort. So, I was going to wear this on my trip to the beach but it didn’t fit anything and I had to carry my big bag to be able to hold some cards.... I still loveit and wear it as a belt = )",1
"Sayfa Seçin , ayda 6,000 ve 80,000 tekil tarayıcı çekiyor .",0
Ama Teksas ' tan beri beri bu kadar yakından gördüğü ilk kızılderililer oldular .,0
"Parkson ' s , tanınmış tiyatro costumiers , ve ( tartışmalı başlangıç ) Cavendish , beyefendi . , Styles court , styles st . Meryem , essex . 127 T Olabilir . , ya da l olabilir . , dedim , bir iki dakika ders sonra .",0
I have a thick mattress and bought the cal king size and this is def not deep pocket. It kept slipping off so I returned it. They’re ok sheets dunno why it’s so raves about.,1
Sanayici oğlu emreder ' i işaret etti ve astronom oğlu başını salladı ve eve doğru bir koşu yaptı .,0
"This smartwatch is one of the best compared to the BIG name. It does it all, for a much better price. It also has an adjustable wrist band that will fit any size. It is easy to sat up all functions, just follow step by step instructions. Oh and it came in my favorite color lavender. I recommend this watch to anyone who is interested in buying a new watch . There is nothing I don't like about this watch.",1
"Kardiyolog kocası ( Martin Donovan ) onu terk ettiğinde , Judith Nelson ( Holly Hunter ) dünyaya çıkar , acısı onu her şeye ve herkese anlayışlı hale getiren -- ASANSÖRDEKİ ADAM ( Danny Devito ) ile arkadaşlığını davetsiz amorousness geri dönen şarkıcı ( Queen latifah ) ' a , ' i genç kadınlarla birlikte dans eden .",0
Ve bence çoğu insan daha iyi anne baba olur biraz daha olgun olunca gerçekten,0
"Mali yıl 1986 ' den 1995 ' e kadar , örneğin toplam ithalat girdileri % 242 oranında arttı , 11 . ' den itibaren .",0
Oh bu delilik,0
Arka taraftaki ilginç bir bina tutmoses ııı ' ün festival salonu .,0
"Great product, a little shorter than I expected, but they work fine",1
Bilgi Teknolojileri yönetimi .,0
I wanted to buy these glasses to flex on some people. When I put them on I found out for an average male head they are too small to fit on my head. My girlfriend had no issue and they worked great but it just was too small for me and so I returned them.,1
Color not as bright or as expected.,1
"Ve ben sadece fotoğraf olmak biliyordum . Biliyorsun ki , bu deneyimi tekrar yaşamak zorunda olmadığım için mutluyum .",0
I buy dozens of these and I feel the last pair I bought were different material and the tag has moved to where it's uncomfortable.,1
"Good sprinkler, as described. Is pretty light weight, so think it might break easily, bu so far, so good, covers a large area.",1
Daha önce de delici bir bakış attı .,0
Ve bence bu çok hızlı bir şekilde ölecek . Biraz destek alıyor . Çok fazla insan vardı. ve kovboylar geri dönüyor . Bir oyun kurucu için yıldız özelliklerini almış gibi,0
"Pros: 4 way brightness settings along with an amazing strobe and SOS setting as well. Carry 7 days a week and use as a tool at work where they provide Streamlight and Blue Colts but prefer this for its lightweight and easy to carry. Has the pressure or lock-in on and off and can be weapon mounted. Waterproof, easy recharge and will be honest have never used the battery provided, I buy the Tenergy 18650 batteries and charge in a separate charger. I have purchased 4 all together and still have 3 working like new and I'm hard with usage and dropping them. Could not be happier with this flashlight. No cons...Period!",1
Ne zaman başka bir şeye benzeyen bir şey varsa,0
Functional. Quite smooth. Low quality finish with silk screen printing peeled off when received. Knob on the handle can get loose and fall off.,1
"Don't waste your money, a LED light bulbs are supposed to have a life span of 1-2 YEARS. More than 10 have burned in less than 6 month. Bad quality.",1
"Hhs , son kurala giriş dahil olan bir düzenleyici etki analizi gerçekleştirdi .",0
"Bought this product as a gift and the first one didnt work - the lights wouldnt come on indicating charging. Completed my first Amazon return, and had a new one (that worked great!) before I could even get the broken one to the UPS store. Completely happy with the entire purchase (even the broken one because life happens and it was so simple to get corrected!)",1
Bezelye beyinli dinozor ' un acımasız klişe için çok fazla .,0
"Transfer tape did not stick to vinyl. Ended up throwing the entire roll out and purchasing the Cricut brand transfer tape, which easily adheres and can be used multiple times. Would not recommend Oracle brand transfer tape at all, though I prefer their vinyl over any other brand.",1
Snap kept coming undone.,1
Wish they were longer,1
"Katılımcılar , vizyonu hakkında bir eylem planı çizdi ve geleceği tahmin ettikleri gibi konular , finansman ve personel açısından gelecek .",0
I really love the color. I put a popsocket on it which makes it really nice to handle. Unfortunately the slot that you put cards and gets stuck. So I have to take the whole thing apart to take any cards out which makes it very inconvenient.,1
"It is certainly better than no remote. The only negative I've found is that it is constantly very easy to hold the remote in the opposite direction because of it having the same feel on the hand. So if you are changing the volume or channel without looking where the remote is facing, you may be pressing the opposite of what you intended to press.",1
"Bazı insanlar kendi başlarına idare edebilir ve bazı insanlar biraz yardım ile idare edebilir , Çayır Devlet Hukuk Hizmetleri ' nin idari avukatı linda rothnagel dedi .",0
"one of the rings came off, and had to glue it.....and then if came off again ! this time, I took it out by cutting it......",1
"Aynen öyle belki de benim şapka konuşuyorum sanıyorsun , ama malları teslim edebilirim , senin ücretini harcayacak kadar .",0
"I mistakenly sent feedback on the delivery to Trtl who were quite prompt on the reply. (Amazon had sent 1 instead of the 2 I had ordered.) As for the product itself, I'm one of those ""overly warm"" body types. So, I look forward to ordering the next one with a more breathable wrap.",1
"Bizim leke ve gömgök ve toprak , o öneriyor , zaferi affeder .",0
"James Geçen yıl , aile içi şiddet ve aile ile ilgili sorunlar , sosyal güvenlik ve ek güvenlik geliri , gaziler , konut ve tüketici dolandırıcılığı davaları gibi sivil konularda yardım sağlayan 3,000 ' den fazla müşteriye hizmet vermektedir .",0
One of the slots was made too big so the capsules fall out. I would order the one from the Nespresso website and not waste my time on this,1
Pointless annoying toy that is way to much for what it does. A very pointless toy,1
Alkol ne kadar süre sistemde kalıyor yani biri dışarı çıkıp bir gece önce içki içen biri varsa o da ertesi gün orada olacak,0
Büyük kılıç sallandı ve jon yuvarlandı .,0
Very very quite headphones. Can hear my box fan over the sound of the game with my headphones on.,1
The only thing I disliked was the embossed brand name.,1
It's entertaining but not exactly a shocking revelation or anything deep. Main takeaway is JZ is all business all about $$$$$ In that sense he missed a big chance to cash in on the royalties on this one !,1
I'm on my third week which means I've replaced the filters 3 times. I have not seen any observable difference in nitrate levels. This is including doing weekly water changes. I have these filters in the highest flow area of my tank. These do not seem to be magic nitrate removers. I'll give them another 2 weeks and see what is what but I'm probably going to try a reactor.,1
"I purchased this item with the hopes of using it in a small laundry room. Compared to others on the market, it seemed to be priced just right, especially considering it looked halfway decent. But considering its size, I knew it would have some limitations. Let's start by saying that, yes, this product did do what it is designed to do - after an hour of running in my kitchen I noticed some water had begun to form in the collector. Knowing that the product now worked as advertised I proceeded to unplug the dehumidifier from the wall so that I could move it to my laundry room; but when I touched the plug to remove it from the outlet, I was met with an unfortunately familiar feeling - the sensation of burning. I quickly removed the plug from the wall and allowed it to cool down for a half-hour before testing it again in the laundry room to see if the plug would heat up as it did in the kitchen. Now, mind you, I read through the reviews for this product beforehand and didn't notice anything of concern initially, but it was at this point that I looked back at the reviews again - and found that there were other instances of plugs getting too hot, burning, and melting. Now, the product had been plugged in again for all of five minutes, so I decided to see how the plug was faring this time around. Sure enough, the plug was SCORCHING HOT, even after just a few minutes. The smell of melting plastic filled the air, and my fingers were left slightly burned. Now, I beg of you, DO NOT BUY THIS PRODUCT - IT IS A FIRE HAZARD! Amazon, please cease to offer this defective hazardous product. I've never left a review before, and I've purchased hundreds of products on here - please, look at other dehumidifiers (as I am now doing) as this product undoubtedly has the potential to cause a fire, and thus potentially untold damage to both property and life.",1
I'VE TRIED THIS PRODUCT SEVERAL TIMES AND IT JUST DOESN'T WORK FOR ME.,1
Ölene kadar ne kadar küçük olduğunu bile görmedim .,0
"This binder is big, perhaps too big to fit insides a backpack.",1
"Kıyafetleri , sakalı , gözlerini ki gözlük bunlar kişisel görünüşü ile ilgili çarpıcı noktalar .",0
Liberaller ona bir yüzyılın en büyük kahramanı dediler .,0
"Los Angeles ilçe sanat müzesi ( 5905 wilshire bulvarı ) , şehrin en büyük müzesi , yan tarafta yer almaktadır .",0
"Alfred Inglethorp , tabi ki !",0
Ve Bu standı sürdürmek çok kolaydı o hayatın bir şey olduğunu bildiğin bir şey,0
"The quality of the ""leather"" is definitely not like the photo shows. It is obvious to me that this is not distressed ""leather"". The magnet on the latch is not strong and will not hold it shut. I will be returning this.",1
What I dislike is you constantly bugging me about a damn review. Well here's one for you. FUCK OFF,1
"Ikinci olarak , bir sitede eğitimli tam bir saha çalışanı korumanın maliyeti yüksek , böylece atanmaya daha kısa gözlemler veya eğitimsiz saha işçileri veya her ikisi için de anlaşmak zorunda kaldı .",0
"Örneğin , üyeler arasında tartışmalar yavaş yavaş bunları özel sektör ' den kazanç",0
"Bariz silah şakalarını yasadışı göre , onun çift namlulu penisi olmalı .",0
It’s really good for keeping your variables when you go out for a walk or when you are in the gym working out. I wish the have bigger sizes for plus size women tho.,1
"Quick read, pretty good story line with a nice HEA",1
"Tüccar , düşünceleri boyunca takip etti .",0
"15 yüzyılın sonuna doğru inşa edilmiş ve iki yüzyıl sonra genişledi , şimdi fransiskan rahibeleri tarafından bir okul koşusu .",0
"Merak etme delikanlı , tabela değişiklikler kadar seni bir şekilde vivified. ama inandırıcı gelmedi .",0
"Feels nice, good coverage, shows off the back of the phone well.",1
Yeraltı depolama tankları,0
Ayda 20 zloti veya her ay 20 zloti taksitle uygun bir alışveriş seçeneği sunuyoruz .,0
Teknoloji ve pro se girişimi dilediğine tarafından verilecek .,0
Bütçe bir süre size şehrin bu kısmını 300 yıldan fazla süredir tanımlayan yaşam tarzını mükemmel bir şekilde beton .,0
Will not connect to my WiFi. Customer suppprt does not exist,1
Alkol sorunu olan ed hastalara daha fazla özen göstermek için acil hekimler yüzünü ilgili araştırma çağrısında bulundu .,0
Çenesine kızgın kırmızı bir iz vardı sadece bir santim ya da o kadar uzakta çenesinin noktasından .,0
Şoförün yanına bile oturabilir .,0
"Masraf verileri , mali yıl ve önceki 4 mali yıl için nominal dolar olarak ifade ediliyor .",0
"Tahmin edilebilir bazı dinlerarası çiftler tek bir din seçer ve buna bağlı , diğerleri çocukların karar verir .",0
"Iyi biletler için seyahat acentesi üzerinden önceden iyi plan yapın , ancak senin son dakika iptal edilen koltuklar için yardımcı olabilir .",0
Ben Normalde Kuzey Binası ' nda çalışıyorum ve sen de biliyorsun ki yöneticilerin orada olduğunu bildiğin için çok iyi bir tane olurdu ama bilmiyorum bence bu sadece bir tür standart executive yemek odasına servis yapın ama bence onlara farklı yemek veriyorlar,0
Ah birkaç yıl yaaa,0
They were not sewn very well. The seams on two pair were not seen all the way closed. Very disappointed.,1
I have the same pants in black & pewter and they put perfect I don’t understand why the eggplant are too tight. The only difference is where I purchased them from.,1
"This product lacks one aspect that would make it great, and that is rubber around the expanding grips. Yes, the item sits in a cup holder but since all cars cup holders are plastic and this item is plastic, it leaves you with a very slippery and frustrating installation. Now that I have griped, here is the solution. Wrap some large rubber bands around the base before placing into the cup holder.",1
"The coffee maker makes very tasty coffee, but the coffee becomes tepid is just a few minutes in the pot. I guess I will go back to a glass pot with hot plate on coffee maker. I like the simple way of its design; not a lot of whistles and bells. I just can't stand coffee that is not hot. I am returning it.",1
"Kabuki Tiyatrosu , Zen Kaya bahçeleri ve ikebana çiçek düzenlemeleri ' nin resmi güzelliklerini alın ; tüm noh performansı boyunca uyanık kalmak için mücadele edin .",0
Saha işleri sorunları .,0
"The jacket is too short. Yes, I'm 6'2"", but I followed the conversion chart.",1
"( İe4 ' in bir deneme sürümünü şimdi indirebilirsiniz , isterseniz . ) ) )",0
"picked up a few ideas out of this book, made me think (",1
"Maui önce düştü , ardından oahu , lanai ve molokai izledi .",0
I have bought this before and it was wonderful. But the product I received this time in the mail was bad. I think that air was leaked into the product so most of the glue got hardened especially on the brush. Taking off the harden glue made the brush even more frayed. The liquid that manages to come out is clear instead of white then dried clear. I had the product before and when it is mostly clear liquid it is when it was older. It is truly a bummer that this happened. :(,1
Brüt Milli Kurtarma,0
Londra ' dan ya da her yerde bu oyunları görmek ilginç olacak,0
"Bu hizmetler genel olarak mali denetim , attestatıon etkileşimleri ve performans denetimler ile ilgili olarak farklı ( 1 ) , bilgi veya verilerin doğrulama , analiz veya değerlendirme yapmadan bir talep partisine bilgi veya veri sağlar ve bu nedenle iş genellikle bilgi veya veri hakkında sonuçlar , tavsiyeler veya görüşler veya ( 2 ) , varlık değerlendirme , aktüeryal hizmetleri veya bilgi sistemi tasarım hizmetleri gibi , Varlık ' ın operasyonlarını doğrudan destekleyen görevler için bir temel teşkil etmez .",0
"ok for keeping a few papers separate but not the document storage envelopes, that I thought i was buying.",1
Çok sağol reese sabit sokaktan aldığı aynı acelecilik ile gitti .,0
"Feribot ' in karşısındaki feribot , meydanın yakınındaki bir noktadan , bir diğeri de Batı ' ya yakın bir yerden , trenler-Tren istasyonu , trenlerin estoril ve cascais için gittiği yer .",0
Ve ülkenin senin kısmını bilmiyorum ama burada geçen yıl oh yıl artı ben geçen yılın dünya günü ile son başlangıç,0
Rangers ' ı görmeye gider misin hiç ?,0
I am really disappointed!!!!! It says Spray and they sent me the rollerball. That's not what I wanted. I wanted exactly what it says Travel Spray. I've written to the seller and waiting on a response.,1
"Merkez , ulusal film arşivi , bir bilgi merkezi , bir kitapçı ve bir kütüphane içerir .",0
"Dallar büyük ölçüde noncompeting , bazıları kapalı olacak ve yaklaşık 15,000 iş ortadan bekleniyor .",0
"For a company that bills itself as environmentally friendly it is obnoxious that they don't offer larger refill sizes. What a waste of plastic. That said, the product itself, the soap is great.",1
Great for protecting the back of my seats. I have them on backwards so the pockets face the seat. I had one for a couple of years and it worked great! So i bought two more to protect my other seats.,1
"Ilki , ev kişisel tüketimi değişiklik olarak , tüketicilerin bu net harcamaları , sonra keyif almak için sunulan ürün ve hizmetleri ölçme .",0
i mainly needed a sim tool however i find myself using the plyers on this fairly often i just wish it was a little more low profile so it would fit more comfortably in pockets other then that it works great.,1
"Bazı katılımcılar , dolandırıcılık tespit etmek için geleneksel mali açıklama denetimi ' nin ek olarak takviyesi için düzenli bir adli denetim ihtiyaç olabileceğini düşünüyor .",0
"Beautiful, super soft and stays put on my sofa bed",1
"Bir kaç gün önce adamdan yardım istedi ve eğer tüccar haklı olsaydı , bunun için neredeyse ölüyordu .",0
Yaaa sen de güle güle,0
Installed and worked for one day. Froze up. Waiting to see if seller will refund money. Trash,1
"Well made, easy to operate espresso maker. Does not require a separate tamping function. I would have given it 5 stars except the operator's manual is among the most poorly written I have ever seen. Not sure if it was just a lousy translation from Italian or if the writers simply don't know how to write in clear English. Either way, trash the manual and watch online videos on how to operate and maintain it.",1
Stylish and a life changer for my work station,1
"Burada görün , bu işin içinde hiç avukat istemiyoruz dedi .",0
"3 month update The bottle has become harder then it originally was so it will not work as intended and given its price you can order a brandname for cheaper now , they used to be 30$ but now cheaper than these ones and will have a softer bottle for sure Works well but bottle is a bit on the hard side - been using for a few months no issues , just be carful and dont over crank when filling and refilling compared to my brand bane flask that lasted 2 months before it came apart at seams —- this is a great buy just wish for a better and bigger bottle",1
"Lane Crawford Ltd ' ye bak . , Pacific Place ' de şubeleri olan lüks bir mağaza , 70 Kraliçe yolu ve liman alıntı kanadı , Hong Kong ' un en eski ' biri ; Marks ve spencer ; ve Japon bölümü mağazaları , mitsukoshi , sobo , ve seibu .",0
Belki de onu gerçekten seviyorum .,0
"I thought it would be more loose fitting, which is why I got a bigger size, but it was still form fitting. Overall, it's a pretty shirt. Nice and long to wear with leggings.",1
İnsan tarafından oyulmuş bir heykel olduğunu bilmek bile onun merak azaltmak için az yaptı .,0
"Horrible product, as soon as I put it on my wrist the cheaply made braclet shattered! I would not recommend this to anyone!!!",1
"Purchased to put tea in. Placed it into dishwasher and melted, never got to use it.. seemed nice though",1
Very cute hat and glove set but did not fit my 3 year old. It fit my nephew who is 11 months old.,1
"I'm not a person who leaves bad reviews on products unless necessary. But this Juice from Raw tasted so gross to me. The Pine-Apple Mint was the only one I was able to drink. I felt like with the greens, I was literally eating grass. The Detox had to much dandelion in it for me. And I had to choke down the Sweet Greens. The spicey lemonade was too spicey for me. I am really disappointed in this Juice from Raw, I couldn't even get through one day! I would be returning this item if I could.",1
1986 yılında Portekiz Avrupa ekonomik com ' a katıldı ? Éunity ( şimdi avrupa birliği veya AB ) .,0
I was pleased to receive this product in a timely fashion and the price 11.00 and some change was a reasonable price for someone like myself who is testing this product out for the first time. Some people say that sea moss basically has no taste when you mix it in a smoothie and such.. Not so in my opinion I mixed mine and can still detect it! I think it would be better in something like a soup cuz it's very sea weedy and fishy tasting. Once I learn how to use it I would probably purchase it again.,1
Doesn’t work for me as well as other Nivea varieties. Also caused a rash and flaking skin. Odd scent,1
Product received in damaged condition. Realized extent of damage after assembly almost completed since came in components. Unable to contact for product return.,1
Sakız groves ulaşmak için Chios Town ' dan güneye gezin .,0
The grates seem kind of cheezy and cheap. Seems like the black paint is coming off of them.,1
"It was only the top and hat of the costume. No pants. Worked for the one day use but is definitely a cheaply made costume. Did not keep after the activity of Halloween. That being said, kid was happy with the results and we didn’t spend too much so in that respect it worked. Wouldn’t buy again however. Would appreciate a little more bang for my buck.",1
"Benzer şekilde , hava taşımacılığı sözleşme kapsamında sağlanır ve express posta için bir sıralama merkezi sözleşme altında ameliyat .",0
They are so pretty!!! So much bling!,1
"Product description says gown but its an all in one pants and way top big for a newborn. The headband stitching is coming undone, very disappointed.",1
15 Nisan 1996 . ' de önerilen rulemaking ' in bir bildirimi yayınlandı .,0
Good price. It works but handle is a little small. Not the best quality.,1
Engaging fleshed out characters. An enjoyable book for a romance. Head and shoulders above other writers in the romance genre.,1
Yaşlandıkça daha iyi olacak bence,0
The softer one didn’t last long before I had to throw it out because puppy started to chew pieces off of the end. The stronger one has lasted for a few months now but we do not leave her alone with it.,1
"The ability to break this down for storage is a good idea, but then you have a bunch of loose pieces. This really needs to come with a case or pouch. It can also be really hard to clean due to all the nooks and holes. In any case, this really works well for a roast (or possibly a chicken). I also smoked some ribs, but I feel that the gap between the supports is just a little wide and the supports themselves are long long enough. I did three racks of St. Louis ribs, and I had to fold over the ends , lest they droop onto the grill. If doing ribs, I would also recommend a single longitudinal support bar so the ribs don't sag between the two sides.",1
Friend referred me to these sheets so far they have washed well,1
"Değerli mallarını santo ( kutsal yüz ) , nicodemus tarafından oyulmuş ve mucizevi güçlere sahip olduğu ve ılaria del carretto guinigi ' nin zarif beyaz mermer mezarı olan usta heykeltıraş ' in ( 1408 ) eski kilise .",0
"Hakiki madeira pastası , bolo de mel ( veya bal kek ) birçok farklı boyutta satılan , evde ne uzak bir ağla .",0
"I was sent the wrong flavor (maple instead of sriracha, abd sriracha is literally the only flavor I like), and it’s non-returnable.",1
"Hayır dostum , bu kanıt çok zekice üretilmiş o kadar zekice ki kendi sonunu yendi .",0
Very cute! My daughter is 7 and loves it. We haven’t seen anyone at her school with it.,1
Çok daha az iş adamı olan birinin başarısızlığı olacak .,0
"Not worth the money. Missing light and metal edges were distorted and bent. Hardware was also missing. Update, Glove seam split open second time using it. This is junk!!!!!",1
"Uluslararası Kalkınma ' nın ana sayfası , bakım sitesi ya da reliefnet , insani kuruluşlar yardım etmeye adanmış kâr amacı gütmeyen bir kuruluş , küresel farkındalığı artırmaya ve internet üzerinden yardım çabalarına destek vermeye teşvik ediyor .",0
"Çiftçiler , esnaf , çobanlar ve çocukların gününü bitirmek izledi .",0
Better quality than I expected for the price. Our boy is happy with it!,1
Just what I was looking for bath time,1
Vah vah başkan bu davayı ',0
Exactly what I ordered,1
"Mısırlılar , horus ile Seth ' in ( timsah şeklinde ) son savaşın yer aldığı yer olduğunu düşündüğü için Horus ' a da ithaf edilmiştir .",0
Ve bunu aramaya devam ettiğim günler benim hayatımda olmayacak,0
It helps keep my wrist but it leaves an odor since I wear it daily. It's not odorless as it says. Otherwise works great.,1
I have come to the conclusion this stuff does not work for me.,1
Kongre üyelerine çin bağışları kongrenin ' in 1994 Oy ' u mfn ' i yenilemek için başladı dair iddialar var .,0
"I absolutely loved this wax before. I'm not sure if they changed the formula with the rebrand or if I just got a bad batch but the wax I received did not work half as well as the bag I previously bought. I found it did not get as firm which would cause many hairs to get left behind. If you guys changed the formula, please go back. This batch was no good.",1
"The sizing is not just right. Said in th listing that it stretches. Well, I don’t think that the case. The pants I can’t use it cos it keeps falling out of my wasit.",1
This is not the Starbucks cup it pretends to be.,1
Neyse bilmiyorum ben sadece,0
"Ve Biliyorsun ki bazen orada yemek yedik ve gayet iyi biliyorsun ki , normalde harcama çok daha pahalı bir şey . Artı diğer şey , ben değilim . Büyük bir deniz ürünleri hayranı değilim .",0
Sahte olamaz .,0
7. her bir konsolosluk siyasi bir gerçektir .,0
I was excited to find this item which had good reviews and a good price. Very disappointed though. The front seats did not have the straps to secure it in and the back seat covers were way too big and looked lumpy and sad. Very very disappointing.,1
You sent me an EMPTY BOX. I returned the empty box to you. Now you aren’t refunding me!!!! I want this fixed immediately. Thank you,1
"Excellent quality, shipped promptly. Very happy.",1
Onun sessizliği san ' doro için önemli değildi .,0
"This is the simplest and cleanest screen protector I've ever used, and I make sure I have one on every screen because my nails are long.You can't even tell what I have, and I'm not a professional at all.",1
Kamp yapmak oldukça belirsiz bir terim . Bir sürü farklı tür ya da kapak . Gece gezileri ya da bazen gece bile değil . Belki bir çadır bile,0
"I really like the thought of having Bluetooth wireless earbuds without the wire. I owned a couple of m-pow headphones with the wire and there were great, but the earbuds were a big letdown when I try to use both earbuds the connection is in and out really ruins the experience of working out. So bad connection and the battery dies 3 hours tops... back to the drawing board",1
"Valla bazen ama diyorum ki mutlaka bir otobüse falan al ve işe al ama ben olsam bir saat ve on beş dakika sürer bir tane alıp sürmek veya yürümek zorunda olurdum bir otobüse yakın bir terminal olduğunu biliyorsun . Sonra beni ana terminale olur . Sonra Dallas ' a gidip bir kaç blok üzerinde yürüyüp , okula gitmek için başka bir otobüse al .",0
"Doğal doğurganlık , Avrupa ' nın en gelişmiş sulama sistemleri tarafından geliştirilmiş , hala Güney ' de pavia ' ya giderken gördüğünüz ortaçağ kanallarında faaliyet gösteriyor .",0
It's impossible to use it. Waste of money.,1
It stopped working after 1 week and I cannot determine how to get a refund.,1
Ona nasıl davranması gerektiğini bilmek çok zor .,0
Yaaa ben yaptım Almanya ' daki yemekleri beğendim baya iyiydi,0
Hi I really like your product but the thing is when I am going to use it and leave the house for my week end vacation the handle got broke..I didn’t even left the house yet.. here is the picture of my bad.,1
"I used this for outdoor workouts. Was easy to assemble, but is a little unstable. I had to anchor it into our deck to prevent from falling over.",1
I ordered this because I like the old mop better. This was not the mop pictured. So disappointed that I paid more money than I would have in the stores for the same mop!,1
"I love it, although my daughter is going through a phase where she hates jackets...",1
Valla he he he gideli yedi ay oldu şimdi çok daha uzun süre önce eve gelmesini bekliyoruz inşallah,0
"The video quality and features are better than expected at this price but the mounting system is junk. In the heat of the sun the plastic gets soft and loses the grip on the camera mount. This makes the camera prone to falling out of the attachment point from the suction mount. Another problem with the camera not being firmly secured is the resulting ""jello"" video from the vibration of driving.",1
Eskiden Dallas ' ın Houston ' dan daha iyi olduğunu düşünüyordum . Çünkü bir evin yanına bir ev bir için imar yerleri .,0
Not worth the money. Too whisk are too soft.,1
The padding inside of the burp cloth itself forms a ball after being washed so they do not flatten out pretty. They are nice patterns but unless you plan to air dry they are totally not worth the price!,1
Amazing! Super solid. Takes a lot of weight without worrying. I’m very impressed. In fact I’m buying more :):) Thank you!,1
"I guess my review of realistic and others is very different, but truly I don't like this one.",1
Not sure its done anything special.... only noticed it accentuates all my blemishes and flaws....,1
Best protein shake around!! Easy to use and comes with a measuring cup. Taste delicious and has no after taste.,1
I have been using this for years and have given them as gifts and they are always appreciated. Positives are that they are easy to do and the smell is not offensive. Negatives are that they used to send cute molds with a bee. This year I got an ugly plain mold of geometric shapes with no life..no bee...no anything. The color has changed as well. It used to be a nice earthy tan color and this year it's an ugly salmon pink color. It's not pleasing to the eye. It says tan on the dye provided..its NOT tan. I hope the recipients of the soap will be happy but of they aren't I probably won't purchase this again.,1
About the quality expected in a cheap kit like this. Still it should work for its intended purpose,1
The product is great and adjust to my phone. Really love it!,1
Lightweight and not a thick eyesore! Thin and gets the view to seem simple but elegant with the right curtains.,1
"Avustralya , Avustralya hükümetinin çeşitli faydalarını sağlayan tek durak bir dükkan olan yeterli , son zamanlarda ödeme doğruluğunu geliştirmek için işi yaptı .",0
9 months later still never recieved this. At no fault to the company btw. Amazon lost the order and no one will remedy this.,1
"Evet , bir vardı . Orada birinin büstü vardı ama bir çeşit kimlik izi falan yoktu .",0
The sheet were very thin and when I opened the package the pillow case was ripped. It was a gift so I ended up sewing myself.,1
"I like that the diamond sharpener is compact, and it has a cover with a clip to keep attached to your pocket; great for chefs, skaters and fisherman. It was very easy to use, and I use scissors often, and I used it to sharpen them. I am pleased with the sharpness of my blades now. The only thing I disliked is that I found it to be a bit wobbly as it pertains to the black piece in the middle.",1
I have used several expensive glass protectors and they never left so many bubbles as these cheap ones. Very disappointed but they were cheap.,1
Gabriel adrin döndü .,0
"I love this company and was excited to try this wrap post delivery. So far it has been good, keeps everything in place and has helped recovery. However, it isn't very big! It covers about half of my torso, so I have to pick like areas to focus on, and then the skin kind of overflows out the top :/ which is disappointing that it doesn't cover and compress everything that needs to be compressed. If it was taller it would be amazing! But since I can get a much taller wrap for less money, I wouldn't buy this one again.",1
Happy to say that I haven't seen any signs of roach's since I have mounted it for a month.,1
Teşekkürler Hanımefendi. iki peni çekildi .,0
Works great for a small or medium room,1
A masterpiece of a thriller. I love it when a book keeps my attention all the way through without giving away the ending. This book did that and more.,1
"Detective Hobbes is not quite human, but a heck of a cop. Hobbes takes in Andy after he burns down his room and loses his job. The town they live in is full of unusual characters. Andy helps in his own way even though he is a klutz. Hobbes takes care of his town and his people. This is the first 3 stories in the series and I enjoyed them a lot.",1
Bill Bradley ve George W. Bush ' un bilmesi gerekir .,0
"This is a good cranberry mustard, but more on the sweet side. My preference is for one that is more tart.",1
This band is nice for the price. It is a little bulky for my liking but overall it was exactly as I expected it to be.,1
"Rahat , güvenli çocukluk .",0
"Not easy to clean , bad product.",1
"Öte yandan , yetkililer ve personel , her bir ajansın tekerleği yeniden yeniden önlemek için itbased katılım mekanizmaları kullanımı için daha iyi koordine etme çabalarına destek oldular .",0
"Eğer kaçak işçilerin hakları yoksa , köleliğe miktar , dedi .",0
"Usually amFilm is my go-to for screen protectors, been buying them for years. However, these LG G7 ones have slipped and even fallen off after even a short fall (like from the couch to the floor). Only the thin black frame is sticky, so there's really not much holding it on. I don't drop my phone often, but still... I need something that adheres to the entire screen, not just the edges.",1
"M ' şapka ile git de ki , Baba , işte senin buralarda ' çocuk",0
We have tried this tablets twice and both times after about 6 mouths the battery life goes and it will only last for a few hours. We had bought them due to the price and now we know why they are cheap I would say put your money towards a better tablet.,1
The fabric was stiff and cheap. Returned it,1
Kentucky evcilleştirdi ; trenler mavi çimen ve oradaki dağlar boyunca puff .,0
Louis Xv ' nin muhteşem kraliyet operası dahil olmak üzere şatonun birkaç parçası ayrı rehberli turlar ile ziyaret edilmesi gerekiyor .,0
Aslında maliyet verilerinin hacmi on binlerce sayfaya miktarlar .,0
"A convoluted journey to the last page and the final chapter left me wondering. Good character development, though not everyone , or maybe anyone, is what you may think. I look forward to more works by this author.",1
"It's a fairly okay lens at the price point. Not a pro lens, but more like an average to below average build quality, but above average image quality. I ended up sticking with the 24-70 f/2.8 II L lens, which is way more expensive and way heavier, however my photography demanded it.",1
"Ilan edilen ürünlerin kalitesi , güvenliği veya yasallığı üzerinde hiçbir kontrolümüz yok , ilanları gerçek veya doğruluğu , satıcıların ürün satma yeteneği veya ürün satın alma yeteneğine sahip , öngörülüyor .",0
"Buna ek olarak , dairelerin tüm seviyelerde yetenek çekme ve tutma yeteneğini artıracak fırsatlar da mevcut olabilir .",0
"A great book, read it straight thru without pause. Keeps reader riveted waiting for the next problem to crop up and how it's solved.",1
1986 yılında onun şakası gerçek oldu .,0
"Güç , emin olmak için , bir dişinin genetik mirasına başka faydaları da getirdi , yani kadınlar doğal olarak güç sahibi olmak gibi .",0
Savunanlar para üretmek için başka yollara bakıyor .,0
My daughter likes this game but i just thought it was ok,1
"Işçi kurtarma programı bölümü gibi 37 çaba , çalışanlarına emeklilik planı seçenekleri ile ilgili olarak işverenler ve bireyleri kendi adına daha fazla kurtarmaya teşvik etmek için bir katalizör olarak hizmet edebilir .",0
"Çevre Koruma Kurumu , 603. tarafından gerekli olan ilk düzenleyici esneklik analizini ( irfa ) yayınladı .",0
These sunglasses work really well for me.,1
Does not hold the phone in place very well and causes intermittent disconnect from the charger.,1
"Beautiful vibrant colors, great material. My only issue is it’s missing two holes at the top that fit a standard liner, and hooks.",1
Yaaa bisiklete bir o yüzden,0
I used this product to clarify the cloudy water in my tank its over a week now . But until now its still cloudy . See picture. Can someone help?,1
"Bir ankete göre , sektörün sağlık sigortası alıcıları tedavi için çip ' e güç ve 250,000 alıcı doğrudan hendek .",0
Got replacement and still no pens just like in the picture!,1
It doesn't have any flavor or sweetness to it. I put it in coffee and couldn't taste any sweetness.,1
Ve Eğer biraz daha ciddi şeyler giymeye ben,0
"Evet , gerçekten komik olan ne biliyor musun ? En çok telefon satış yapan insanlar var .",0
This was ordered as a pack of 2 but I only received 1. Emailed the seller but never received a reply. Feeling jipped.,1
"Ve son zamanlarda 1994 ' de hükümet , hafif kürt yanlısı duyguları dile getiren vatan hainliği politikacılar hapse girdi .",0
Vardır Deniz fenerine doğru yürürken dublin ' in sadece birkaç kilometre uzakta olduğuna inanmak zor. ta ki Dublin Körfezi ' nin senden önce yayıldığını görmeden .,0
"Los Angeles Times , Kazayı Kennedy ' nin bir pilot hatasına bağladı ama bir gelgit dalgası ( Washington Post ' tan buna dahil ) Kennedy Klanı ' na bir lanet suçladı .",0
It does the job that it’s needed for,1
The temperature goes from 200 to burning! The pan burned the first time I made something. Couldn’t even make a grill cheese in it. Will throw pan away!,1
"Mahkeme tüm bunlarla aynı fikirde olmasına rağmen , kamu ( a ) ( 16 ) ayrımına anayasaya aykırı ilan etmek için halk-Forum Emsal bir roman ve anlamsız yorumu uygular .",0
Ah ama sanırım ben ev fiyatları ile biraz teşvik oldum ben bir cpa ve sadece biriyle konuşuyordum dün ah ya da son birkaç gündür biliyorsun,0
my husband wanted these for my daughters house so when he goes over there to work he doesnt have to bring his tools all the time,1
"% 11 ' lik hata oranını meydana getiren ve ( b ) davaların daha sıkı belgeler gerektiren , bazı davaların , aslında yeterli belge ve çok sayıda dava sahip olduğu 17,000 ' den yaklaşık 17,000 ' i lsc ' a teslim . Müşterinin neredeyse kesinlikle uygun olduğu davalar hariç , neden undercount neden .",0
Evet oh yemek seviyorum ve yemek yapmayı seviyorum gerçekten çook seviyorum gerçekten gurme aşçı değilim ben sadece normal bir günlük aşçı ya sen,0
Azar azar onlara kazandı .,0
You sent me a phone that was locked. Now I cant get it unlocked. You need to get ahold of me to help me with this phone. Debra Turner.,1
"Haven't seen results but I also don't use it regularly. After a few weeks, it started to burn when I applied it as instructed. Not sure why...",1
"Buda ' nın hemen dışında , Buda ' nın müritleri M.ö. yüzyılda toplandı deer park ' ta onun dinlemek için toplandı .",0
"Wore the boots for two weeks. these are the most uncomfortable boot ever. I added insoles , trying to make them more comfortable. It did not work.",1
"Ziyaret ettiğimiz önde gelen finans kuruluşlarının eğitim ve kariyer geliştirme programları , 2 İLA 3 yıl giriş seviyesi programları ve teknik , yönetim ve liderlik becerileri geliştirmek için hem sınıf eğitim hem de rotasyon görevlerini kullanan midcareer ve executivelevel programları temin ve yetki .",0
"Fbı , iç gelir hizmeti ( Vergi Dairesi ) ve ulusal havacılık ve uzay yönetimi ( NASA ) gibi büyük dönüşüm çabaları ile etkileşimde bulunan ajanslar , böyle bir yaklaşımla da faydalı olabilir .",0
Ile o spor evet sanırım artık kapatma zamanı o yüzden ben koş gidip çocukları yatağa yardım yardım ederim ama evet var güle güle,0
Sant Antoni Körfezi ' ne doğru giden ıbiza ' nın Batı tarafı sant josep ' in yetki alanı altına giriyor .,0
"Antiparosean , Paros ' dan 20 dakikalık feribot yolculuğu ya da parose batı yakası ' ndaki pounda küçük limanı ' ndan beş dakikalık bir araba feribot gezisi ile ulaştı .",0
Controversial things about banking system.,1
"Ahşap Rıhtım , nehrin güney kıyısında ( Kemer ' den yokuş aşağı ve Dublin Corporation ' ın özelliksiz ofisleri tarafından egemen ) , orijinal viking yerleşim yeri ve zekice rekreasyon , Viking macerası ( Salı Cumartesi 10 saat 4 : 30 , kapalı pazar ve pazartesi ; yetişkinler ira4 .",0
"Gao Ve Kongre Genel Başkanı ' na verilen geniş yetkiye rağmen , 2 AĞUSTOS 2 ' de yapılan bu değerlendirme , bu değerlendirmeyi yapmak için gaoas temel otoriteyi sorguladı .",0
It's very easy to put on and is comfortable to wear. I just wish I could pull it a little tighter in order to possibly speed up the process.,1
Yüzünde vahşi gül kalitesi vardı .,0
"THE POSITIVE It looks very nice and clean compared with a lot of organizers where you see wires everywhere. It came in pristine condition. The price is also right. You get where you see here - a very nice looking organizer. THE NEGATIVE Unfortunately I am going to have to send this back. First, the slots are a little too narrow for electronics. If you do not have a case you'll be fine. If you have a slim case you'll also be fine. But my ipad with a folding case did not fit on it well. (I do not have the apple one but one that is slightly thicker). I can barely get it in, but forget about keeping it open in any way. The biggest issue are how the cords are placed themselves. You would think that there would be a back slot where the cords can go in and then they can come out the slide slot. No. You have to bring the cords in the slide slot so you see them go in. Then when they come out, they can either come out the other slide slot (why did I ever put it in the side slot to begin with?) or they can come up from one of the first slots on top, which mean that you not only see the cord going in on the side, but then you see a cord coming out in front of your electronic devices and going back to the side of the device in one of the slots behind it. It just doesn't make sense. CONCLUSION In short, it probably is the best $19.99 organizer on the market, but don't get it if you don't want to see cords tangling around the device or if you have a thick case.",1
Herhangi bir mühendislik çizim işine dahil misin,0
Haber testine yönelik tepkiler doğal olarak hem kalite hem de miktar olarak değişmektedir .,0
Oturdu ve durumu tamamen iyi olan birinin havayla gülümsedi .,0
"Cervantes ' in yardımıyla , patronuna para talep eden bir mektup yazdığını , çalıştığı saatlerin hesabını verdi ve 3,000 . $ ' dan fazla toplam iki çek aldı .",0
"Causes my iMac to disconnect from wifi...no idea why but I tested everything and as soon as this splitter is plugged in, wifi connection drops.",1
"I did not like this pain cream, The smell of the cream can be noticed by other people sitting next to you. I have not gotten any overall pain relief from you pain cream, Like I have had with the other brands I have purchased form Amazon.Com. I will be requesting to return this pain cream for a full refund.",1
Nice and small set up to get all those little jobs done without taking up a ton of space in my cupboard. Easy to operate and looks quite sleek.,1
"Performans , ödül ve diğer personel kararlarına temel olarak performans sonuçlarını kullanın .",0
Had to return these. Kept falling off. I wanted them to work so badly but they just would not stay on my dogs paws.,1
Komünistler ya da sözde demokratlar demokratik devlet formu ve ben,0
"Jeanne A Aila ' in icra direktörü butterfield , gözaltına için pro bono avukatları organize etmeye çalıştı söylüyor",0
Thought I loved it until it just stopped working for no reason after 6 months. Worked just fine and then quit. I thought something must be wrong with our outlet and drug it all over the house plugging it in to other outlets! Too expensive and now just trash!,1
Sadece km kuzeyde yaşamayı hayal bile edemem . Ama onlar rahatsız oldular . Sivrisinekler ile onlara musallat oldular . Güneş batar sivrisinekler çıkar,0
"Bu siyasi gerginlik rağmen Türkiye , bir Akdeniz Cenneti ' nin tüm süslerini ve büyüleyici bir tarihin zenginliği sunan giderek popüler bir turizm beldesi haline geliyor .",0
Only reason these get two stars is because they are cute bags but I couldn't use them for anything. They were way to small.,1
little pricey for toilet paper but worth it ... its the thought that counts,1
"Netscape , Bay Bork ' ın kendi teorileri netscape ' in pozisyonunu neden desteklediğini , bay bork ne tedarik etti ?",0
"Palmera imparatorluğu ve grove ' daki diğer birçok ağaç , carmen dul eşi carmen polo de franco gibi kraliyet ve ünlüler adanmıştır .",0
"Like wooden handle, doesn't get hot. Also like size of item.",1
"Although the price was right on this shirt, it was made of a thin material and didn't fit me as is ran small and had weird dimensions. Either that or I have a weird body (more probable). I guess you get what you pay for.",1
Can not connect to wifi. Killing batteries trying to figure it out. Downloaded app. I don't get no picture or response. Followed instructions as best as explained in manual. White screen. Not happy. Update # 2. Purchased this for my husband. He has had it about a week. I bought the kit with 4 batteries and case. Now sold out. 2 of the batteries will not stay charged. Still can't connect to the wifi. Phone or tablet.,1
"Nice quality fitting, but I had to be really careful not to loose the spring clip overboard. Then.... my wife tried to put it in, after we dropped the bimini for a low bridge.... I heard ""oh sh*t.""... that was the spring taking off into the water. So I put the clip on, minus the spring, assuming (hoping) that it would probably stay in place until I could replace the spring. I was wrong... it worked it's way out at some point within an hour. So I've ordered some replacements, with the little cable attachment so I can connect the pin and hopefully not lose any more.",1
"Amazing sound quality, they exceeded my expectations. Only problem I have is them staying level in my ear, but overall with out a doubt 5 stars",1
Kronik erken ölüm * AKUT erken ölüm - * Bronşit - kronik ve akut hastane kabul -,0
After use it gets a plastic film around the mouth piece other then that it a water bottle,1
"Ve oryantalizm , Avrupa filoloji ve Amerikan Sosyal Bilimleri ' nin sert eleştirileri ile , Amerikan geleneksel disiplinler epistemolojik bir vardiya katkıda bulunan , objektif bilgi araçları olarak , ancak kendileri ideolojik analiz nesneleri haline geldi .",0
I like the bright colors and the fact they are very easy for my baby to grip but they barely make any noise at all. They don't grab his attention the way the ones we have used at playtime have. He ignores them for the most part so I wouldn't recommend them.,1
"Looks good, like a nice piece of furniture. Sturdy, drawers roll nicely. So much better than the old metal cabinet we had before. Nice to keep paperwork you want to hold onto organized.",1
a nice mix of colors and clear directions,1
"Ste-Geneviave Kilisesi olarak louis xv için tasarlandı ( 1755 ) , devrim sırasında anıt olarak hizmet vermek için secularized .",0
"Büyük bir istisna Fransa ' nın moda gazetecilik , moda için belirgin bir saygı , 17 yüzyıldan beri standart bir tutum ' .",0
This product was nice bt the color doesn't change and it doesn't show too well. The images online are misleading. Other then that it's a great doodle pad,1
Evet çok kötü bir yaz ve sıcak yaz için sabırsızlanıyorum,0
Lee Harvey Oswald ' ın mezarının mezardan çıkarılması Lee Harvey Oswald ' ı buldu .,0
"No surprises here, I like it",1
Good salt. Will order again.,1
"Ama neden bu ve aması politikası , bu ve aması daha kötü ?",0
It gets the work done,1
"Not a very snug fit. I like it when I get a glimpse of it in mirrors or photos but because its a loose fit, it will be replaced when something better comes along.",1
"Kongresi , lanet hikayeyi koruyucu kepçe sayfasına yerleştirdi .",0
Ayrıca 1509 yılında kurulan Jamaika ' nın orijinal ispanyol yerleşim yeri olan Sevilla La Nueva ' nın da yer aldığı yer .,0
My dog only chewed on it twice and never bothered with it again,1
Seller sent wrong package and has been unhelpful in resolving the situation.,1
"Very bright. Comes on for no reason. Nothing moving!! Suppose to work for 10 hours, don't work for five. Useless for me. It gets dark at 6 pm. I get up at 3 am, and the power is gone from coming on all night. Returning.",1
Kind of wanted it to extend forward a bit more but it does a good job of holding my lights,1
"I used these to put money gifts into and hide on the tree for the kids to find. The balls were perfect for size purposes, but didn't stay shut. At all. I ended up taping them closed, which kind of messed up the clean look of them, but they still worked out - and the kids liked it!",1
"Barry , değişim aşamaları ölçmek için doğrusal bir yöntemin kullanımına övgüde bulundu .",0
Aynı zamanda sharon sade narenciye-büyüyen bölgenin başkenti ve israil ' in elmas endüstrisinin merkezi .,0
"Absolutely horrendous delivery! Did not arrive even near the date it was supposed to, and to TOP IT OFF the day it said it was delivered to my mail box, it was not there. Horrendous horrendous horrendous. If I could give less stars I would.",1
"Kapının yanında kaldım , herhangi bir ipucunu yok etmekten korkarak .",0
Video oyunlarını örnek olarak alalım .,0
The whole novel fees like a 10 year olds' fantasy come true complete with a myriad of legendary gifts and powers as the author stutters from step to disjointed step.,1
"I gave this three stars because the design was so cute. The frame is very cheaply made and constructed out of rough wood which feels very flimsy. Additionally, there material which is supposed to connect the hamper together at the bottom is about an inch and a half too short, so the hamper does fit over the frame correctly. I had to find extra velcro around the house to make it work. I really like the design though, so I will keep it.",1
"552 ( 1994 ) ) , deleted the fault-Or-Accident Requirement and instead provided that compensation is payable for all but those injuries that are the certain , or very nearly certain , result of properly administered medical treatment to which a veteran consented .",0
"I need a replacement, please. The seal wasn’t sealed when this product arrived.",1
Bilirsin ara sıra bizde de var ama başka türlü kutular için bilirsin muhtemelen sadece böyle alüminyum kutuları alır,0
"The top of walls sags down a little on the top, but its a nice quality and looks great. I like the soft rope handle. We put musical instruments in ours and constantly move it around. Love the tree look!",1
"This mat seems like it would be great but mine arrived super dirty, had tons of human hair all over it, and dents and chunks taken out. It was also missing some major pieces. Definitely returning!!",1
"I like it so far after a week. OK, the box is heavy so what. You need the exercise. It easy to put together. Takes 5-10 minutes at most. It easy to adjust up and down. Seems durable. One issue. I noticed when I'm standing If I lean on the upper level, as you will after standing a while, it makes a noise as if you are stressing it. Like I said it has only been week, I'll follow up if the whole thing crashes after leaning weight on it. But I am impressed with the look, the design, the functionality and ease of use. The price is very competitive and seems to be a best buy.",1
Occasionally loses connection with devices it is plugged into. Multiply phones have not recognized it as being a audio device.,1
"Kal ona geldi , kulüp sallanıyor .",0
Good for more energy but I'm want more sexual energy.,1
"- , püfür , ve bazen de biraz esiyor .",0
"I wouldn't purchase this product again. It doesn't stick to itself well at all, plus it attracts lint and hair.",1
"Evet , seni görmek ilginç olacak . Bence onu ilerleme ve onu ilerleme .",0
Araçlar sorumluluk almak zorunda değildir . ' ',0
"Akıllı bir alıcı , kombineli bir personeli yetenekli",0
Sadece la poste normal posta ' dan ayrı ayrı posta dağıtıyor .,0
Onu Bir Kaide ',0
Çok iyi bu doğru randall cunningham philadelphia ile birlikte sanırım geçen sene ama artık takımda değil yani sen haklısın çok az siyah oyun kurucu var ya da en azından bu başlıyor nasıl sence steelers nasıl gidiyor bu sene yap bir fikrin var mı,0
Başka kimse ki benim köyün yardımına geldi .,0
Was planning to buy an iron. But it’s too big to storage. Bought this steamer after my friend recommends me to. Easy to use. Small enough to save space. Works perfect. Very suitable for occasional use for my husband’s shirts and some of my dresses.,1
This is my first sewing machine and get overwhelmed when I opened the box and saw the whole stuff but is really easy to use. Super friendly for beginners and enough features for enjoy doing home projects,1
Great ornaments for someone who likes woodland creatures or owls. Bought for sis in law and she really liked them. Giving it four stars only because they are a bit cheap looking. They are plastic and shatterproof. Product was as described and arrived on time.,1
"I like the tonneau cover as it seems nice and solid and fit my truck as expected. The only issue I have is that you need a bulkhead weather strip if you don't have a drop-in bedliner. The paperwork in the kit says that one is included for the width of your bed. It actually came with one that was about 1/2 the width of the bed for some reason. I reached out to customer service via email 8 days ago to try to get one with no response. Lock washers were also not included. Decent product, but not good customer service.",1
Ne yazık ki oraya gitmeye devam ediyorsun ve hafta her hafta ve her hafta bir ezik geliyorsun demek istediğim bir süre sonra erkekler yoruluyor ve biz artık git,0
Desenler tabiki iyi kurulmuş .,0
The sound quality is great! Very user friendly. Follow the direction! My laptop didn't recognize the player when I first plugged it in. Unplugged it plugged back in and it work like a charm. Drag and drop music files. Highly recommend. Very small but can read the screen clearly.,1
"1812 ' e kadar , cesur isviçreli kaşif John L. Burckhardt Petra ' yı yeniden keşfetti , neredeyse tamamen unutuldu .",0
"Took three hours to get product installed. The product key took almost an hour to arrive, once it did Microsoft immediately accepted the code however, when trying to install the product it claimed for over an hour that I had never given a code. Once I finally got installed it worked for three days, then Word went back to saying that I had no active account.",1
Karım Connecticut ' ta biraz zaman geçirdi .,0
"It read that it runs small, so I bought a size up. It’s perfect except I didn’t get the hat!!! Such a bummer",1
"These have an expensive, classy look even though they’re a bargain for the price. I wear them all the time. I live in Texas where there is just too much sun and these are wonderful and match everything.",1
"Bu soruyu farklı görüyorum , gonzo başladı ve saç stilini takdir edecek hiçbir şey olmadığı için ( CEO ' nun laptop ' u parlak olmayan ) , sadece bir etki yaratmak için konsantre oldu ve sonuç olarak işi aldı .",0
"Bir kere hardknott geçidi ' nin yüksek noktasından yap , eskdale önünde açılır .",0
On beş dolar için koşarak buna inanamıyorum çünkü adam bizi gerçekten sıkışıp,0
"Kwoh ' in çabaları , Açık Toplum Enstitüsü ' nden ve Kaliforniya ' nın toplum Teknoloji Vakfı ' ndan 300,000 bin dolardan fazla zam yaptı .",0
"Yerliler ve ziyaretçiler , 1822 ' de kasabanın ingiliz kolonisi tarafından finanse edilen grand gezinti des Anglais ' de gezinti .",0
"Bu iki ilke , cio organizationas belirli sorumlulukları taşıyan cioas etkinliği için temeli sağlar .",0
"Ana Kapı ' dan ( porta marina , denize yol alan geçit ) , Forum ' a ulaşmak için basilica hukuk mahkemeleri ve Borsa ' nın sağ tarafında , şehrin merkezi ve ana halk buluşma yeri ile doğrudan vezüv dağı ' na karşı karşıya .",0
"Ve amaç , dedi jon .",0
"The first can I opened after delivery was in bad shape, the contents smelled rotten, and had to be discarded. The second can's contents when opened were OK. Please replace the can mentioned above ASAP. Thanks.",1
Wonderful product with strip at the bottom to attach to the back seat! Much stable with a lot of load!,1
Bu tırmanış derwentwater ve borrowdale panoramik manzaralar sunar .,0
It makes it so much easier to handle without fear of it slipping out of my hands,1
"Evet , bizim bölgede biraz biri vardı .",0
"It does not stretch much, So it keeps everything nice and tight.",1
Onu izle ki uyandığında şoka değil .,0
Never received the item.,1
Easy to use for quick grey coverage! I would purchase it again.,1
"The product works, but I have to dig it out of the little jar. The balm is a very firm balm. As opposed to using my fingertip, I actually have to use the knuckle of my finger (or a tool like a butter knife which I then have to clean. A q-tip breaks.) It also takes a bit to get it to distribute onto your skin. It does help, with itchiness, discomfort, dryness, etc, but using it is a big hassle.",1
The battery is very good I'm getting like 5 days,1
"Sonra bayan cavendish var , poirot devam ediyor .",0
"Oğlumun Yaklaşan Bar Mitzvah ' ı gibi sosyal durumlarda , , büyük ve erkek arkadaşı ile tanışmak isterim .",0
Kilgore ben kilgore nerde biliyorum,0
"This is a very great bag! It can hold my laptop and charger with room to spare! The bag is very sleek looking, there are 4 big pockets on one side, and the other side has one large pocket. The top has two zippers, so if you're trying to put something large in the bag, you can open both sides and have a much larger opening. It's very durable, I've been using it as my work bag.",1
"It leaves the skin feeling CLEAN, which is always a plus for a cleanser. Its great for everyday use and doesn't dry out your skin, but still takes all the dirt and oils out! The little towelettes are also very nice after a long day, BUT don't work if youre trying to use them as wakeup removers.",1
"Ordered the Mahogany color. Looked good out of the box with a decent finish. The buckle itself is a darker gunmetal gray, so be aware of that if you're trying to pair it with a tie clip. Unfortunately, even though I ordered a 34 (I'm a 32 waist), the belt was so short that it wouldn't even reach the first hole, let alone the third where it should have reached. As far as the leather goes, this is just two pieces of leather bonded to an unknown filler. No $20 made-in-China belt is going to be 100% full grain leather, so don't expect this stand the test of time.",1
"Love the idea of these soundtracks but fit a bit tight, hoping they will stretch out with wear. Love the look.",1
"Cute idea, for a dog that doesn't chew up stuff. My lab had this torn apart in less than 2 hours. I bought it because it had the KONG label, and I made the assumption that it would be less destructible than it was because it was a KONG product. This would be perfect for dogs that truly don't chew stuff, I've just never owned one that didn't at least thrash toys around.",1
"I supposedly tweeted a comment someone didn’t like so I was locked out of my account and now I think my tweets are not even showing up .... I didn’t use profanity , just made a comment to a certain senator lol",1
"Uygulamalı bile , onları icat ettiğimiz kesin olarak belli değil , mümkün olsa da .",0
"Üçü ile akşamları , onun için , onun için , onun için ve sandalye için , boy ayarlama için teleskopik kolunu gevşiyor ortaya ortaya çıkan sandalye için .",0
Onu beklerken planımı yaptım .,0
Be careful of the center clip and dont push it too much or the plastic might crack,1
"Sevgili Boris , şaka yapamaz mısın ?",0
My wife loves the case. So far its been great she has had it for a while now and there is no pealing or cracking. Also it has been dropped a few times and the phone is undamaged.,1
"Sürekli trafik sıkışmış piazza Dante ' den uzanan bir bölgede , san biagio dei librai ve via tribunali ile porta capuana ' a kadar , eski Napoli ' nin popüler görüntüsü hayatta kalır .",0
"1947 ' de burada bağımsızlık ve perde son detaylarını düşünen ünlü lord mountbatten da dahil olmak üzere sizi , yaz başkenti yaptı .",0
"If you are a natural redhead, this will be too dark for you. It is really more of a slightly red brown. It is not good for Strawberry Blondes or true Gingers. I would only recommend it for people that color their hair with a dark auburn. The crayon is very difficult to use. Don't open too far or it just breaks over and over again. It does not spread color well, very waxy, not creamy. I won't buy again.",1
Typically last just 10 minutes maximum cold and XL Size is too small for my knees even though I wear 32 waist jeans. Very skinny guy and I guess I would need XXL for knee even though I follow measurement chart published online.,1
"I let myself believe this was a good deal. You absolutely get what you pay for. This was made for a child. It's absolutely too small for adults. I really just needed the chin and nose. I'm going to make it work. Hat is cheesy. Nails look like they came out the bubblegum machine, and the teeth can't be worth more than 5 cent LoL",1
Evet hepsi gönüllü şimdi bazı yerleri var bir şeyler alıp para al ama bence çoğu insan gerçekten parayı istemiyor sadece geri dönüşüm için yardım etmek istiyorlar biz ne yapıyoruz biliyorsun,0
pump works fine could use a better gasket if your gonna buy this go buy the inlet tube and a felpro gasket,1
This was for a gift but for the price you can't beat it.,1
I’ve been looking for a refresher spray forever that didn’t make my hair heavy or dirty. This is great.,1
I didn't use this since I thought I could jimmy rig it to my canister filter but too much work getting it apart.,1
Lasted about a week before it broke I guess you get what you pay for,1
"looks nice , have not installed it yet. looks high quality.",1
Yani ve sonra bir metrik ton var ve sonra bir ton var ama metrik ton nedir,0
Sydney and her friends who are involved deal with their deadly surroundings located in contemporary eastern Syria where ISIS holds sway.,1
"Love, love, love the scent - and so does my husband (wink, wink) but wish the scent lasted longer.",1
Ekonomi günlükleri yerine tıbbi günlükler ile aynı deneyi yapmak çok ilginç olurdu .,0
"Kral Alfonso 1931 ' nin altında ne diktatörlük ne de anayasa hükümeti , 1931 yılında anti-Kralcı seçim sonuçlarını takip eden sonuç ile iç huzuru oluştur ve ayakta . Kral sürgüne girdi .",0
Product doesn’t work for my watch??!,1
"I had different model that I bought twice and they fit perfect, the EE are not as wide as the EE as previously.",1
"Burada bir şey görmüş gibiydi , şömine ' , onu kesinlikle felç etti. dedim .",0
"This works really well. It's light enough. A bit awkward when using the mulch function, but still manageable. It is time consuming to use the mulch function, but if you rake the leaves in a pile and then use it, it's pretty good. It can be used for some light snow, but a broom works just as easily--anything above a coating and if it's wet, it's too much, but worth a go on a walkway or deck. Definitely recommend it.",1
Bu kulağa harika geliyor . Komik olduğunu biliyorsun çünkü sokağın aşağısında bakkal var . Bunlardan biri .,0
Both bottles arrived with broken caps. They arrived shrink wrapped together but shrink wrap had already been cut open on one side. The seal on the bottle on the open side was half off. Not happy!!,1
Had to return these and order directly from GE.,1
I don’t have to fuss with a buckle whenever I’m in a hurry to use the loo = no accidents. Happy mama.,1
They look great. They're gentle and delicate.,1
Bought it for my dad since mom always complained on his snoring. Next morning she called me and said it was as much better. Glad to help them !,1
"More of an autobiography than a book specifically about capitalism, which is what I anticipated based on his appearance where he discussed the book on CBS This Morning a few months ago. It is entertaining, but not a book I continued to voraciously read...I sort of lost interest about halfway through. Will finish it, but not in a rush to do so.",1
I think this is a pretty good car vac Only problem I noticed was that the hose comes unhooked,1
Why do these run so small?? I’m a size 8 but size 10 fits?! Its odd. I think these are for kids.,1
I bought this product and was able to use it 2 times before it stopped working. It won’t turn on it won’t charge nothing. It was a waste of money and I wouldn’t recommend buying it. Update......At first I have this a one star rating. But the manufacture got in touch with me and sent me a replacement and I haven’t had any issues with it. It has been a good backup battery,1
"Karnak Tapınağı , Teb Kasabası ' nın Kuzey yarısında ( No-Amun veya antik Mısır ' da dedim amon ) ' un kuzeyinde yer alır . Şimdi modern luxor ' dan 2 KM ( 11 / 2 km ) .",0
"Dislike Product, Did Not STAY in Place, was not secure fit.",1
Does not stay together very well.,1
"The lashes themselves were beautiful. However, the rim is too thick and doesn't form to eye shapes. These lashes are not flexible whatsoever, and it looks like I'll have to donate these to the trash since i have no further use for them.",1
One of the cartridges didn't work,1
"Awesome gift, sadly one came broken, but i would purchase from these folks again",1
Bought book marks with out tassels and these will work great!!!!,1
"Sonra Savaş .... Ordu ' nun geri çekilmesi , Sibley ' in konfederasyon güçlerinin , Howard ' ın Arizona Rangers ' ın ve en çok da baskın , acımasız , ölümcül ve sürekli , apaçiler ve haydutlar tarafından bu kadar ulaştı istila . Lanet olası tütün vardı .",0
"Büyük ev , etrafında bir sürü görünüyorsun alanı vardı .",0
"Uneven toasting, one side of slice toast dark, other side barely toasting, the heating coil lights up irregular, poor quality control, returned the product.",1
The only thing I didn’t like is the beans on the bottom of him to sit him up. This is for an infant and I just don’t like those in this toy.,1
There was nothing different after using this product....,1
I have read all of the Trail series and love the humor he puts into these at very interesting points sometimes when it is serious times. I thought this last one here was a bit off from previous ones however,1
"The cream has a nice light scent. It isn't particularly moisturizing but it isn't greasy either. No problems with sensitivity and I have uber-sensitive skin. However, it just did not help with the eczema on and around my ears. It didn't hurt anything, there just wasn't any change whatsoever. And since it isn't very moisturizing, it won't be used at all.",1
Öyle olduğunu biliyorum beyaz,0
Ve ıı dünya savaşı ıı borçları hiç karşılık sanırım abd hepsini yazdı,0
not bad for the price had to add inserts for arch support.,1
Took it to the beach and it did very well in protecting my phone. I will be buying in other colors.,1
I’m a C cup and expected this to be very flattering. It made my boobs look saggy as the chest part was too large. The waist and bum area fit fine though. I guess this would only look great on bigger chest.,1
"First, take some alcohol and wipe and dry just below your back hairline. This will ensure the strip stays on. If you follow the directions, I found this works great! What a noticeable difference. Before applying, pin your hair up. Make sure you place the first end equally centered along the back of you neck. Then, with one hand, pull skin up as you are placing the other end of the strip down. Wow, I am reordering more!",1
Bu baya iyi yaaa benim ah kocam adını bile koy ben bunlara inanmıyorum,0
"Bilgi teknolojisi , işletmelerin dalgalı para birimleri ile ilişkili riskler ile başa için kolaylaştırır .",0
Ve Babana söyle şimdi sana dolar borçlu,0
Book was slow and I thought it would always get better flashes of what could have been a wonderful book,1
Lyon ' un çevresindeki ren vadisi bölgesi Fransız Gastronomi Merkezi ' dir .,0
"Abraham Lincoln , mükemmel bir şekilde yeniden oluşturuldu .",0
"Analiz sonuçları olarak , ev ödenek komitesi raporu ve bölüm 330 ' in müdür sponsoru tarafından yer bildirimi -- temsilci gecikme -- 330 Bölümü ' nün 1998 Standart ' a benzer bir şekilde namazı için , model yıl 1997 standart .",0
Gerçekten aşağı sarmal,0
"Mekan çok meşgul olabilir , erken gelin .",0
Ve bir sonraki evet nokta yedi beş litre ve sonra litre ve sonra bir nokta yedi beş litre yaaa,0
They dont seen to fit right,1
"Komisyon daha sonra deneyin talep edilen bir uzantısı kabul etti , 16 ve sonunda deneysel programı kalıcı bir posta sınıflandırma yapmak için bir istek onayladı .",0
I would have given it 5 stars if the binding was better,1
You will slip. Don't waste your time. Your foot will slide around inside the sock.,1
It took me forever to get this thing on my steering wheel. It's better if you have two people with one person pulling on each side to get it to cover the wheel. But once it gets on it works like a charm! I love it!,1
Teşekkür ederim,0
"Great switches if you know you have a common wire in your existing switch. Aesthetically, it looks much better than other brands. Fairly easy to install, assuming you have a common (white) wire available. If you don't, its easier to go with the smart bulbs and group them together in your app. 4 stars until the price is more reasonable.",1
I’m 5’7 and these are great except I expected them to be a bit longer and tighter at the bottom. They are slightly above my ankle and get looser about three inches above the bottom hem. I think the material is quality and great I just wish they were longer.,1
Bodrum var mı,0
The thing didn't even work. Nothing popped up. worthless piece of plastic.,1
"This was obviously not designed for a pixel 3a. The shape is accurate, however it is about 50% the size it should be.",1
Emek ve bela hakkında konuş ...,0
Balık yakalamak için çok farklı yollar var geceleri bilirsin,0
Good clean reading. Enjoyed it,1
Hiç yok .,0
"The snake looks pretty real, although it has not scared away the squirrels like I had hoped. Knowing some children who like snakes, I think this would be a pretty good gift. And it could certainly scare someone if you were inclined to do that. Over all it seems durable, and the price was right. If you're looking for a rubber snake, this is a good one.",1
Just what I needed for school.,1
A little more stiff than I expected it to be,1
Ama nasıl ? Tommy notu cebinden aldı ve masanın etrafında geçti .,0
Mangrov Bataklığı ve rush yatakları pek çok kuş ve balık türü için önemli bir yaşam alanı ve jamaika timsahı küçük bir nüfusa ev .,0
Gordon Lightfoot ' ı seviyorum . Kim olduğunu ve Moody Blues ' u ve piyano müziği dinlemeyi çok seviyorum ve willie nelson,0
Ne zaman geri döneceksiniz ?,0
It helps my knee alot but I bought it to big. 😏,1
I loved this show as a child and have enjoyed sharing this with my son! 😊,1
"Keşmir , hem hindistan hem de Pakistan arasında bölünmüş , hiç bir referandum bekliyor .",0
Bildiğin makine nasıl çalışır bilmiyordum ve gerçekten beni çok korkuttu çünkü bütün bu insanlar bana gülecek diye düşündüm çünkü bu makineyi nasıl için bilmiyorum eğer bir sınıfı olsaydı ya da bir şey ya da sadece kısa,0
Ve bir kaç tane daha isim verebilirim sadece isimlerini tam olarak,0
These pillows were very flimsy and need more filling. I ended up doubling them up in a pillow case and still didn’t look as stuffed as I had hoped. I should have known before opening the bag. The bag was very small,1
Adamı Sevdim .,0
Larger than I thought more for dogs than cats,1
Fransız ve ingiliz ilişkileri ve işgal,0
"Aslında o , medellin medellin karteli ' nin ortaya çıkardığı o zamandan önce ortaya çıktı . O zamana kadar. ve ya birini tanıyor ya da gerçekten iyi bir hayal gücü var . Eve oldukça yakın",0
The inside decals where coming off not even stuck to the house. Very cheap looking quality not that great!,1
"Great deal, my first Xbox, came over from Playstation, love it.",1
"This was given as a gift to my teenaged nephew. It was too big, but my husband was able to take a few links out so it fit perfectly. His mother told me he loves it and rarely takes it off!",1
Çin Operası .,0
"Ve daha yakın zamanda , Hıristiyan muhafazakar liderler , bob dole kampanyasının fiyaskosu için Reed ' i suçladılar .",0
This bag exceeded my expectations. It stores a lot of stuff and holds up very well. It also has a nice professional look to it. Very pleased.,1
"Bu ülke için çok iyi olur ama haber yarışması ' nda zor , zaten en sevdiği hedeflere tehlikeli .",0
My son loves this puzzle! Seems to be good quality.,1
"Neyse ki , sant miquel beach , bu klimalı saraylarda kalıyor , hepsi de kendi yüzme havuzları ve bar hizmeti olduğu gibi , bu da aynı şekilde , plaj hepsini bir anda rahat olabilir için .",0
Ciddi konular üst yönetime bildirilir .,0
Yaşlı adam beni aldı .,0
Product seems rusty where the screw goes in. Some didn’t screw in the whole way or straight,1
Love the ring on the back. A little flimsy around the volume buttons though. Overall very nice.,1
"80 ' li yıllarda yeniden bir , bu kez öfkeli beyaz erkek kılığında , azınlık tercihleri ve ters ayrımcılık kurban unutulmuş kurbanı .",0
I just don’t believe these 5 stars reviews anymore. I adore fantasy and there were some nice beats in this book and an interesting main arc - but it all gets buried by too much bloat. There is really only about 200 pages worth of material here. Even that material is basic chosen one beats big baddie. Waaay too many side characters that were pointless. Random POV shifts - as in telling the exact same moment from two or three points of view for no reason other than to add pages to the book. A frankly stupid and unexplained magic system. Somehow PG (no cursing or sex or even food or use of bathrooms) but with R levels of violence and torture. Tone was also extremely serious and desperately needed some humor and levity. Such a self serious slog at times. Please don’t believe the 5 star reviews. This book is below a average fantasy inflated with too much redundant filler.,1
"Resifleri , Sina Yarımadası ' nın Doğu Kıyısı ' na kadar koşup , dahab ve naweiba iyi üsleri yapıyor ama daha sessiz ve dalış el Şeyh Dalış gezileri için .",0
Didn't fit and I wasn't allowed to return it.,1
Not the best quality it can be used for some time only durability less,1
Çok geçmiş olsun,0
"Great way to keep your sponges and soap contained. Rather difficult to pop apart to clean inside, to the point that I just drop it in boiling water and let the soap dissolve out.",1
"Bir Amerikan adamın , posta-Sipariş eşi cinayetiyle ilgili ürpertici bir hikaye , işe-gelin endüstrisinin karanlık tarafını ortaya çıkarıyor .",0
Doesn't adhere on edges...,1
"Typically, I prefer a round bottle set, but after obtaining a new pack that required to me to make changes to my kit and how I carry it, I bought this canteen set. I have not used the set yet, but have made the following observations. The handles on the cup swing far to freely in my opinion which will make it difficult to manage heating and cooking in the cup around a campfire. Probably less of a concern or issue on stove? The cup when it nests on the bottle of the canteen seems quite loose and rattles a bit on my set. If the set was 30 or 40 dollars I guess I'd expect things like this, but at a 158 dollars? I realize much of the cost is driven by the material used to make it and I can't complain about how lightweight the set is, but I suspect I'll be selling this set off to someone at a discount and finding another solution to carry my round bottle set with my new bag. I don't hate it and I don't love it. First bit of kit I've owned that I've been this ambivalent about. I'll admit, it's probably a piece of kit that the opinion of it is dependent on the needs of the user. If I were a through hiker on the AT or PCT and counting grams I'd probably have a different opinion.",1
Önerilen Rulemaking ( 59 FED ) fark giriş .,0
"Box was busted and shelf was damaged. The return process is a hassle. It’s a shame that it was damaged in shipping, because I needed it ASAP and now I will have to wait until they receive my return before they’ll issue a refund or exchange. That said, it was very nice quality and I will be ordering it again. If this one is in terrible condition obviously from shipping, I will have to find one that ISN’T shipped by UPS.",1
Koruma-Döl-Şoförü arabada kaldı .,0
Excellent fit and finish. Performs as expected. Would definitely recommend this product especially for the price.,1
"Böyle ara sıra aşmak bir yana , Applebome ' s , bölgeye kurnaz , adil ve eğlenceli bir rehber .",0
Mekan da muhteşem bir manzara sunuyor .,0
"2001 ' in ikinci yarısında 183,000 ' den fazla kişinin görev yaptığını belirttiler .",0
Works as advertised. Will put it to the real test in next few weeks to find out how long the battery lasts when fully charged and used in ordinary functions sans hooked up to power,1
Ama bir tanımlamak için bir toplantı şart .,0
"Bu pek kibar değil , iki peni .",0
"Aksi takdirde , oteller manzaralı noktalara rehberli turlar sunar .",0
"Giotto , ve duccio ' nin aynı odada bulunan daha resmi resimlerden ayırt eden Madonna tahtına ( 1310 ) sıcak bir insanlık nefes alıyor .",0
"Tüm tarihi ihtişamı için , sadık senato artık bir şehir Konseyi ' nin , su malzeme , kanalizasyon hatlarına ve oyun alanlarına adanmış devlet özel .",0
"Natalia / Lincoln , benim üzerimde duran manzaraya bastı .",0
We purchased it bigger since reviews stated so. Wear womans size M but purchased a large so it could be baggy. My teenager loved it and I may not get it off of her,1
I was really into this book for this first 50 percent. Then the conversations and narration just got long and boring with complicated background information that bored me. I just didn't care.,1
"Bu yüzden sebebi , yerin temiz olmadığını hissetti . Daha genç çocukları vardı . Masaları silip .",0
Ilçe mi .,0
"Ben söylüyorum ve açıkça söylüyorum : Bir asker ile veya herhangi biriyle karşılıklı bir şekilde ticaret , çünkü onun yüzüne nefret , kulakları sopa , nasıl yürüyor , nasıl konuşuyor , ya da ne renk savaşta giydiği mont , sonra yatağını roll ve ne kadar erken olursa o kadar iyi .",0
"Ama gerçek şu ki , ben bu dünyadan ve onun uzlaşma , yalanlarını , ahlaksızlık bıktım .",0
Kaptan ' ın sadece rennie ' ye sorun çıkarmak için beklediği .,0
"Dört konforlu ekspres tren , kowloon-Canton demiryolu ( kcr ) istasyonu ' nda , Kowloon ' da iki saatten kısa bir sürede yolculuk yapıyor .",0
This did wonders and clean my stainless steel sink it took all the water stains out of my sink it’s outstanding love this product,1
They don't have enough adhesive on the glass so they fall off and break,1
"The history of Israel in the 20th Century and on into the 21st is a critical part of the big picture. Never more relevant than right now, as we confront Iran backed by Russia as they seek nuclear arms. This goes to the heart of how we think about war. When are we at war, and whom do we kill?",1
Olamaz mı ?,0
Really good fountain. Long waterproof wire so can place the solar panel in the most sunny spot which is good as my pond is in a fully shaded spot to control/prevent algea growth. Multiple choice of fountain sprays and long plastic tubes so worked really well,1
I never got this product,1
"Savunma Bakanlığı ' ndan bir temsilci ' ye göre , departmanın departmentwide sık seyahat programı yok ve bileşenleri bu tür programları olduğu konusunda hiçbir veri yok .",0
Jane finn mi ? ' ' dedi .,0
Good product. Lights are nice. Seems to be helping.,1
Peki başkan nedir -- ya da bir başsavcı -- yapmak için ?,0
I took some awesome pics in Paris with the wide lens. You just have to angle your lens to get some of the black space away. I have a iPhone XS,1
From China. Fits small. Also uncomfortable. Returned!,1
Doğru ya da en azından ödeme yaptıkları krediler,0
Well just got it part of the inside seal was open and it’s all over the lid. It was literally just delivered. I will add more stars once I try it and add more to the review,1
"These are wonderful! I’ve bought these in two sizes for my toddler, and in both cases they’ve been a great fit. The prints are also super-cute.",1
Izin verir misiniz ?,0
( yani lazımlık ve zincir çeteleri çıktı .,0
"Bought it for my spouse, but it would not fit comfortably around his head. He said it was uncomfortable and can't use it. Now I'm using it, and I have to stretch the band out before I do since it gets uncomfortably tight. I would only buy this again if these headbands were in a larger size. I'm petite and it was still tight around my head. Sound quality, buttons, everything else was decent.",1
"I use these for the neck and head area. They are really durable. I wish they had one the same length, not as wide for the neck and doesn't wrap.",1
"Ayrıca gizli polisi de genişletti , şu anda tahmini 80,000 memur toplam .",0
Did not fit with my reusable straws and I had to Dremel tool the hole so my straws would fit. Because I had to alter the hole the spill proof aspect no longer works.,1
"Yine de bu yaklaşım , yıl boyunca fon sağlama konusunda etkili olduğunu kanıtladı .",0
I love it! Light sign perfect for what I was looking and great value for the price I got,1
"Yıkık Kale ' nin ayağının altında kurup , güzel ortaçağ kasabası , Nobel Barış Ödülü Kazanan Albert Schweitzer ' in doğduğu yer olarak bilinir ( 1875 1965 ) .",0
3 stars because these are not rear brakes as stated in the item description. At least the mount adapter only worked on the front fork of the bike that I got it for.,1
"Piazza Navona ' daki moda kafe kalabalık , Bernini ' nin görkemli 17 yüzyıl çeşme doğal ilham alıyor .",0
"1919 ' in genel seçimlerinde , Cumhuriyetçiler ' da ezici bir sayıda sinn f ? ? Meclise geri döndü .",0
Nefesi rasps geldi,0
"Wish I'd have splurged for a more expensive fitness monitor. This one is O'kay, but a real pain to charge and the battery life is pretty abysmal.",1
light are in bright sun all day and dont even stay lite 2 hours,1
Just as listed. very nice pillow covers,1
"Ittifak , adil bir ırklı anayasası vaat eden bir platformda 1955 seçimlerinde 51 sandalye kazandı .",0
3 Şubat 1995 . ' de önerilen rulemaking ' in bir bildirimi yayınlandı .,0
"Wearing everyday and overnight, this band is holding up great!!! The matte finish has rubbed off a bit and is now shiny, but the band looks and feels brand new. Many compliments. Would buy again.",1
I love the watch case. However I order ebony got reddish brown color wood. I emailed the shipper and never heard back. Great product poor shipper.,1
Zero complaints after 3 days of use.,1
"Ancak , konuştu eleştirmenler inandırıcı tartışmalar sundu .",0
Worked well with the TV I needed it for,1
It's not my first tripod and I'm very proud that I bought it. Compare to my previous experience with tripods: 1. High quality 2. Good price 3. Very light 4. Easy to use with smartphone and camera 5. Has a level for smooth installation 6. Has a remote control and connected with smartphone by Bluetooth 7. Has a fabric case I will recommend it for travelers!,1
Dünyanın günahları için mükemmel ve yeterli bir fedakarlık .,0
"Deniz Kuvvetleri , yeni bileşen tasarımları ve yeni malzemeler göstermek için f / a-18 uçağının erken versiyonunu kullandı .",0
Son kuralların çıkartılması öncesinde kırk yorum alındı ve kabul edildi .,0
"Tepenin üzerinde kısa bir yürüyüş sizi ' Beach ' e getirir , çıplaklar plajı olarak ünlü ve yerel insanlar tarafından muz plajı adını almıştır , belli nedenlerden dolayı !",0
Way to difficult to get over my head I misunderstood the front closures purpose. I ordered 2x way too small very disappointed oh well I learned something.,1
Son zamanlarda yapılan birleşti bir çok kritik dönem geçtiği için yapılan sözleri belli oldu .,0
"Yerliler ve ziyaretçiler , 1822 ' de kasabanın ingiliz kolonisi tarafından finanse edilen grand gezinti des Anglais ' de gezinti .",0
"Evet , Harvard iş okulu ' nda öğrenciyim .",0
Ordered this product and received the caffeinated version and NOT the Decaff as advertised. Amazon quick to rectify and sent me a replacement order. I have received the 2nd order which is also incorrect and still the caffeinated coffee.,1
"Kilisenin en dibinde , adanın en iyi bilinen çekim noktası olan carrinhos de monte ' nin , bir hasır kızak ile tepeden aşağı eşsiz eşsiz hız treni yolculuğu .",0
Bought this for the wife...she tried it on some chips and had to through away the whole batch. Said the cheese tasted old and stale. Very disappointing.,1
Never got product but did get refund.,1
"This is an ultimate guide book for the beginners. This book is awesome to read and i think this book is the best book of this topic, and i really appreciate this book. I would highly recommended to read this book everyone.",1
Lasted 1 wash & made my hair like straw.,1
"Ama havacılık veya romantizm kadar karmaşık her şeyde , fiyaskosu için sonsuz olasılıklar vardır .",0
Uh şimdi bu stresle nasıl başa çıkmak zorunda ben gerçekten emin değilim çünkü en çoğu seninle alakası var biliyorsun gözlerden ve zihinsel süreçler üzerinde ne alakası var bilmiyorum vücudun geri kalanlara bağlantı,0
"Merkezi Oakland ' da bulunan Yeni Program San Francisco mahallesi yasal yardım ( sfnlaf ) , San Jose ' de kamu hukuk hizmetleri ve Contra Costa ' nın Yasal vakfı arasında bir birleşme sonucu oldu .",0
# isim ?,0
Very cute. Great wedding gift. Doesn't look cheap or flimsy.,1
Bana mesaj var mı ?,0
"Ziyaret ettiğimiz önde gelen finans kuruluşları , finans örgütünün görev verme amaçları ile ilgili mevcut rolünü değerlendirme , daytoday muhasebe faaliyetlerinin verimliliğini en üst düzeye çıkarmak ve değer eklemek için finans organize etmek suretiyle daha iyi destek görev hedefleri ' ni yeniden yeniden .",0
Ben onlara para gerektiğini gerektiğini hissetmiyorum . Keşke bizim bu konularda Tanrı ' yı arayan ve onlara yardım etmek için bir ülke parası vermeyi led ama para borç olsun gerektiğini sanmıyorum . Aynen öyle yani işe yaramaz onlar olacak,0
"Greta grew up in Kansas during the Civil War. She's grown up by war's end, and there's nothing for her here. Her brother's way out in Oregon, and she needed a way out, and when she saw an ad for mail-order bride by a teacher, she took it. // Greta was not Marston was looking for in a bride. He, at 32, hoped for an older woman, not a 20-year old slip of a girl. He hired her as teacher's aide instead, refusing to sully her. However, Greta knew what she wanted, and she sets about to her tasks, be a wife to Marston without the intimacy, and hoped to win his heart. However, with winter approaching, and a wagon train due soon to leave for Oregon, time is running out. I guess this is somewhat inspirational, but I didn't feel much from this story.",1
"Bazı tarihçiler , ilk yerli italyanlar olduğuna inanır ; diğerleri ise Asya ' dan küçük iman .",0
"Bought these tongs to replace the Vollrath tongs of similar length: the strip hinge broke there and I needed a cheap replacement. These tongs are thin and feel somewhat cheap, but they do the job. The only thing that I don't like is that they spread out very widely compared to other tongs that I used.",1
Works like advertised. I wish the manufacturer would include a way to stop the tumbler from spinning at a certain point to allow the materials inside to sit at different levels instead of stopping at the same stopping point all the time. Stopping the tumbler at alternate positions will allow the materials inside to mix and decay more rapidly. Will recommend to my friends.,1
Well i love this movie but the inside of the case was broke and the disc was scratched up from being loose in the case. Really disappointed,1
"Her iki kural da spk tarafından 5 , 7 , 10 ve 19 ( a ) Menkul Kıymetler Yasası ' nın ( 15 u.s.c. ) yetkisi uyarınca yayınladı .",0
"Dickies, Levi, Wrangler, just not built for curvy guys!",1
I put these up around my classroom and my home. I put one on my front door because I think it’s important for people to be uplifted.,1
Very light and when the posts are assembled there is a gap. It looks cute from distance,1
Evet ve ben demek istiyorum ki kağıtlar sadece eğitim sistemi ile ilgili tüm bu şeyler ile ilgili standartları değişen ve bu ve diğer ve bunu iddia etmek her şeyi daha iyi yapacak,0
Aynı övünme Kansas ' ta herkes tarafından bir .,0
Bought it for a gift for a co-worker. Exactly what she wanted.,1
"Profesör Rogers , Kansas Üniversitesi ' nden sanat derecesi ve Yale Hukuk Fakültesi ' nden bir bö doktor kazandı .",0
"Unfortunately - product stopped working after 4 months. Prior to this - the switch on time was too short, but brightness, install, handling was easy. Now need to try to figure out how to get the 12 month warranty honored.",1
"Yes it burns high quality videos but I was looking for something to convert my DVDs to play on the PSP, this does not do that. But if you are looking for something to burn youtube videos and home movies this works great.",1
Doesn’t seem to work,1
"Perfect for loose tea in larger mug. Metal mesh is really fine - I haven't had any loose tea fall thru. It is taller than traditional china mugs and the larger strainer was really not all that much larger than this size. Just put in the loose tea, set in your mug, pour boiling water into the strainer, wait 5 minutes and take out strainer for perfect tea. And be sure to get this one because it has the lid you can put the strainer into after use - makes for much less of a mess.",1
Submerged the light in less than a foot of water for a few seconds and it died. The conductor inside also fell out on the first day of use.,1
"It provide good protection for sure and if you have a space grey model then the black is not gonna be noticed that much and it will blend in quite well. The only down side is by daily use sometime you lose the touch sensitivity and afraid by time it will loosen up and this will increase the issue if touch sensitivity, and sure not suitable for swimming or any water exposure as it traps a bit of it and must be dried afterwards.",1
Hafifçe telaşlanmaya .,0
It just didn't work for me.,1
Merhaba maureen nasılsın,0
Ayakkabılar ispanya ve italya ' da kadar moda ve daha ucuz .,0
Very strong chemical taste,1
Didnt really seem to work much.,1
"Very good quality and my son loves it""!",1
These are more like regular napkins the the normal guest towels that I normally have bought in the past. Can't wait for these to run out. They are rough and not soft.,1
"Saldırılar bilgisayar destekli operasyonları ciddi şekilde bozabilir , hassas bilgilerin gizliliğini tehlikeye atıp kritik verilerin bütünlüğünü azaltabilir .",0
Great product if you actually need a 5 inch stopper. The discription lists this as 4.5 inches long. Exactly .5 inches more than I can handle. ;),1
Another piece of garbage. The tip of the scissor doesn't close and it is not sharp enough. Don't waste the money.,1
"Oybirliğiyle yapılan iktidar , devletin , vermont hukuk ' un altında evlilikten akan ortak fayda ve korumalara sahip olmak üzere , aynı-Seks çiftlere uzatın zorunlu olduğunu düzenlenen .",0
"Bütün şişman değil bir göbek , tombul kalçalar ve kalçalar daha tehlikelidir .",0
"Sayfa ' in reader-Tartışma Forum ' da kullandığı aynı teknolojiyi kullanarak , fray , geveze , Sayfa ' in resmi günlük paylaşım programı ' nın bağımsız grev ne zaman güncellendi .",0
"Ordered these for a birthday party, but got all black instead of black and colored, as pictured. Pretty disappointed.",1
Koridorlar Buradan Müze ' nin çeşitli kanadına öncülük ediyor .,0
Neden Sadece ' kam fong ' olamaz ?,0
"Solid product,one of the hooks broke while I was securing the net.Other than that,no complaints",1
Semt,0
Used one time and a piece broke off of one of them. I was able to fix it but it pops off consistently.,1
"Great strings, but should be labled.",1
Attractive but made cheaply and light.,1
Tons of great items super helpful with school shopping,1
"Ama muhtemelen bu konuda en heyecan verici şey , New York Times ' ben brantley .",0
The lights look beautiful!,1
"I purchased this because I saw it being used in another classroom. Unfortunately, the handle keeps coming off. My husband fixed it once, but it continues to happen. When the unit stays together, it is a great sharpener.",1
Randy ' nin tüm sorumluluğu dönüyor,0
"Not for me. These plugs may work for others so this is solely my opinion due to what I prefer. It's really not about the product itself because others may love it. They came packaged nice. As I removed them I noticed right away that they were a play-dough or clay-molding type consistency. From reading others reviews I only used one and split that in half because I have small ear canals. I molded them per the package instructions and put them in my ears. I did not like the residue that they left on my fingers from molding them to fit my ear and putting them in and the thought of that being in my ears bothered me, but I wanted to give them a try. They went in easily and formed to my canal perfectly. I can only compare them to the foam earplugs that I normally wear which are the green ones that look like a torpedo - they have a little extra rim on the end that I use to mold to the outer area of the ear canal to help block the sound. I was not able to do that with this product because it was too pliable and spread too thin. I found them to be the same comfort level as a foam earplug overnight. I sleep with an extremely heavy snorer and found that they did not work as good as my foam plugs to muffle the snoring all night. I woke several times and had difficulty going back to sleep because it just didn't quite block out enough decibels for me. As I removed them in the morning, I used the twist motion so that it would not suck at my eardrums when I removed them and that worked fine. It felt like they left behind a residue in my ear, although that could have been all in my head because of when I formed them the night before and the residue left on my fingers. Also it really wouldn't be a big deal if there was a little residue because it would be cleaned out with the morning shower anyway. Just not for me - others may try them and love them. It is all about personal preference on this one people.",1
pleased with purchase,1
I never was able to use it. Put it all together tight had my venison cut into little cubes turned it on and the motor was making an awful sound.,1
got for my spouse and it works great....,1
Tabi rica ederim tamam güle güle kullan,0
"The installation was simple and straight to the point. Putting your head under there to reach was a bit hard. If you had problems like me, a hack and pliers made it easy. My issue was that the new side markers needed a bit of force to stretch the wiring harness so that the side marker clip can lock in (the clip on the right, the closest one with the led wire+plug).",1
"I got this lounger within a few days of ordering. It is what I expected, versatile and fits my small space. I have not had a guest sleep on it yet, but it feels fine to me and my son as far as lounging around. The price is amazing, it is a good deal. No complaints, it all works well. The cover material seems strong and the frame seems solid.",1
Onun hakkında yeni bir hikayeye ihtiyaçları var .,0
Zaten onun yaşındaki bir çocuk yeterince bilmez . ' ',0
Tastes good and really gets you moving in the morning!,1
"Had computer issue from day one and I had to return it. Otherwise it was zippy. The pedals don’t really do much, especially once you get a little speed.",1
"These are the the exact same cones I purchased a couple months ago from the exact same seller, however the cardboard tube used to stuff them has been replaced with a thin strip of cardboard and does not work as well. I have been using Raw products for over 2 years and never bought cones that had these little cardboard strips. Unhappy : grade D",1
"Works well, better than the old pad!",1
Uh oynuyor,0
"Yüzlerce binlerce kişi , tapınağın örtülü tsutenkyo ( Göksel Yol Köprüsü ) muhteşem sonbahar renklerini görmek için her sonbahar gelir .",0
Güneş ' i Güney ' e uzak bıraktılar .,0
Ama biliyorsun ben gördüm insanların ne yaptığını daha fazla demek istiyorum yani çok kötü oluyor ve bu kadar suç insanların bir şey yapmaktan korktuğu noktaya geldiği sürece bence bil ki ceza alırlar ne demek istediğimi biliyorsun,0
Muhtemelen her gün olan şeyler ve biri onları videoya alana kadar onları fark bile - .,0
No exterior protective packaging. Product came partially opened due to flimsy box. Damp as well. How much would it have cost for them to put some brown paper around it rather than just slapping a mailing sticker on the red and black displaying box? Haven’t used the product yet to determine quality of the warmer itself.,1
Iş topluluğu fonları ve gerçek ihtiyaçları ile yardım edebilir .,0
"Sonuç olarak , Yardımcısı ' in sandalye olarak dışında tutulan toplantılar hakkında takvim veya bilgilerinin bir kopyasını arayan için , vice presidentas temsilcileri ' ne açıkça ifade ettik .",0
Daha ağır sorunları olan hastalar için tasarlanmış tarama testleri ( 6 içki ) daha az ciddi sorunları olan hastaları teşhis etme konusunda daha az hassas olacaktır ( 3 içki ) .,0
Yaaa acıyor aynen acıyor nefret ediyorum,0
It doesn't have sufficient adhesive to stick to the phone for any length of time. Thumbprint recognition did not work with the protector on. The screen resolution appeared less clear than without which was the opposite of what was advertised. The edges were only slightly curved and the protector was not wide enough to cover the phone.,1
Oh kötüydü,0
These blades were not shaving as well as the originals. Very bad experience. First one stat rating in my life.,1
Bir yemek partisi için iyi olur . Çünkü farklı şeyle uğraşmak zorunda değilsin . Bir anda ortaya çıkıyor .,0
Görkemli 16 ve 17 yüzyıl binalarının bu büyüleyici alınmış bir zamanlar moor merkez market meydanı idi .,0
Buy this item if you want pillow with mold!👎🏻👎🏻👎🏻 Smells horrible. Mold on pillow and zip broken!!!! I will not recommend!!!!,1
Works perfectly in my porch light.,1
They were a bit small and did not stay on my feet.,1
"Machico annemden biri mi ? Dei ? Ra ' S Boat-Building Centers , and on the beach you will probably see work in progress on both old and new vessels , the former being used for scrap .",0
"these are interesting products, i still have them on my phone, however they slip on the camera and air gets under them, so you have to move them down before you can take a good quality photo.",1
"Ama bir yerlerde , Reagan ' ın dersini almış olabilir . Amerikalılar gerçekleri toplamaya çalışırken , güç gerçekler önemli soruları razı .",0
Perfect for adding light layers of hydration especially in the colder months. This is usually my first layer of hydration before a moisturizer and it works great with no pilling or balling. Hydration lasts all day!,1
"These are not PowerBeats Pro quality, but they are a tenth of the price. Only used twice.",1
did not fit over seat to narrow,1
' ama bizimkiler bunu değil .,0
"Hakone , mt . Mt ' nin güneydoğusunda ulusal park ve tatil beldesi . Fuji , Tokyo ' dan hafta sonu günübirlikçiler ile son derece popüler .",0
Iki mali politika ( 1 ) Mevcut fazlaları ve ( 2 ) Sosyal güvenlik fazlaları kaydedin .,0
Ve benim için bu çoğunlukla gazete ve radyo . Neredeyse hiç bir zaman televizyon izlemem . Bu yüzden televizyondan haber almam .,0
"Dünyanın en pahalı tatil beldesi 1.6 milyar dolar , Bellagio ' nın olanaklar 5 yıldızlı yemek , chanel-kalibre butikler ve sanatsal araştırıyor dünya çapında bir koleksiyonu yer alıyor .",0
Greuze hala bunun darbe umuyor ve sen de pahalı . ' ',0
Perfect fit and details matched to a T. Shipped fast and I’m loving them.,1
"Program Performansı ( opp ) personeli , planlama ve uygulama konusunda yardımcı olmak için önemli teknik yardım sağlanması da dahil olmak üzere , bu değişim süreci ile lsc grantees ve devlet adalet toplumlarına yardım etti .",0
Love these. They work so well. Easy to clean.,1
Somewhat tight (narrow) in the middle (even after undoing as much of the drawstring). Hope it stretches a bit over time so it wouldn't kill my feet. It feels light yet strong.,1
Ama bu akşam dersim var bu yüzden bunları yoldan çıkarmak istedim,0
"Iç içişleri geçici olarak halka kapalı olmasına rağmen , 12 yüzyıl palatine şapeli ( acapella palatina ) , Norman Mimarlık ' in İtalya ' daki en büyük başarılarından biri olan Saray ' ın mücevheri ( ve palermo ) için tur otobüsleri sıraya girdi .",0
"This is a terrific product, best stain remover I've ever used, even removes blood stains. But don't buy from Amazon. They threw this into a box with four other products and no packaging around the items. Nearly all the stain remover leaked out from all three bottles. The other items were covered with the thick stain remover liquid and the bottom of the box was saturated with it. A big mess to clean up. Amazon made it right and shipped a replacement but I won't order again.",1
I did not like them because they smell even when I washed them and also they broke so basically it was a waste of my money,1
"Nipa Federal fazlalık veya açığı , Federal Birleşik Bütçe fazlalığı ya da açığı ile benzer şekilde arithmetically , bazı kavramsal farklılıklar vardır .",0
Standard product and it works well. No issues with it.,1
"Hey , kendine bir söz vermelisin önümüzdeki altı ay içinde bir roman okuyacak sadece senin için",0
"Good size, easy to use. But they came very dull, and sharpening them from dull was not simple. But I'm happy with them",1
Pants are cute but huge on waist and cant be adjusted. A bit disappointing.,1
The only my thing I didn’t like was the chain because it was kind of stiff. But that’s my own personal preference.,1
"Purchased for a 7 year old, she absolutely loved it! Perfect gift for kids that love to sing.",1
"Pros: + Well-designed fit, buttons click in the sweet spot which is an issue for many 3rd-party cases + Slim design, this is meant to protect against small bumps and scratches, not big drops. Maxboost has other cases for that + Raised edges to prevent screen from touching surface (even with screen protector installed) + All ports accessible, wireless charging works through case Cons: - Case has a very slippery material. This isn't an issue for me personally but if you aren't a very careful person you might want to get a bulkier case",1
Works as described. Low catch rate though. Auto spins and catches at various speeds but better at lower speed. Item is very small. Almost lost it a few times.,1
"Ve çocuklarının orada kalmasını sağla , o bölgede bize saat kadar az para veren , iki çocuğumuz için saatte dolar ve bu çok eğlenceli . Minimum",0
Tabi o zamanlar Londra ' da olup olmadığını bile bilmiyordum .,0
"Bu ( 1 ) belirli emeklilik danışmanları , ( 2 ) ulusal olarak tanınan istatistiksel derecelendirme kuruluşları , ( 3 ) SPK ' ya kayıtlı yatırım danışmanları ile ilişkili bazı danışmanlar ve ( 4 ) makul bir beklenti olan yeni kurulan danışmanlar 120 gün içinde sec kayıt için uygun hale gelmek .",0
I set up the container with the provided sticks. Put it in my bathroom in the early morning. Closed the doors and windows. Came home at 8pm. Opened the bathroom and expected a lovely scent to fill my nose. There was LITERALLY no scent. I'm returning.,1
I am very impressed with the quality of this hat given the very reasonable price. I've seen hats costing over twice as much that don't look any better than this one. Excellent hat and excellent value!,1
"I have few older Macs lying around and wanted to see if I could upgrade the drive to an off the shelf Toshiba nvme drive. I didn't expect it to work as well as it did but, to my surprise it's working 100%. Sleep, Deep Sleep, booting are working as expected. I am not using kapton tape as other suggested but, I think using the tape is a good idea and can't hurt.",1
"Varanasi ' dan çıkan yolun batı yakasında , beşinci yüzyılda bir gupta kralı tarafından inşa edilen chaukhaudi stupa bulacaksın .",0
This fell apart as I was installing it. Cheap material!,1
Remote control doesn’t work most of the time. Very frustrating.,1
Kaç yaşında iyi o sadece küçücük bir şey o yaşta da sevimli,0
"Karısı onu takip etti , bayan ınglethorp ' u daha iyi düşünmek için ikna etme konusunda bir şeyler mırıldanıyor .",0
"Örneğin , küçük kardeşin için bir beanie bebeği veya cabo san Lucas ' a indirimli uçak bileti satın aldığını farz et .",0
It was slightly too big,1
"It arrived in a timely manner, but it didn't work at all after plugging it in. I charged it for a day thinking that could be the issue (it wasn't). I also noticed that the quality of the parts included did not match what was depicted in the assembly manual. This made assembling it a bit more complicated than it should have been for such a small, simple machine. My husband was baffled at the mismatched parts! For instance, the filters included did not match the size of what the device required. Despite the good reviews, I would recommend you consider other models on Amazon.",1
Easy to use Well built and good price for starter drone.,1
Bence senin duyguların fogeyish ya da undiscriminating,0
"The case is very protective, and is safe, fits very well except for the screen cover. It's very slightly not flush to the screen, so dirt and dust can get in the holes and stuck between the screen cover and the screen. The built-in cover is also plastic, and prone to unremovable scratches, if you aren't careful. Would not buy again If you do have it, you may try and first put a glass screen protector on the phone, and then put it in the case. This may help keep dust out, but it won't protect the poetic's plastic screen cover from scratches.",1
"Good travel size toothpaste. After a 6 day trip -- it was stretching it -- but good travel size. If longer than 5 days, suggest bringing two.",1
Haaa ve ben şu tuval çanta gitmek istemiyorum şu an özür dilerim o avrupalı değilim,0
"Blunt Özeti ( ) , belki de bize ( yıkanmamış kitleler ) yılda 20 dolar kabuk , bu kokuşmuş monitöre daha uzun bir süre daha uzun süre göz kulak olma ayrıcalığı için , güneş gider önce bu kokuşmuş atölye kurtulmak istiyoruz , az da olsa , üç sürahi bira ya da birkaç beyzbol maçı bileti için , yetersiz ihtiyari gelir için bir masraf olmayacak .",0
"Tamam sorun çözüldü , kocası açıkladı , sonra da ekledi , ' bir süre orshe oturmak istiyorsan , işte anahtarlar . ' '",0
On yıl önce çocuklar uyuşturucu karşıtı mesajlar tarafından bombalandı .,0
they look and feel plastic and large for a slim ankle,1
Where is the strainer you promised with my order,1
Oh lewisville bir nezih yemek var yukarıda,0
Does not include lithium battery,1
Bol baskı .,0
Singapur özel denemelisin ve tatlıyı bayan .,0
"1873 ' de ilk inşa edilen , 1855 yılında demiryolu istasyonuna yol açmak için mevcut sitesini alınmamı ve buradan itibaren Batu Mağaraları ' na yıllık thaipusam hac yolculuğu başlıyor .",0
"The premise is great --not the ""best"" ( although the best are included) but the ""most"" ( like tongue) Jewish foods. The personal essays are clever and interesting. Photos, charming illustrations and there are recipes too! I wish my grandmother & mother were still alive to read, enjoy and debate the Most Jewish Foods with me.",1
"Great for the price. Not the color I was looking for unfortunately. The material is nice and soft. But the pattern is the material, not different materials sewn together. so to me it is not an actual quilt.",1
"Yanlışlar kasıtlı olarak , sadece anlamak için başarısız , ya da sadece mesajı geri almak için veya uzay veya zaman sınırları ile buluşmak için oversimplifications .",0
Perfect for work that uses an android and my personal iphone. Dont have to carry anything extra. It is self contained.,1
"Nice rug. Good color and pattern. I would recommend if not for the fumes. I understand this is a common problem when machine made and stain resistant carpets. We had a major problem with the “off-gassing “. I let it sit outside for a week, vacuumed several times and it was still quite strong. It has gotten better but I would not recommend for anyone with respiratory sensitivity.",1
Fantastic character development,1
Love it. Great support and stays in place perfectly.,1
Kutsal Duman ! Akrobatlar bakmak için beş adım bile gitmem .,0
"It's a perfect shower set up; unfortunately I didn't get the tub spout. I need that addition. In a shower, it's a 'toe bath' What must I do to get that ?",1
Easy to use but litter does spill and it does get every little bit of stuff.,1
"Bilgi Yönetimi Ofisi ( oim ) , program performansı ( opp ) Ofisi ve devlet planlama ekibi artık tamamen personel personel .",0
"I was joking around with my husband, a Clemson Tigers fan, about these..so guess what I got for Valentine's Day! But they are very comfortable. They look like they would have a furry texture, but they don't. And they make my already small frame, look smaller!",1
"1950 ' den üçü menora ışıklı , Sklare ' in 1950 ' li yıllarda yüzde 68 ' lik bir artış .",0
"Örneğin , vaka çalışma konumlar birinde devlet üniversitesi , stateas yeteneği sanayi sanayi ve muhafaza yeteneği devam devam ortaya bir çalışma gerçekleştirdi .",0
Does not hold the paper for very long and then you have to restick it with a glue stick.,1
"Claims to hold 15 pounds with no issues. My cat is just under that and the crate feels like it's going to fall apart when I put him in it. The plastic is cheap and thin. I used it now to transport my rabbit and smaller cat (6 lbs) and it has already developed some scratching and a crack on one side, one of the plastic clasps for the door broke as well and I think in total I have used it like 10 times.",1
"Ama ne yazık ki , beş yıldır seks yapmadım .",0
didn't fit on my cabinet door but I still use it,1
"Washington liler ' in içinde bir dizi , Seinfeld ' in ahlaki karakteri hakkında tartışmanın son dakikasını geçirir . Ara sıra fakir tat , büyük zeka tarafından kısmen kullanıldı , diyor evan thomas .",0
"exactly as I ordered, hard to beat otterbox",1
"Good earphones, battery last pretty long. I'm satisfied with this purchase.",1
For the price its ok,1
Ve çocuk hala çok genç,0
Very nice fixture. The brightness of the LED bulbs make for plenty of light.,1
They are super comfy but size down as they stretch out a lot.,1
Looks great takes some time to get use to,1
"Great Hair, Definitely 10A Grade",1
Terrible. Poor quality. Will never wear,1
"Tamam , kendimi suçluyorum .",0
"Alışveriş intikamcı , kendini alışveriş intikamcı olarak tespit -- Bu , iş-sınıf salonunda onun ve cape ' e değişen anlamına gelirdi -- bu kötü cumhurbaşkanımızın ingiliz hava yolları çalışanı , alışveriş intikamcı ' nın Amerika ' nın en önde gelen tüketici olduğunu bildirdi avukat ( bu bir yalan , ama o ingilizce , peki o ne biliyor ? ) ) )",0
Great product. Should hold enough beer and drinks for a full day pool side or beach. Which it had the top flap for quick access,1
This does not work for an iPhone 8.,1
Ah biz tek bir hikayede yaşıyoruz tıpkı çiftlik tarzı ev gibi sen bilirsin standart teksas ah fox ve jacobs,0
Memleketi Ornans .,0
Sign is well made and nicely finished. Now let's hope unwanted solicitors will actually take the time to read it.,1
"Yarışta en sonunda işsizlik ve Clinton ' a eşit olarak kampanya dolar ' da , seçimi belirleme mücadelesi zirve yapacak .",0
"Ay ' da adam işaret etmiyor mesela , Kaufman ' ın cumartesi gecesi canlı çağrı oyu ile ilgili fikri ortaya çıktı , ya da her şeyi nix ' e çok fazla şansı vardı .",0
I got this for my husband who has trouble sleeping due to joint pain. Seems to be working perfectly!,1
Hayır ama hala performans gösteriyor evet o ben ben onu izlemekten zevk alıyorum ayrıca uh marino,0
I like the ease of going between different games,1
"Gsyih ' nın büyüme oranını kalıcı olarak öne çıkararak , tasarruf ve tasarruf paylaşımlar",0
"Ön veriler , program tarafından sağlanan hizmetlerin , katılımcıların alternatif istihdam sürecini hızlandırmak olduğunu doğruluyor",0
Fits smaller than listed so....can't return...stuck with it,1
"Sooo pretty! Rollers seem really good, and the lining is really great.",1
"Birkaç zorlayıcı kumarbaz kaybetmek karşılığında , kumarhaneler ( yanlışlıkla ) müşterilerinin sağlığı ile kar daha endişeli görünür .",0
"Ama bir kaç istisna dışında , gerçekten kırıcı dilin kaynağı neredeyse hiç bir şeye azaldı 20 yüzyılın sona geldiği gibi ; küfür para birimi , değersizlik eşiğine kadar şişirilmiş .",0
"Örneğin , alkollü sarhoşken alkollü araç kullanırken araba kullanmak , ancak bu konuda önemli bir sorun teşkil ediyor , çünkü anketler sürekli olarak , alkol bağımlılığı veya bağımlılık için teşhis kriterlerini önemli sayıda bireyin sarhoşken araba kullandığını kabul ettiğini gösteriyor .",0
"This is a simple, but sweet story. I enjoyed reading it. I appreciate it being clean! I sincerely dislike the racy, porn type of books. The plot moves a bit slowly but the characters are entertaining. The main male character is a bit of an air-head, but still lovable. I was not thrilled with the ending being so up-in-the-air. It seems to me it was rather abrupt. Otherwise, it was a good book. Three and a half stars!",1
I have been buying these wee wee pads thru Amazon for over a year. Can’t beat the price and delivery speed.,1
This book was okay; I’ve never read an MC book that was so sugary sweet to sweet actually. It was so repetitive!! Entire sentences and scenarios repeated constantly. And can we say INSTALOVE!! They were in love at 5% 🤷🏽‍♀️ But Amelia was a hoot there were plenty of funny bits 😂,1
", haber bölümleri şu anki tavrını kaybeder mi ?",0
"Bu ırk sorunu -- Tarih , düşmanlık , talep , hayal kırıklıkları , adaletsizlik ve kanunsuzluk -- bu elde eder ve hak eder , dikkat eder .",0
Nişan workpapers dahil olmak için senin bir dökümünü devam emin olun .,0
Very sad true story!,1
Tı çalışanı mısın,0
"Samsung charger is pretty cool, charge your phone quickly and your tablet! Happy customer here and happy with the product!!",1
San ' doro sağlam durdu .,0
Son kural yürütme emri altında incelendi,0
"Başsavcı Jay Nixon , çarşamba günü acil olarak verilen emri istedi .",0
"I really enjoyed this refreshing love story. I remember when handwritten letters were a treasure to receive. I can't imagine an entire courtship with letters exchanged between the hero and heroine with neither revealing their identity. It's a brilliant way to really get to know each other without all the interferences from family, friends and social events. Beautifully written!",1
Is very nice and comfortable.,1
Başarısızlık olasılığı : % 100,0
does not stay in place,1
Yani biliyorsun ki çok zor,0
"Alternatif tahmini için , kronik bronşit meydana gelen indirimleri değeri hakkında belirsizlik yansıtmak için , isteklilik-E-için yerinde bir maliyet-Hastalık değeri kullanılır .",0
Set up in 10 seconds. Good sound quality. Too soon to know the battery life quality. Sleek design. Also reconnects automatically when I leave and come back to my Jeep later. Love it!,1
Ben emekliliğe inanmam .,0
"Amatör Psikologlar , cinsel nevroz bombardıman yüksek seviyeli nintendo oyunu olarak tadını olsun .",0
PERFECT! My son was thrilled!,1
Solunum sağlık ve pm10 günlük zaman dizi analizi amerikan inceleme solunum hastalıkları 144 : 668-674 .,0
"Demek istediğim , beni itici ve çalıştığım herkesi geri itici , yani sen bilirsin",0
"The fan works great, hate the way it operates through the modes. Have to push the power button multiple times to turn it off, as it runs through the programmed times.",1
"Doesn’t connect well with my pc, windows 10.",1
Great wig especially considering the price. Wore for about a month. Will buy again.,1
Box did not include the clips/hooks needed for proper install.,1
"Mevcut muhasebe kurallarını uygunsuz şekilde bükme finansal ifadeleri sağlayıcıları , artık bundan al bilmesi gerekiyor .",0
"I have curly hair and have been using this product for a long time because of its lightweight manageability, it doesn’t make my hair sticky! The only reason I gave it 3 star is because the pump wasn’t working, I’m sure it broke in the shipment!",1
"Jüri baktı , ilgilendi .",0
"' gerçekten efendim , bu Tanrı ' nın en iyi mucizeler biri . ' Harland ' in bana bakıyordu- ' -neredeyse korkutucuydu .",0
This would be MUCH better if they had some sort of tabs on the left/right edges so you could connect a 2nd unit. It's a little too narrow to nail dead-on when you enter the driveway.,1
Koyu tenli köleler tarafından sürüklenen bir başka ticaret aracı daha geçti .,0
Controller dead in 3 months from normal wear and tear. By far the worst controllers on the market. I still have NES Controllers that work perfectly fine.,1
"I purchased because of its combined record player, CD, tape, and radio features. The packaging was good, easy to set up and easy to use. I played a record and was disappointed in the sound quality - no bass tones - did not do justice to my Crosby Stills and Nash record. However, for the price, it would be OK for someone who just wants to hear the melody. I returned it and will have to spend more and get separate components to get the sound I am looking for.",1
Ama çok zor oluyor özellikle de bir karı koca teksas aletleri çalışıyor,0
Eli Hala Tommy ' de .,0
O kısmı acele edeceğim .,0
"I did so much research to find the perfect glider chair for my nursery. I realized the more you look the less you find. I decided to go with this one and so far so good. Pros: color, material, very smooth gliding, good size (width) . Cons: the back of chair wish it was higher to easily rest your head and wish ottoman had storage. No regrets here",1
"I can't believe they took out the talk-to-text feature. Unless you want to ask Alexa something in general you are out of luck. Back to using the keyboard for Emails, Facebook, etc. Spent 35 minutes on and off hold with Amazon trying to get this information. It's a huge pain and inconvenience for me and would keep me from purchasing in the future. Not sure if it was a new one they sent me as it had a pin sized HOLE/scratched on the screen which I noticed when I was trying to install the screen protector. I'm too overwhelmed to try and deal with returning it. Good storage capacity, 32GB. Colors unavailable without ""Special Offers"". My upgrade d feels like a downgrade. Sadly, not really thrilled with my purchase. :(",1
Dog Goggles are wonderful. They fit nicely n adjust firmly. Stay on great!,1
Only good for long hair and if you have large hands. The brush is large as is the handle,1
"Onlar daha genç , daha ince , sakallar çok sahtekar görünüyordu .",0
"Most uncomfortable sneakers I've ever owned.Too stiff,these are more like boots than sneakers!! I'll be going back to Nike,NB etc.",1
Runs quiet but cuts close - and never cuts my neck!,1
Evet onlar bir çok um kış üretimi güney Amerika ' dan geliyor tabiki onların mevsimi değişti,0
"The color on this is very nice, even though it's a light pot. The decor is really nice, pretty decent pot.",1
Looks nice but broke within the first 10 minutes of wearing... POS,1
The first one I received was very used and beat up. But I contacted the company and they were very quick to rectify it. They quickly sent a new one that work perfectly. Good sturdy design retracts nicely.,1
Awesome book. Great pictures Great detailed information on mushrooms. Other mushroom book authors need to take notes. Plus me living in Florida I'm glad I kept searching because There seems to be more mushroom books for other area's. Buy this one if you live in the south east I'm interested in Gourmet mushrooms buy this book has it all including poisonous mushroom to look out for. Peace,1
"Umarım bir makale yazarken , yeni Cumhuriyet ' e , bu konuda ilgi duyan neredeyse herkese ulaşmak düşünmek beni egoist değildir .",0
Received these door bags for our 2017 Polaris RZR 900s promptly! They fit perfectly and easy to install.,1
BATTERY drains still and does fast even Thought I use original charger only It worked good for 1 day than you know the rest I would get a refund and send it back but I'm not going to open up my phone again for this.,1
"El Greco St. Augustine ve st . Stephen , muhteşem kilise kıyafeti içinde , Kont ' un bedenini kaldırıyor .",0
"As my favorite Disney ending, I had to add Te Ka to my desk. Very happy with the purchase.",1
"The product never actually arrived, despite the tracking saying it was delivered. After looking all over to find a way to contact customer service about this, and finding nothing, I finally just ordered another one. So if you want to pay twice for something, then by all means, buy this.",1
Ama bu aynı zamanda kabin ateşi almaya başlama zamanı,0
Doent work for note 9,1
I really like the case so far except that you can't really feel where the buttons on the side are. You go to turn the volume up or down and you really have to try to feel for them.,1
Just opened this. Was NOT packaged properly and arrived broken! So not happy.,1
Very disappointed they were ALL cracked,1
Ama sadece korkunç bir düşünce her seferinde bir gün öyle olmak istemiyorum,0
These teeth were huge! I cut them down to fit my teeth.,1
"I am allergic to cocoa, and dairy and gluten. Finding this bar was a chocolate lovers dream! It really tastes like a chocolate bar! To be sure, I had a chocolate eating friend try it and she liked it too.",1
"I love this machine! It saves me so much time by making multiple copies and cutting them itself. It takes up to 24mm tape which gives 3 lines of text. My labels look much more professional and I love the choices it gives for fonts, text size, etc. It saves files which is great for my Aromatherapy business Love From Hawaii, I won't have to start over every time I need a different label. These labels withstand my oil based products without showing damage and they come off easily to reapply without ruining. I just received it today so it has many features I haven't gotten to, yet. It came so fast, in 3 days, with free shipping! Mahalo amazon!!",1
"Fit is absolutely unacceptable. It is so loose, the phone can fall out of it, despite the fact that it is supposedly designed for the ZTE Maven 3 that I put in it. Immediately started shopping for a replacement. Don't waste your money. I cannot fathom how people have given this thing 5 star ratings.",1
"Evet , aslında tam olarak ne kadar olduğunu hatırlamıyorum . Bence beş yüz sınırı var . Bilirsin işte sadece onun için bir tane .",0
"Used it once. Charged it up FULLY took off for camping, by the time we got there it was at half charge and wouldn't even charge my phone. Didn't hold a charge, can't get it to power on. Never got it to work once and no response from seller.",1
Bağımsız biriydi .,0
I have a ton of these for sorting hardware. The new version is smaller and incompatible with the old ones. Boxes will no longer stack and the larger bottom bins are now smaller. Nice way to ruin a great product to save a few cents on plastic. Glad I saw this before buying more.,1
Ona kas ben de onun ayağına ateş ettim .,0
"I thought these would be warm because of the fur lining, they are not, I live in Michigan. My flannel lined leather gloves are warmer.",1
Nice and sturdy. Well made. Great value!,1
"Yayınlanmış bilimsel edebiyat önemli bir bedeni , yüksek ince partikül madde arasında bir ilişki olduğunu ve hastalık ve erken ölüm oranının arttığını fark eder .",0
"Bu ilaçların kullanımı , nüfusu kayıtsız ve siyasi liderler tarafından kontrolü kabul etmeye istekli olacağını düşündü .",0
I love the outdoors / chocolatey smell that this has. Thankfully this is light and not over powering. It is very hard to find this product locally and I was surprised to find that I could order it here.,1
"Daha da ileri , çiftçiler , kendi topluluğunda yasal hizmetler ile nasıl iletişime için bilmiyor olabilir veya işverenler tarafından yasal yasal hizmetler ile iletişime geçmek için cesaretini cesareti .",0
These knifes are amazing! definitely the best purchase Iv'e made recently. no need to spend hundreds of dollars on other brand names while you can get this set for much much less. They are sharp and smooth. Go for it!!!,1
Biliyorsun gelecekte bu belki de mümkün olacak,0
"Tanrım , bay kirby , bu kesin bir şey , kesinlikle öyle !",0
"I got these so I could raise my twin sized bed, and they definitely raise it about 5-6 inches or so. They're cheap so I can't complain too much. The only warning I'll give is that they're made of a hard, scratchy plastic, which is all well and good unless you have hardwood floors like I do. All I had to do was buy a few felt pads to stick underneath them so they don't scratch the floor or slide.",1
Yaaa valla sana sebep sebebi ben ti çalışanı ve ah bir fitness merkezimiz var biliyorsun o sitede,0
"Plaza ' nın en kaçınılmaz binası katedral-benzeri palacio de comunicaciones , teasingly lakaplı nuestra bayan de las comunicaciones ( iletişim bayan ) .",0
"Had been sitting in my trunk for some time. I was amazed, had a situation that needed to jump start a stranded motorist in extreme weather. I was able to get their car started immediately, saved them a expensive tow bill. Very pleased with this product.",1
Telefon çaldığında önce almak için acele eder misin ?,0
"Bu bölüm sadece dönem programı kullanır ; ancak , bu kavramlar , organizasyon , aktiviteler ve hizmetlerin denetimler de uygulanır .",0
Well written. Very few editing errors. Nice twist. But a little too much over the top treasure find. I also didn't appreciate the plugs for the author's other books in the middle of the story line.,1
Product missing from shipping package. Asking for refund.,1
Yeni dil hemen hemen hiç tartışma almadı,0
Ya diğerleri ?,0
"Bir ölçüde , Miller ' ın kaderi broadway sahnesinde .",0
Didn't last a week after using.,1
did not stick on normal painted drywall even after cleaning the wall and allowing it to thoroughly dry. had to throw away.,1
Unfortunately this item failed after just a few days of use and now it stays up until I sit then goes all the way down. Says it's guaranteed for 5 years but there's no way to contact the manufacturer.,1
"Polonya ' ya bir gezide , on emir ' i öne alarak aydın gündemin yerel taraftarlarını rencide ettiğini hatırlıyor .",0
Love them so cute and squishy. Just very expensive on amazon vs the actual website for them,1
"Tapınağın enteringthemaincourtyard , sütunları ( onerowofsupporting sütunları ile ) , kraliçe hatshepsut tarafından werecommissioned , siyah ıı siyah ve kırmızı granit . Perhapsthemostfascinating Element , Muhammed ' in kardeşim 12 yüzyıl soyundan gelen torunu korumak için tapınak kompleksi içinde inşa edilen Ebu El Haggag Camii ' dir .",0
"Kendini inceleme oturumu olarak fatura , tartışma , ilk yasa değişikliği düşmanlarına karşı silah çağrısı haline geliyordu .",0
"Gao raporlarını detaylı olarak gözden geçirdi , her birinden verileri analiz göre analiz etti ve sonuçları son bölümünde toplu .",0
Valla sana bedava otobüs bileti veriyorlar ben de kullanıyorum,0
"Wynn ' in mevcut özellikleri ile ilgili yıkımı , diğer daha daha çok , yeni olanlar potansiyel karşılığında eski mülklerin 20 ' üncü kaldırma sonunda Las Vegas ' ı anlatıyor .",0
"The phone keeps reboot itself since I bought it, and it's completely dead after one year of use.",1
"Son on yıl içinde , birçok sivil yasal hizmet lideri , paydaşlar , program yöneticileri ve yöneticileri ABD genelinde , çeyrek asır boyunca yer alan sivil yasal hizmet teslim yapısının , birçok geleceği ile buluşuyor için yerleştirilmiş merak etmeye başladı . Zorluklar .",0
Ah ben gazetede bir şey okudum yaaa o evet onlar bugün gazetede bir şey okudum ya da dün geçit dergisi oldu ve son bölüm ne zaman ve ne olacak dediler ve duyumlarımıza diyorlar jr nakavt olacak,0
"Her jest , bir şemsiye ' nin en banal açılış hareket sevişme hareket , uygun bir tören yaptı .",0
"Teklif ağırlık atanan değerlendirme ağırlıkları , teklif ' yapılan değişikliklerle karşılık olarak yeniden yeniden .",0
Washed and dried everyday and the seal on the lid that caps the drinking hole forms a dark mold like stain. This happened on all our tervis tumblers.,1
Annesi de onun gibi aynı tavrı vardı . Polisi aradı kesin tek sebebi siyah olduğu için benden çaldığı gerçeğiyle alakası yoktu .,0
the description is wrong it says 3 pack and you only get one,1
The way the size was described comparable to underwear didn't work. It is too large.,1
Haven’t had them long enough to really give an accurate review,1
Lays flat on keyboard. Just going to take me a little time to get used to.,1
Hava önemli mi ?,0
Needs to be updated since the author has changed a few things on his blog.,1
These wheels work very well. I got them for my office char to help with scratching the floor. The downfall is no mater what I’ve done they make my chair squeak and sometimes get caught.,1
Fabric is very nice but the zipper is ridiculously small for a queen duvet and the ties that hold the comforter in place in the corners came off immediately. Fabric is nice but the finishing is atrocious. Would not recommend. Returned for a refund.,1
Very cute but you have to glue them together and they do not take the glue very well. Came unstuck after a couple days. I have tried different glues as well.,1
"Bugün sadece üç saat , ' Baba ' ' Önemli ' ' dedi .",0
"Kahve cafe con leche , Fransız sabah kahvesine benzer , yarım kahve , yarım süt ; cafe cortado güçlü ve bir tutam krem ( veya süt ) ile servis edilir ; cafe solo güçlü ve siyah .",0
His Hammers Slammer s helped me get an understanding of what I was feeling on my return from Vietnam. I wrote my only fan letter to thank him for the help. He continues to write about real people and combat. Thanks again.,1
The WRONG color for me....can’t really tell which color would look better,1
"Devasa 12 yüzyıl abbatiale saint-Pierre-Et-Saint-Paul , Aziz Peter ' ın 17 yüzyılda Roma ' da tamamlama kadar Hıristiyan ' en büyük kilisesi idi .",0
"Riggs , insanların başa başa yardımcı olup , bir şikayet için tazminat sağlamasını yardım ediyorlar .",0
Ve doğanın tadını çıkar ve her zamanki hayatın stresini sil,0
Nice wallet. The actual clip isn’t the best for bills unless you have 15 individual bills which is not often for me. I like I can keep my hotel key in it and it doesn’t quit working like my other money clip,1
Ve kimse onun ne olduğunu bilmiyor ... bir çabayla Rus ' un süslü inatçılığını salladı .,0
"Most importantly, didn’t lose any weight. At the beginning of taking them they did make me sleepy and I slept a little better but after awhile that effect wore off.",1
Judith krantz onu tanıyorum,0
"Eğer çok kullan miras varlıkları transfer edilir ve bazı maliyet , transfer edilen varlık kitaplarında onlar için tanıdı , bu maliyet , büyük varlıkları ( negatif başka bir finansman kaynağı ) olarak kabul edilir .",0
Model Sabit birim değişken maliyetlerini sanıyor .,0
"not quite tall enough for my Columbia cart. Tight fit to cover the front and rear bumpers, leaving the Wheels and floor of the cart exposed.",1
"The sours were as described. However, I did not get the tropical flavors as shown, both bags of tropical I received were kiwi, pineapple and mango. I ordered these expecting the flavors in the description banana, melon and mango. Dissapointing. Besides not reciving the correct flavors, the candy was fresh.",1
This stuff did a great job of cleaning rust stains out of my sink.,1
American Express Bazı şeyler için çok daha iyi çalışıyor çünkü uçak biletlerini biliyorsun,0
I would have liked this product if it wasn’t all busted up when I received it. It was dented and scratched and nearly impossible to get the taped up plastic off the wand,1
"Mısır ' daki herhangi bir tapınağın en güzel ayarlarından biri , Nil ' in yanında , hem yukarı hem de akıntıya karşı görüş ile .",0
"Her iki program da , ilgili ilçe adalet müşteri başına ispanyolca konuşan Pro ' ya yardımcı olmak için projeleri çalıştırmak için ortaklık hibe dilediğine .",0
"Ironik olarak , isa , Romalılar tarafından değil , sanhedrin tarafından , büyük yahudi yasama mahkemesi , büyük ölçüde , Tanrı ' nın oğlu olduğu estafurullah ilanı dolayı mahkum .",0
If only they more sharper they would be perfect. My dog tolerates the sound its just that they aren't sharp enough to cut his hair. I say hair because he is a Yorkie.,1
"The board looks gorgeous and rides nice! However the quality of the board is questionable, we received the board on the 21st and now on the 27th it is already separating and isn’t solid. We haven’t done any tricks or anything crazy, just cruising on the sidewalks.",1
"Sina ' nın çok kuzey ucunda , Mısır / israil sınırını işaret eden birçok büyük otel ile taba ' dır .",0
"Çok endişeliyim beyler , tutuklandı gerektiğini .",0
"( Twister ' ı çok fazla kez izleyen insanlar için tasarlanan bu tatil , iki hafta boyunca orta Batı ' nın en karanlık bölgelerinde hortum avlamak için bir minibüs sürerken oluşur . ) ) )",0
Daha koyu sai routha zincir ile ritmik salıncak başladı .,0
"Dünyanın en zengin turistleri arasında çok , iyi haber , yeni ve neredeyse yeni kimono , tapınaklar , tapınaklar ve diğer büyük ortak sitelerde düzenlenen büyük bit marketlerde yeni fiyatlarının küçük bir bölümü için sattı .",0
"Leonard J. Koczur , oyunculuk müfettişi general David C. Maddox , mali ve bilgi kaynak yönetimi müdürü laurie tarantowicz , hukuki inceleme için yardımcı müfettiş genel",0
Ben değilim . Hiç koşuya gitmemişti . Ben lisede futbol oynarken nefret ettim .,0
"The box is totally destroyed! Talk about a Crunch! The box is a mess! It’s not the blame of UPS..,it’s gotta be at the Amazon loading facility",1
"Yeni bir çalışmada , çocukların okul , ödev ve organize spor ' çoğu zaman daha az boş zamanı olduğunu gösteren yeni bir çalışma raporları .",0
"This Lamp Is OK but not what I expected for the price. It is plastic and f poor quality . If you need it just to light a room its good , but don't leave it on for long periods as the bulbs get hot and the plastic shades may melt.",1
"Ama ben sadece bir araba almak için endişeleniyorum o kadar yeni olan bir araba , çünkü merak ettiğin kişi neden ondan kurtulmak istiyor bir limon mu yoksa bir sorun mu var ama sanırım bu senin almak zorunda olduğun bir risk",0
Broke easily! Had to replace after a short amount of use.,1
"BÖLÜM 2 ' de tartışılan gibi , mevcut varlıkları , sermaye yatırımı finanse etme ve ülkenin mal ve hizmet üretme kapasitesini artırma amaçlı mevcut varlıkları kurtarmak .",0
"Küçük adam momentum devam etti , bıçağı yakaladı ve döndü .",0
"I like the emphasis on consent that is often absent in shifter works . The characters were likeable and the plotting well-paced. I'm hoping to read more in this series soon, though I do wish it was KU.",1
"Works pretty good so far, just be careful when installing it to the rod, if you tighten too much it sounds like something is starting to break. Other than that it's a good product. Items description says no batteries required, but you do need 4 C batteries in order for the motor and lights to work.",1
"Worked reasonably well for about two days, now it’s dead. I don’t expect a lot out of a trinket I bought on a whim, but somehow this thing didn’t manage to meet them. At least it’s cute.... I guess?",1
Fits great and my daughter loves it!!,1
"Uygun site seçimi ile eşleşen çalışma amacının dikkatli bir şekilde kombinasyon bir örneği , Sosyal Güvenlik Yönetimi ' nin ( Ajan ' s ) bölgesel operasyonlarının verimlilik ggd çalışması .",0
"I'm very pleased with the sign, however, I wish it came a size bigger. 5x7 would have been perfect for where I'm intending to locate it, but the 4x6 will do.",1
"En popüler olan , asma katta çarpıcı pompei mozaikler ve herculaneum bronz .",0
These microphones are very high quality! We use them for events at our religious facility and find the quality of this very helpful.,1
"The width adjustability on this gate is badly designed, or should I say non-existent. Although there are multiple tension mechanisms they do not freely adjust to any width. If the width is not exact to the setting the gate just falls off. There is NO tension included in the technology.",1
"I can't complain too much, given the price: the neck fit was perfect, but the chest was just a slight bit snug. The collars are good and stiff.",1
Hat bells were broken off on arrival. The rest of the items didn't arrive.,1
"Worked ok until attached one of those finger holder on the back of the phone. With a holder, phone no longer can fit since there’s not enough space at the back.",1
"Surprised to see this delivered in such a small package, but pleased to find extra stitching at the seems and plenty of room in the main pack, plus roomy extra side pockets. Very light weight, which is great for a pack. Sturdy fabric, smooth zippers and extra padding along the shoulder straps make this a good pack for a hike.",1
lasted one week broke into pieces,1
I love it. I don’t take it off at all. Arrival and packaging was good. I’d buy again!,1
"I ended up returning this not because it was a bad product but just because it wasn't what I needed. It's great for straightening if you have the talent oh, it's right for curling too. I'm just not so savvy about that stuff",1
"Uzun köy yeşili bir gezinti için harika bir yer ve ara vermek için daha da iyi bir yer , iyi barlar sayısı sayesinde .",0
"Evet , sıçan krallığı hakkında çok şey duydum",0
I don't mind buying play money for slots but I would like to have some play time with the game. And all the commercials between games are very annoying.,1
It's a brick right out of the package and scanning the QR in the box is not helpful at all. I've been reading a lot of reviews saying that you need to go on their website via PC to update it. Could someone please tell me what that website IS ?because I can't find it.,1
"Temel mali açıklamalar - sfas 7 ' de kullanılan gibi temel mali açıklamalar , bir denetçi normalde bir görüşü ifade etmek için nişanlı o .",0
"Nice, dainty baby book. Some of the pages are odd, like vaccination records. The pages that I don't feel like completing, I'll just cover with pictures. Plenty of pages at the end to include extra pictures or fun stuff.",1
"Vitet Yolu ' ndaki en yüksek noktadan sonra , sörfçüleri tarafından tercih edilen ve Atlantik ' te tortue adacık ' a giden grand-Çıkmaz-de-Sac denilen bir körfezin üzerinde kapsamlı manzara .",0
Sezon boyunca salon bahçelerinde birçok sergi ve performans var ; bilgi için turist yönetim kurulu ' na sor .,0
Kovboylar orada dört bilet vardı,0
Product delivered quickly. Black ink seems to print well. Haven't used the color yet. Will purchase again.,1
"Ondan önceki birçok mucitler gibi , profesör slawomir suwak sadece kendisine ihtiyacı olan şeyleri tasarladı .",0
Used this product for a number of years with no problems. When I opened this newest package there was a distinctive stale and funky odor to the pills. The pills also appeared to be reformulated. Returned immediately to Amazon.,1
"Aynı sonuç , lscfunded avukatları ' nı tamamen refah davası ' ndan hariç .",0
The color was not as photographed. It was a darker brown.,1
Bu bir rip-Off,0
Um ah pullar yani sanki her şey tam olarak bizim yaptığımız tek şey,0
"' bunlar iş saatleri , ' dedi lincoln , humourlessly .",0
"Devlet , yerel ve kabile hükümetleri , toplu olarak veya özel sektöre , bir yılda 100 milyon dolar veya daha fazla para .",0
"Böyle bir sınıfta , o seviyeye sahip olmak yerine giderim",0
Özellikle evet yani,0
"Kasaba Şelalesi ' nde bir yüzme mümkün , şehrin kuzeyinde 41.2 km ( 2 KM ) .",0
"Meydanda diğer muhterem ev , şimdi bir restoran , maison kam mı ? Mer ? Zell .",0
Bu belge lsc yönetim ' in iç uygulamalarını lsc alıcılar tarafından muhafaza edilen bilgilere erişmeyi saygıyla özetliyor .,0
Bu bayan raikes .,0
Ve tüm organlarının hepsi çok büyük bir şekilde onun gerçek yaşının altında test edildi ve tabii ki sally uh çok büyük bir kadın değil yani o benim için çok minyon biri gibi göründü ve um at nalı ve döndü döndü döndü,0
Biri kıkırdama izin,0
Kural için yasal yetki,0
"It's shorter and wider than others in a good way. Not obnoxious and doesn't bounce around the water bottle openings on machines. 2 small improvements would make it perfect - the lock should be off center and open diagonally. It sticks up a bit and you will hit your chin if running while drinking (see photo), and the strap is material and doesn't come off, so it will be wet after rinsing or washing. Also great perk that it comes with extra seal. I wanted a new bottle because a lot of them have silicone seals you can't remove and they get mildew underneath with no way to get it clean. This bottle has a simple band and plug system so easy to clean.",1
"Tarihçiler , kendi kendine , Luka ' nın sözleriyle , Amerika ' nın ruhu için bir mücadele olup olmadığını da soru .",0
Dave ' in kalbi hız aldı ama şimdi yine ıskaladı ve soğuk hissetti .,0
"Kuralın Maliyet-Etkinliği , Çevre Koruma Örgütü tarafından yaklaşık olarak 1,000 bin dolar hidrokarbonlar haline .",0
"NO RETURNS! Part arrived quickly, but it was the wrong part, even though it was listed as being the part for my vehicle. Return policy? NO RETURNS!!",1
"Filmin kahramanları , bebekleri ile sistemden kaçan ve geleneksel bir aile gibi yaşamaya devam eden bir erkek ve kadın .",0
Sanırım Fort Worth ' u duydum .,0
The stickers were a gift for my 11 year old nephew. Based on previous reviews I also purged and removed a few inappropriate ones prior to gifting. Otherwise he loved them.,1
Bir an önce hareket etmeliyiz .,0
1814 yılında Feragat Adası ' nda ilk sürgünde olmak için feragat ' da tahttan çekildi .,0
No directions at all,1
"Bu kararlar , federal bir çalışanın , özel kaynaklardan alınan ve resmi görev performans alınan herhangi bir hediye , bahşiş veya fayda için hesap vermek zorunda olduğu hukukun temel kurallarına dayanmaktadır .",0
"I got these for my 6-year-old granddaughter. She loved them, of course, because they’re cute. I thought they felt a bit stiff when I tried one on, but hey, I wasn’t going to be sleeping in them. They seem well made and are actually bigger than expected, covering more facial area. I’m glad I got them for her because she likes the cuteness of them, but I will likely try to find softer ones in the future.",1
Çatı restoranı şehrin üzerinde iyi bir manzara sunuyor .,0
"If I could give less than one star, I would. The cot broke after one use. A boy weighing no more than 135 sat on it and the cot broke. Do not purchase.",1
"Bir kaç saat sonra , alev dilleri artık ufkun üzerinde genişlemiş , gerçi parlak parlaklık devam etti .",0
Wonderful show to binge watch. Easy going and funny.,1
"Eğer Tanf ' a gidersen ve daha sonra GAP ' te çalışmaya devam edersen , sadece yemek pulları değil , biraz da sosyal yardım çeki alırsın .",0
A very cute guy however the biggest disappointment is that I did not receive the usb charging cable as advertised as having. I ended up using a cable from my son's console to charge it. He works just fine so far do good..,1
"Tam bir şişe ilaç ile tanıştırdı o tozlar bir veya iki tanesi , kitabın tarif ettiği gibi striknin arttırabilir , ve son doz olarak aldı sebep olur .",0
Aynı zaman dönemi evet,0
"Pek çok ajans , başarılı organizasyonlar için kritik olan yüksek performans ve sorumluluk tanıtımını yapan organizasyon kültürleri eksikliği .",0
It’s a little complicated to install but it works great.,1
"Everything was great, but it runs small, by two sizes.",1
Onları başarısız ötesinde tanıdın mı ?,0
"I got this for my daughters, and it leaves a pink ring around the their mouths like a mustache. It looks like they've been drinking kool-aid.",1
"Ama son 25 yılın federal bütçe kesintileri nedeniyle , ofis çok sayıda binlerce kişiyi geri çevirmek zorunda kaldı .",0
Really disappointing quality,1
It has a potent smell but it really does soften up the beard. After I use it longer will update as to growth results.,1
"the rings are of good quality. However, they are too big for my liking. I am using them for my tragus piercing, and I feel I should have bought a smaller size. Yes, it is hard to put the closure in place, but it's doable.",1
"Made well! Rugged for re-use, would order again!",1
"Yönetim Kurulu Yönetim Kurulu ' na , bu kayıpları ofset yardımcı olmak ve müşterilerimize hizmet ve hizmet ' engel olmak için ek fon kaldır yardımcı olacak gerçek bir zorluk var .",0
Tastes great but found when I eat them I tend to gain weight. Why I don’t know,1
"Viraj , o zaman neredeyse yatay olarak döner ve posta endüstrisi , teslimat kısa , esasen özelleştirilmiş olur .",0
"Evet , Celtics ' in bu yıl NBA ' i kazanmak için gereken genel yetenek olduğunu sanmıyorum .",0
"Arrived as described, love it!",1
"Her küçük kiremit , komşularına farklı bir açıdan seti ki yansıyan ışık , parlayan , ruhani bir görüntü illüzyon yaratır .",0
"Hala bir kadın odaya girince , onun için bir kapı açıp , bir otobüste yerimi teklif ediyorum .",0
Evet en sonunda istedim istedi bir honda var honda um yok honda a toyota o nedir anlaşma yok honda anlaşma yaaa,0
It was a Christmas gift I thought would cute. However after opening the package it had no backing on it. It had been sealed and packaged this way. So no way to keep the battery in it. So it was useless and a waste.,1
I followed the size chart and it was still small ::(,1
Ama emirleri vardı : saldırı korkusu olmadıkça üç yolcu ile temas yok .,0
The box worked great for my son’s baptism party. I will be able to use it over and over again since it’s so simple and pretty. It was also very easy to assemble.,1
"It does the function I wanted, not that easy to apply but worth the extra effort.",1
This is how my product came!,1
the lashes are nice but the more plasticky lashes. Go for mink for that natural long lash look.,1
"Ve intihar eden bir bülbül ' e övgü , şu an için bir ağıt , her zamankinden çok daha fazla , / hiç acı olmadan gece yarısı sona için .",0
Ve tepside olan ?,0
"The whole point of buying this is was the swinging door to keep litter scatter to a minimum. When the top is on properly, it swings in but there is a lip along the bottom that catches the door and keeps it from swinging back out, trapping a cat inside. I can pull up the top and let it just sit on the lid without snapping it, but it looks awful and if it happens to snap down, my cat will be stuck in there. It's too much of a pain to send back, and we're moving to a new apartment in 2 days. I wanted to start with a fresh box, and now I've got this cheap thing that I'm scared to let my cat go in. Horrible design.",1
"I ordered some of these in May '19. They came assembled, had metal grommets and worked great. I ordered them again in July '19 and they changed the design. They came unassembled with no instructions and yellow plastic grommets. The new version is total garbage. The new design will NOT spin unless exposed to gale force winds (which they won't hold up to like the original version). The positive reviews and images of this product are for the original design. If you do order this item and they arrive in a box assembled, congratulations you won the lottery. However, if you order this product and they arrive in a bag of a thousand pieces... return them immediately (there is no point to a pin wheel that does not spin).",1
Best price 50 leis.. only reason didn't give 5 star as size of flowers in all leis ar not same.. some are big as shown in pics.. and some are small... still good product..,1
Sanırım ama ben onu sattığım zaman üzerinde yüz ve yirmi sekiz bin vardı,0
"I followed the directions and this item did not catch 1 fruit fly, not one, and it was out for a week! What a waste!",1
Makes screen hard to navigate.,1
"Iyi mi acaba , gerçekten ?",0
"Korkarım ona bir şey oldu , dostun boris aracılığıyla .",0
Hükümet çözüm değil .,0
"I thought when I opened the box how small these were and then I tried using them, used a few of them and each one kept breaking, so would not recommend for a Jade 35 embroidery machine. Sent back",1
"Sahil Güvenlik ' in deniz güvenliği , güvenlik ve Çevre Koruması görevi , halkı , çevreyi ve",0
"Deli , hey ?",0
"Uygulama ve uygulama genellikle yıllar süren davalar gerektirir , Amerika ' nın havasını mahkeme salonu belirsizlikler bırakarak .",0
"Modern bina birkaç hayran kazanıyor , ancak ücretsiz bir tur ( Pazar ve perşembe , saat 8 : 30-2 : 30 arası ) ve tartışmaları ( Pazartesi , saat 4 : 00-7 : 00 arası ) izle . Pasaportlar gerekli darısı başına",0
"These are really nice - good quality, easy to read, quick delivery. Very pleased. I have 2 dogs and ordered one for each of them.",1
"The product itself looks to be of good quality. However, 5 of the 10 post caps I ordered came without screws. It looks like the were lost before they were shipped because the packages were opened. Now I have yo try to find screws because there is not an option to ""reach the seller"".",1
"Elche ' da , daha çok palmiye ağacı ve daha fazla tropik tropik bitki var .",0
"Bütün işaretler aynı renge boyanmış , sanki bir önceki gece bitmiş gibi , muhtemelen sabrina için balo süslemeleri yapan çocuk tarafından , genç cadı . Yürüyüşçüleri beyaz üniversiteli çocuklar ise , Archie çizgi romanları meselesi gibi görünüyorlar ; Eğer Afrikalı-Amerikalı üniversite çocukları ise , ilk birkaç jackson beş albümü yapan kişi tarafından kostümlü gibi görünüyorlar .",0
"OK BOOK. I love this series, but this book was just okay.",1
"Dikkat çekici bir kararlılıkla korsanlar , san Alman ' ı talan etmek için iki kez tırmandı .",0
"Because this is not made to be used for special effects makeup, I knew it wouldn’t be the best, but it ended up working out for the most part! The only thing I didn’t really like was the ears, because once I glued it down, I couldn’t hear anything all night. So for buying an SNL gag toy and making it work for SFX, I enjoyed it.",1
"Son bölümde , örnek seçimi kapattık .",0
Mevcut güvenlik riskleri hakkında bilgi geliştirmek,0
Ama neden sadece onlardan al ?,0
Az kaldı tam değer doğru yaaa,0
"Gözleri kapalı olduğu halde , kırmızı alev ' in , merhamet için çığlık atan ve hiç bir şey elde eden adamlara pembe cilt siyaha dönmesini gördü .",0
the do the job but aren't as nice looking as expected,1
"Sağda , Maxim ' in restoranı , dondurma salonu olarak başladı ve şimdi madeleine ' den daha muhterem bir anıt .",0
No big deal. Just looks different.,1
"Arada bir beyzbol ' da oturmak için bir şansın olur , üç vuruş ya da her neyse ,",0
Very pleased. Great variety and fabulous customer service. Rings are comfortable and true to size. Will order again if they hold up long term.,1
Valla bu iyi bir gösterge,0
"Beyaz yelkenleri güzel bir manzara yapıyor , özellikle gün batımında .",0
"Bilmiyorum Ca ' daan , ama sen şimdi buradasın .",0
It's really bad. Just So-So. It not worth your energy. I am not happy with this software at all. Dont use this. Very poor quality. I am very disappointed.,1
"Çok ara sıra , Foster ' ın detay masasından yukarı bakıp , daha büyük edebiyat sahnesini anket diliyor .",0
Cute but the XL ran small,1
"Billy oraya gidince eminim ki isa beni hoş , diyecek .",0
"Not what i expected. Doesn't smelling nothing like the Catholic church. I went to Easter ceremony at the church this year and smell this one. Not the same resin. It's more like Buddhist incense smell. I got robbed. Waste of money. I guess, i just use in the backyard to keep the mosquitoes away. I only add the extra star, because it came in with incense holder and it look nice.",1
Ordered bunnies but received birds - not sure if it’s worth returning,1
"I had purchased these pods many times previous with no issues. The last order had issues with the pods breaching the seal and having the grounds inside get into the coffee cup and mess up the maker. I returned the last order, and it was replaced with items that have the same issue. I have no problems with any other brand or even with any other flavor of the same brand as these. Now, this item is showing that it is not eligible for return. I am bewildered as to why I cannot return this defective pods for full credit.",1
This item is very flimsy and cheaply made. Paid almost $30 and it's not worth half of that. I'm going to try to use it anyway because I don't need the hassle of taking it apart again and shipping it back. I wonder how long it will last...,1
"It’s great that these are compostable, but I won’t buy them again. They have nothing to tie the top or anything together to carry and take out of the receptical and are a pain.",1
"Ama yeni gelenler zaten kontrol çizim , köpük-atlarını ellemen dur getiriyorlar .",0
Beware never received item from seller!!!!,1
Oh gerçekten bu korkunç,0
Tanımsız kalıcı politika eylemlerinin sonucu olarak yüzde 6,0
"This shirt is a bit lower cut than I expected and a bit shorter than expected , but it is a nice shirt. Wish was a little longer and not as low cut, but oh well. This could be perfect for someone else",1
The beefiest Selfie Stick I have ever seen!!! They have thought of everything with this. 1. Rechargeable battery USB cord supplied 2. Selfie Stick adjustable lanyard supplied 3. Selfie Stick velvet carrying case supplied 4. Operates using Bluetooth,1
Lasted about a month and a half before it ripped,1
"Cat urinated in my car and I was hoping that this would help me since the reviews were so good. Didn't do anything. I emptied out the entire bottle in every inch of the back seat and followed the directions. Guys, do what I'm doing and save up a bit more money for the more expensive, professional ones. The scent of the spray itself isn't bad but it doesn't eliminate the actual stench which was the whole point. DO NOT BUY!",1
Ah biz ama ikimiz de,0
"Bought as a gift for a friend and she loves it, great quality!!!!",1
"We were initially very pleased with the product. It is challenging to remove the lid when hot. We were using the antlers/head of the moose because it was easier to access. After about 3 weeks of use, one of the antlers came off in my hand when removing the lid. I had purchased through Amazon and they offered a full refund (after Plow & Hearth initially said they would not refund my money or replace the product).",1
Bu bir departman mağazası,0
"Sağlık Sigorta Komisyonu ( da ) , sağlık sigortası ve ilaç yardımı şeması gibi Avustralya sağlık programlarını kontrol eden bir devlet ajansı .",0
"O zaman , bay Mace ' in sizi striknin satın almak için dükkana girerken olumlu o sırada nerede olduğunuzu için ?",0
Worked great for the first 6 months.Each time I charged it the charge would last less and less until it no longer would keep a charge. Needless to say im now on the search for a different brand.,1
"Ancak geçirmişti gelecek yıl bir fon crunch karşı karşıya , üç gelir kaynaklarından 200,000 TL ' lik bir açığı getirdi .",0
Ağır içenler ile kısa müdahaleler için bir çapraz ulusal deneme .,0
"Performans açısından linux , Windows 95 / 98 ( Windows Nt Server ' dan çok daha hızlı ) , düşük-End Pentium makinem üzerinde koştu .",0
when i open the package one of the screens was cracked at the top. not a good first impression.,1
Oh tamam valla bu hafta tüm farklı alanlarda çok fazla eleman alımı yapıyorlar bu yüzden merak ettim evet doğu teksas senin için askere alıyor güz dönemi biliyor ve bu bölgede çok şey yapıyorlar,0
"Ağaç ve çalılık yok , sadece 15 Stark Kaya Antik yosun ile süslenmiş , mükemmel rakı beyaz çakıl arasında kümeler halinde duruyor .",0
"It charges extremely slowly for some reason, also they should have made the area with the portable charge a different material or added some form of traction. I dont have a case on my phone and my phone always slides out of place so easily and isnt charging when i think that it is",1
It broke...I went to return and it is 2 days past the month for return date...only used 3-4 times and the pole already broke...pretty sad quality...,1
"Bu arada , Bush ' un , fon-Alanı kuru için sessizlik içinde acı çekiyor .",0
"Picked this up so I could use our iPad to watch movies on the projector that we have. I love that I no longer have to haul the laptop or DVD player outside for our outdoor movie nights. The video quality is great, and I couldn’t be happier with the purchase!",1
"18 a entegre ürün ekibi , bir takım çalışanların , birlikte tasarım , geliştirme , test , üretim ve ürün teslim etme yetkisi olan bir ekip bünyesinde ürün uzmanlığı toplama .",0
Evet bunu hatırlayacak kadar yaşlı değilim,0
minimal use over the last 4 months and it is no longer working. disappointing.,1
"Chateau Kompleksi ' nin büyük bir kısmı artık ayakta olmasa da , etkileyici bir site olmaya devam ediyor .",0
"The sizes aren’t consistent, the gray and white fit perfectly and are comfortable. The black is a bit smaller but still comfortable. The nude straps seem shorter than the others and cuts a bit into my underarm. Side tags are bothersome as I have sensitive skin and I suggest them going tag free. They are a more comfortable option than underwire bra and look well under clothing.",1
Yedi ' nin gezegenleri temsil ettiğini varsayıyorum .,0
"good book, im really happy to buy this book.",1
"possibly the most bland, uninteresting sci-fi film ever produced",1
Fast shipping and it was perfect.,1
Easy to set up and get going. Seems to be sturdy and suitable move most items around in by shop.,1
Onları doktora tanıttı .,0
"The cost was nice. However, the hot is very good and hot, but I don't find that the cold side is any colder than room temperature.",1
"Göçmen dükkan sahipleri ve boomer girişimciler , iş için hazır olduklarını geçenler .",0
"Very nice, obviously good quality but even fully extended they are still a snug fit on my head.",1
"Received one but not the other. Seller was a tad hateful about shipping status. No point in returning the one I did manage to relieve because I am not wasting the time or energy to ship it. The quality is subpar. It is something that would work for backyard parties. Nothing like weddings, baby showers or anything of somewhat importance because of the quality. For anything else as I said these would be perfect. Bought these to use as table scapes for a dinner party. Wasn't able to use them because they didn't arrive on time and I only received one. Which was fine, I would have been too embarrassed to use it.",1
"Şimdi , eğer aylık şarj ödeme yaparsan o zaman aldığın dersler için ayrı ayrı ödeme yap",0
I purchased this belt in the black and brown colors. I have been very happy with the quality and fit of the product. I have had them for about a month now but they appear very sturdy and should last quite awhile.,1
"En iyi olan , Körfez ' in kuzey kıyısındaki Uçurum Mağaraları ' na , Girolata ' un ıssız balıkçı köyüne ve scandola ' in doğa rezervi ' ne , kartallar , kel şahinler ve diğer nadir türler için yuva ' nın tepelerinde yuva kurarlar . Volkanik kayalar .",0
"Super easy assembly. It definitely takes time to get use to the settings. When you do, it functions great. We are very satisfied overall.",1
"Highly recommend for those who don't like being spoon fed CGI garbage. Found myself getting chills throughout when the characters started solving the problems. This was one of the first 'first encounter' movies I've thoroughly enjoyed, let alone writing a review for one.",1
Lasted a good month. It was great while it lasted.,1
Amazon claims the product was delivered. It was not. I need a refund.,1
' şimdi belli ki beni tam olarak reddediyorsun . ' ',0
Italyanlar milli hükümete kolay kolay al .,0
Bir şeyler yaparken ya da bir şey yaparken hemen atladım ve hemen üzerine atladım .,0
This ph meter works as it's meant to I tested known water and it's readings are accurate as I tested this with another testing tool.,1
Does not work. Very disappointed. Tried to return. Gave me wrong return label. Still sitting there.,1
Best cold mask for migraines I have purchased and I purchased two of them. Disappointed though; one seems to stay colder for longer than the other even though they are identical.,1
Ana araba parkında turist bilgi merkezi var ( açık yaz sadece ) .,0
Birkaç ipucu .,0
"Instructions were sometimes difficult to understand, but given it was our very first time trying a murder mystery it was fun. We will do again - hoping for better results now that we (somewhat) know what we’re doing.",1
Evet benim bir ah on altı ayak yüz ve dokuz at power silindir bir ve ben iki üç yıl boyunca vardı ve sonra ayak beygir ve beygir v sekiz için takas ettim,0
Valla yağmur almamız gerekiyordu ama kar yok,0
"Don't know why I can't get this item shipped to my location in US, anymore by the lower priced seller.",1
"Evet demek istedim çünkü ben bilmiyorum demek istiyorum yani o kadar farklı farklı tip vakalar var ki yani sadece genel insanlar gibi görünüyor yani kim yaşayan ve farklı şeyler yapan sen farklı görüş var orada oturup sürekli davaları dinleyen tek bir hakim , belli bir şekilde düşünmeye başlar ve gider .",0
Jon ellerini dikti ve çabucak ayağa var .,0
Kosova krizi yine patlak verdi .,0
Was sick of buying iphone wires this is great had a few months,1
"Sinatra , Brando ' nun bazı resimlerini gördü ve obez aktör ile kilosu hakkında konuşması gerektiğine karar verdi .",0
Bir şey yok mu bayan cavendish ?,0
"21 yüzyılın ilk yılları , dünyamız , ülkemiz ve devletimiz için derin bir geçiş dönemi olduğunu kanıtlıyor .",0
"Başbakan ' ın kompozisyonu , her bölgede parçacık emisyonları kaynaklarına bağlı olarak bir bölgeden bir diğerine önemli ölçüde farklılık gösterebilir .",0
My husband wears this daily it’s been pulled on by our 2 year old and 2 month old. Through both it has heals up nicely . My husband loves how light weight it is as well!,1
Çeşitli biçimlerde tarama testleri ( ör .,0
Iyi misiniz hocam ? Gauve Jon ' a sordu .,0
Japonlar geleneksel çin pratik ve yerleri evlatlık ve korakian resmen Japonya ' nın en büyük üç bahçeler biri .,0
Ah-huh oh sinema para da simo oh tamam çünkü bir ile söylüyorsun küçük italyan oh sen italyan mısın oh tamam o yüzden devam et,0
"Onuncu Sagar ' in doğusunda , onuncu yüzyıl muktesvara , Shiva ' ya adanmış , küçük bir banyo tankı ve zarif kemerli torana kapısı olan pas renkli bir taş tapınağı .",0
"Does not stay in waterline, smears all over. Not worth the price.",1
"We are using these for passes at an elementary school. After one semester of daily use they still look great. We are so glad we spent a little extra and got these heavy duty, well made ones. The plastic is a nice thickness, and all of the sleeves were functional.",1
These gloves tear way too easily. The rolled cuff separates with almost every glove as I pull them on. They get holes in the fingers very easily and I end up changing them too often. Will not reorder.,1
"I wore this dress for my engagement photos; I wasn't sure what size dress I should wear since typically I can fit between a medium and a large depending on the material of the dress. For those women who are looking to try this dress, I am 5ft, 160lbs woman with a 38DD chest. I decided to buy a size up from the large, so an XL, because the material looked like it would be a snug fit. Thank god I did. The chest area and the stomach area were stretchy but it definitely was snug around those areas. however the sleeves were kind of loose for and the skirt was flowey so its really up to you and your preference. I have worn this dress numerous times since the photo session! its truly a beautiful dress :)",1
Ve o kadar yoruldum ki sanırım dallas kovboyları ' nı duymaktan çok yoruldum ve o gün kovboylar ne yaptıysa o gün beni onlara karşı döndü .,0
"Pazar günü gazetelerde başlık bu , bir çok haber sınav yanıtları aksine Clinton ' ın şahlanan milli satir olarak olurmuyuz sona erdi .",0
Its ok the ends curl up so it looks funny when on,1
"I bake a lot during the fall/winter I had a rolling pin I bought at a local store, and the handle kept on coming off. I search for rolling pins on Amazon and I came across this rolling pin. I ordered two of them one for me and one for my sister. We both love them. The size is perfect to roll whatever you like from sugar cookie dough to pizza dough and the best part is that this pin is light, not heavy at all, and very easy to use, the finish is smooth when you are rolling your dough there are no marks on your dough. This is a great product.",1
Very happy I watched this one. It felt like a modernized version and was very genuine to the original. Very well done in every way. A+++ :),1
Bu işi sonuna kadar olmalı .,0
This book will manage you to put resources into your business for making your business more productive. It will guide you the right way to your business and gives your profitable methodology for your business. Fresher will get more viable plans to begin their speculation effectively. I very suggest this book.,1
Millet biliyor musun onlar çocuk beş yüz dolar değerinde oyuncak olmalı,0
Onları kendim sakladım .,0
"Site Hemen Bradley ' in resmi sitesini , 2000 başkanlık yarışı , medicaid hakkında bilgi ve bradley hakkında kitaplar için bir site olarak geri döndü .",0
"Not good for plucking eyebrows. This mirror does magnify, however the mirror design is concave so you can't really see anything unless looking dead center at it. Very disappointing.",1
"Sonra yüzü değişti ve uzun bir titreme ile , buruşmuş bir yığının içine düştü , acı badem kokusu havayı doldurdu .",0
"I'm seeing many Chinese products that work long enough to get a good review and then fail later, sometimes within their warranty period, sometimes not.",1
Tamam bence la hukuk,0
"Ama saçma bir charleston tarafından öne , için s . C. , üniversite profesörü , Horwitz ' in ırk ve kölelik etrafında akıllı bir süzül dediği için duyduk , daha çok Güney ' in yaşam tarzı savunması gibi , antebellum hatipler , Güney Carolinians tarafından yapılmış .",0
My husband likes these to hold his change in his pocket.,1
"Doğal olarak , tiyatroya bir ziyaret italyan hakkında iyi bir bilgi gerektirir .",0
"Way too small! I was expecting something loose and flowing like the picture but that’s not at all what this is on me. It’s wearable and almost long enough to wear with leggings, but not quite. Go a size or 2 for the look on the model.",1
I took the suggestions and bought a size up (large instead of medium) and they turned out to quite baggy. Should have stuck to my true size.,1
Baskıyı arttırdı .,0
Evet onlar emin onlar kesin tez zamanda buldular o babe wassenberg değil miydi onlar,0
Iki o hala zor,0
"I bought a 16’ hair, they sent me one thats Barely reaching my shoulders. The volume of the hair is Ridiculously thin, i cant even hold it with my hair band. You can see my skin even after combing it evenly...The quality is not up to my expectations i would give is a 2 star for the quality. They send you a card telling you to rate them 5 star then get a 10’ human hair but i gotta be honest here to save the next sister some money. I would not recommend it. The volume and the length ruined the whole deal.",1
"Ama bence bir çok insan , babalarının yapmış olup olmadığı konusunda bakım yapmayı öğreniyor . Biliyorsun ki benim pek bir şey yapmadım ve arabalar hakkında pek bir şey bilmiyorum",0
"I never usually am one to go out complaining and review things but I felt as though I needed to on this one. I previously had an older set of Sony headphones that I got back probably around 2013. They lasted me 6 years and I loved every second of using them. So, when they eventually broke back in July of this year I was tempted to buy a cheap pair of headphones but ended up deciding to spend the extra money and go with Sony again because of how much I loved the old ones which were now unavailable. These seemed to be the newer version of the old one I had so naturally I was expecting everything the old pair had and maybe even a better feel or sound quality. What I got was extremely disappointing. The Sound: actually a little bit worse than the old ones I had, simply just okay. The Quality/Feel: seemed like they were made extremely cheap and the uncomfortable feel of them showed that. I could maybe only wear these for about 30 minutes before it started hurting my ear and making me extremely uncomfortable. Not only that but now 2 and a half months after buying it the ear pad ripped completely off and (maybe I'm not too experienced with this and there is one) but I cannot figure out a way to put it back in. Overall, I would definitely not recommend these headphones for the price point that they're at. Even if I was given a $100 discount on these I still wouldn't even buy them again. Completely mediocre sound, terribly uncomfortable, and way overpriced. Do yourself a favor and don't make the mistake I did of buying these.",1
"Dans katın altındaki kirli odalarda -- ÜNLÜLERİN KUTSAL KUTSAL -- kola doğrusal ayak tarafından tüketilen ve ( yazara göre ) garip avrupalı kontes bir su borusuna kelepçeli olarak olabilir , güzel üstsüz komiler biri tarafından arkadan kavalye .",0
Doğu ' dan ... Teksas bu kadar doğruydu .,0
Bunu kanıtlamak için bana bunu aldım .,0
Ama iki peni takdire şayan davrandı .,0
Ben onlara yardım etmedim onlara yardım etmek için değil ama aslında kendi amaçları için ben bir dilbilimci ve dillerini biraz öğrenmeye çalışırken bir dil yapıyordum ve aslında onlara yardım ettim onlar benimle çalışmak için para aldılar ama ben yapmadım . Sosyal hizmet görevlisi falan değildim .,0
Ve bizim masraf dediğim gibi,0
"Bu gerçekten de , mücadele edip , hiç kavga kadar , mücadele edip , geri almak için gerekli olan crux .",0
Product is as described. Only thing is it recommends a few items that are very dangerous for babies (crib bumpers is an example). Maybe it’s just “older” book. I wouldn’t recommend it .,1
"Dükün arkalıklı heykelini taşıyan mezarın tarafında 41 Mar mı oyulmuş ? Vel ? Manastır , Manastır pelerin gizlenmiş yas tutanlar , dua eden , meditasyon yapan ve ağıt .",0
I wished the floss were stronger!!!,1
"Yaşam , Gagaş ' in önerilen revize edilmiş paragraf ( s ) bir referans içerir .",0
"Not what I expected. I bought this for its non-stick capabilities, unfortunately, that feature is missing. Will NOT buy again for sure.",1
"The slippers are okay, but the arch support is not in the right spot. I do not know who designed this but I guess they did not actually study the foot. The arch support should go at the bend where your arch is. Not after it. Because of this the arch support is much further up buy my big toe and feels a bit uncomfortable until it is worn down. Luckily that happens rather quickly. Or maybe unluckily. Depends on how you see it.",1
"I love every thing about this product. It was easy to install, works great.",1
My mama loves this coloring book,1
"Raporlar ıa ve ıb , vaka çalışmaları .",0
"Kendal yeşil bez , Orta Çağ ' dan beri ünlü . Robin Hood tarafından yıpranmış olduğu yazıyordu .",0
The boxes are great but came missing one lid!,1
T ile kişisel iletişim . Licata olsun,0
"Love it, perfect for my go pro 3+ I don't always want to use the water proof case so ya great deal would buy again!",1
Lovely rug for the price!,1
"Hayır , hayır , bilmiyorum . Çünkü o kadar çok albüm ve kaset var ki kendimi tanrı gibi hissediyorum . Dışarı çıkıp cd çalar alıp cd toplamaya başladım . Henüz yapıyorum",0
Her iki adam da birbirleriyle karşı karşıya geldi .,0
They are fashionable and work. They help with your pain but it does keep it away. It just make it bareable.,1
Stark ' ın zihnine dokunmak için ona ne yaptığını kim bilir .,0
They fit great at the waist band. But it says long legged and they are not. they are real short and ride up very easily .. very uncomfortable because I have to keep readjusting them,1
"It's neat; however, the bricks do not stay together very well. Even with nothing on the yellow base plates, it still seams to fall over. Not worth the money.",1
Valla ben bir apartman dairesinde yaşıyorum ve uh ve ve bu sadece mümkün değil bildiğin bir köpek olmasını çok isterim,0
"I could have given a zero star. The product is a waste of money and the service is pathetic, I accidentally ordered the same product twice and they would not allow returns.",1
I can now take pics without struggling to hold the phone and push the button at the same time,1
Çok merhaba meryem,0
I will be ordering this again. It really makes a difference whether laying out in the sun or using a tanning bed. Smells great and get dark fast.,1
It is as advertised and for the money a good purchase . I am happy with it . It is not a thick carpet by still laid fairly flat .,1
Gerçekten çok kötü ve,0
great price.. and worked like a charm,1
Kocam sadece kapıdan dışarı çıktı gece gece çalışıyor bu yüzden yapmaya karar verdim daha önce konuşmadım,0
Fits well but don't like the fuzzy lint. I'll probably be donating it soon.,1
Yerleşim şehri için 2 saniye .,0
Tabi ki ' Daniel Etrafa baktı .,0
"Sayın Başkan , Gao ' nun görevinin gücünü sürdürmeye devam etmesi için , yanıt ve esneklik üzerine inşa ederken bizim düzene sokmak için yeni yollar bulmaya , .",0
"I have watched my son play this a lot and although I can't find interest in it, he is addicted to it and now his younger brother is becoming more into it and wants his own (he borrowed his brother's).",1
"Örneğin , bir anlaşmanın yasallığı , sözleşmenin herhangi bir düzenleyici inceleme olmadan kabul edilip gerçekleştirdi , veya bunun yerine posta oranı komisyonu tarafından etkinliğini önce bir tür değerlendirme için teslim bağlı olabilir .",0
"Bence o bir göstermelik , çocukları korkutmak için sadece bir bogy ismi .",0
The sunglasses is comfortable to wear. Is light. Fit good. Love case too.,1
"Avi ' nin kârı , çalışan sahiplik ilk altı ayında yüzde 35 atladı ve şirket önümüzdeki on yıl boyunca karlı kaldı .",0
Birds dont like this at all. I bought a local brand but decided to buy this in bulk. It falls apart and birds don't come to visit much at all.,1
O zaman bu temizlendi !,0
"Dairem Korkunç derecede sıkışık , tam da istediğim gibi .",0
super cute and adjustable. now to see if they will hold up and work well in montana.,1
"Very cute and my daughter loves it! I unfortunately hate to see, and thats exactly what i have to do as it came with ripped open seams and stuffing coming out... Will sew and let her wear til it falls apart",1
"Worked as intended, this is the best testament the tool is good",1
"Adorable sandals! I will be honest, at first when I took them out of the package....I wasn't quite sure of how they would look on. What I thought look like a silver type of braided rope on shoe off of website picture is actually a black & white braided rope on the shoe, no biggie! As soon as I put them on, I fell in love with them!",1
Emin değilim bence bunu zorunlu yapmak iyi bir fikir,0
"Ama şimdilik aday seçici , muhteşem bir parti oyunu olmaktan başka bir şey değil -- sizin avuç oku sahip olmanın seçim yılı eşdeğer .",0
"Iki adam , anlayışsız bir gop-Kontrollü Kongre tarafından bölüşüldüğüne kamu dolarları ile ilgili bir paylaşım için on yıl süren sonuçlanan bir manzara üzerinde ortaya çıktı .",0
These trays are very flimsy. I have to use 2 trays to hold an average chicken. I will not purchase this item again. I hate giving a negative review but I really hate wasting money.,1
Gerçekten de biliyorum ben de aynı durum dediğim gibi ben de aynı durumu söyledim nerede olduğumu bütçe bir durum var sadece para harcadım para harcadım ve para harcadım ve bu işe yaramaz gerçekten büyük fark etmez,0
"Ek olarak , başka yaklaşan mali baskılar da var ,",0
OMG!!! she did it again awesome read!!!,1
"Mahkemenin , Clinton ' ın gizli servis görevlisi için yürütme ayrıcalığı iddiası -- 2 sayı -- çürük bağımsız avukat kenneth starr için büyük bir zafer olarak yorumladı .",0
"Iki lazer-Plazmatik Chronicle serisi toplara tamamen uzatılabilir olan kanatlar , Masterblind ' e benzer bir oyun için olanaklar teklif eden ve zincir-posta ceket üzerindeki bir sandık , kubic küp ' ün entelektüel meydan meydan izin verilen bir sandık .",0
"Very disappointed in this product. Put in on my belt and it will not stay closed. For the price, not worth sending back. Going to look for different pouch.",1
Ama Disney ' in uzun vadeli geleceği kola veya genel elektrik kadar garantili görünüyor .,0
Hate the update with all the ads!!!,1
"K'Nex makes good toys but over-packages in the extreme. In this set, some of the individual pieces (such as the eyes and feet) were individually wrapped in plastic, then put into a larger plastic bag with other pieces, which in turn was put into a display box that was 2 or 3 times bigger than necessary. That had been shipped individually to Amazon individually in a snugly-fitting brown box, which Amazon shipped to me in yet a far larger box. Surely, if they wanted to, the companies involved could reduce the environmental cost of all this. That said, it is fun, creative, and mostly sturdy. (The eyes, less so.)",1
"Great camera,good night vision.This Camera is well built and doesn’t feel flimsy at all.The WiFi setup was easy,especially because my modem has was and so does camera.Overall quality product for a reasonable price.Night vision is clear with the 1080P and there is no noticeable delay to the live feed.",1
Kronik bir hastalık ile hastanelik olurken bu daha önce öldü .,0
Ve Teksas ' a hoş geldin,0
"Daha büyük program harcamalarının sonucu olarak , b , c ve d senaryoları için teknoloji oranı artıyor .",0
"Yaz Festivali sezonunda çocuklar sokak tiyatrosu , palyaçolar , yüz boyama ve geçici dövme tarafından hayran kalacak .",0
Ama filmde devam eden bir sürü küçük şey var . Gerçekten de dikkatini çekmek için dikkat etmen gerekiyor .,0
"okay story, but not really grabbing me. Read it and another book at the same time and I have never done that before.",1
Due to my area where the hose is being used it was perfect for storing and still extending long enough to reach my garden area. I am very happy with the product and its performance.,1
"Diğer tıbbi ayarlarında bu müdahaleler dayanarak , bir kaç araştırmacı , alkol müdahale acil durum ortamında Hekim ' in katılımını tavsiye etti .",0
This is a nice selfie stick. It works well with my daughters phone. The phone stays on so no worries about falling off.,1
Oh hayır hayır onlar gönüllüler var görünüşe göre ülkenin her yerinde,0
"Had I rated this after the first two boxes, this would have received a rave 5-star review. The bags were great and the pads were most absorbent I had yet to find. Boxes 3-5 ... actually checked to make sure it was the same manufacturer. Leaks, holes where the tie should be, bags not closing, ties snapping. The pad is pretty much worthless. I won't be giving them another chance.",1
"2001 ' in ikinci yarısında 183,000 ' den fazla kişinin görev yaptığını belirttiler .",0
"Oturdu ve çayını yudum aldı , teknik özellikleri ve komik anekdotlar , hiç yaşanmamış hayat-hakkında ağzından .",0
Sometimes have to squeeze together to charge phone but it works good,1
"Satheri , bir ateşindeki ' da büyük demet almak gibi , tamerlane isimli birinin kurbanlarından yaptığı vurgun gibi. bir ip test etti , sonra bloğun kenarında oturan bir pozisyona düştü .",0
Çok iyi,0
Biliyorsun bu ilginç konuyu da gündeme getiriyor . Bu insanların ne yaptığını kim belirleyecek ?,0
Product arrived on time and was very well packaged. Worked like a charm. Now the grandsons have a go kart that works.,1
"When I received the package I opened them up and was using one of the mics and it worked perfectly fine. Then I recently went to use both and only one of the 2 mics the set came with actually worked forcing me to make the 2 people I was interviewing share a lav mic, which was horribly awkward. Make sure you check both mics!",1
"Dava , yüksek güçlü bir lobici olan George Vradenburg ' i tepede temsil etmesi için tuttu .",0
Analiz edilecek bir şey bıraktım .,0
Evet evet bunlar gerçekten kırpılmış yıllar geç ama ah,0
Ben Maine ' den geliyorum dedim aslen ben değilim başka kelime manyak,0
Didn't work straight out of the box. Amazon says it is not eligible for return.,1
Curtains beautiful love them !! Hang and look great .,1
Just as shown. Very nice.,1
Does what it is supposed to do.,1
"Kendime rağmen , onun aklı hakkındaki görüşüm aşırı derecede arttı .",0
"Used it once. It made perfect rice...once. Sadly, it never worked again (the cook button refuses to stay down). Very disappointing.",1
"Well, I wanted to like this book and I tried hard. Almost put it down a couple times. It's got a good dose of fantasy that I didn't enjoy. The story jumps around a lot and is difficult to follow. Reread several chapters trying to figure out what was going on. Character names were confusing. My apology but not my cup of tea.",1
"Bu notu , ST . Programa hispano ile ele geçen bir davada dikkate alın . Henry Katolik topluluğu ispanyol merkezi",0
"Doesn't last as long as the competitors. I prefer a slightly matte finish also, but even buffing this with a rag left it shiny.",1
Um ki bu biraz garip bir çok insan bunu yapmaz ama hey biz işe yarar bulduk sen bilirsin,0
"Bir Amerikan adamın , posta-Sipariş eşi cinayetiyle ilgili ürpertici bir hikaye , işe-gelin endüstrisinin karanlık tarafını ortaya çıkarıyor .",0
O oyunlardan herhangi birini izledin mi,0
Piyasa kapitalizm böyle yapar .,0
Kahire ' den iskenderiye ' ye iki yol var .,0
"Standart , Hazine Bakanı Adayı Larry Summers ' ın Robert Rubin Klonu olduğu hattı reddediyor .",0
"Key is hard to insert and remove, once the lock is on, its hard to turn the key to lock and unlock. The build feels good, and the silicon on the inside protects your paint, hopefully with use the mechanism will get smoother.",1
"Pek çok insan , zaman içinde küçük miktarlar bile biriktirmek , zenginlik biriktirmek için bir yol değildir .",0
"Does the job for now, but I'm not sure how well it will hold up.",1
"The phone case itself is pretty sturdy, only a 4 star rating from me because you can really only fit one card and anything more than that won't work, other than that the case itself is nice quality and it's cute!",1
These cards are a great tool for healing oneself.,1
Ah ah bizim grupta bir kaç kişi vardı kim büyük mektup yazan birini yazmış,0
"Sergi 4 , analiz bir parçası olarak = = = göreceli fayda ve bu zamanda fayda reklamlarımızla sağlık etkilerinin bir listesi olarak sağlık etkilerinin bir listesini sağlar .",0
Ama küçük bir dere vardı ve bir bakıma büyük bir alan değildi ama mükemmel bir yuvarlak ağaç vardı,0
"Supposed to be RF/EMI shielded, but I had more problems with this cable getting sensitive equipment to run right then I did with an Anker cable with some beads clipped onto it. Crap cable for it's marketed purpose.",1
"The citronella component is the most effective, but I bought two collars and you have to change the batteries more frequently than I thought. Also after 1.5 months of use the citronella sprayer doesn't work, but the electric shock does. Will not buy again.",1
"O , kiracılar , ev sahipleri değişiklik yapmak zorunda kalmadan önce sık sık sorunlarını mahkemeye olmalı gerektiğini söyledi .",0
the kid loves it very much! definitely help develop kid's intelligence,1
"I'm not actually sure these do anything. I've had them in my apartment for 3 months now and I still see spiders and centipedes. Maybe it keeps some away, but the last spider I saw was only a few inches away from the device. I'm not totally sold on the product but I still have them plugged in.",1
Yaaa sen hangi ara işin var şimdi okula gittin ve,0
Hiç bir şey. iki peni başını salladı .,0
I am giving this two stars because I got the wrong size and i am in the process of returning. I ordered a small and received an XL. The bathing suit itself is very pretty and would have been perfect for my vacation in July.,1
Beautiful kit glad I bought It !,1
"Bir bombay görünüyor sanırım bunu tarif edecek en yakın şey , cadılar bayramı kedileri ' nin karikatür görmüş olmanız",0
Flimsy and cheap fabric poorly made started unraveling within 20 minutes.Slip with dress to small and does not stay put,1
"kinda big and long earring, cute and great quality!, loved it!",1
Valla bence daha çok var biliyorsun halk ofisinde kesinlikle daha fazla kadın var ah bence bir kadın görmek çok uzun zaman olacak başkan ah bence önümüzdeki on yıl içinde böyle bir şey olmayacak ben don,0
"Ekonomistler , yaşlandıkça tarzlarını ve görüşlerini değiştirir ; mundell çoğundan daha fazla değişti .",0
"-- Gary R ' nin ifadesi . Bachula , teknoloji için sekreter , ticaret bölümü , 19 Haziran 1997 ' de ev bilim Alt Komitesi ' nden önce .",0
Yaaa bira içerim,0
"Farklı senaryolar tarafından önerilen elektrik nesil değişikliklerin büyüklüğünü anlamak için daha eksiksiz bir bağlam sağlamak için , aşağıdaki figür , hem tarihi hem de öngörülen trendleri ülkenin elektrik nesil gösteriyor .",0
